2025-09-30 12:12:15,666 - INFO - Using hmmlearn backend for HMM
2025-09-30 12:12:15,681 - INFO - Computing technical features
2025-09-30 12:12:15,692 - WARNING - Input OHLC data failed validation checks
2025-09-30 12:12:15,723 - INFO - Features computed. Dropped 20 rows with NaN
2025-09-30 12:12:15,724 - INFO - Final feature matrix shape: (80, 5)
2025-09-30 12:13:07,193 - INFO - Using hmmlearn backend for HMM
2025-09-30 12:13:07,218 - INFO - Computing technical features
2025-09-30 12:13:07,245 - INFO - Features computed. Dropped 20 rows with NaN
2025-09-30 12:13:07,246 - INFO - Final feature matrix shape: (280, 5)
2025-09-30 12:13:07,255 - INFO - Computing technical features
2025-09-30 12:13:07,279 - INFO - Features computed. Dropped 20 rows with NaN
2025-09-30 12:13:07,298 - INFO - Final feature matrix shape: (280, 5)
2025-09-30 12:13:07,338 - INFO - Fitting HMM model with 3 states
2025-09-30 12:13:10,211 - INFO - Model fitted. Log-likelihood: -1348.0322
2025-09-30 12:13:10,213 - INFO - Fitting HMM model with 3 states
2025-09-30 12:13:10,585 - INFO - Model fitted. Log-likelihood: -1348.0322
2025-09-30 12:13:10,595 - INFO - Fitting HMM model with 3 states
2025-09-30 12:13:10,997 - INFO - Model fitted. Log-likelihood: -1348.0322
2025-09-30 12:13:10,998 - INFO - Fitting HMM model with 3 states
2025-09-30 12:13:11,417 - INFO - Model fitted. Log-likelihood: -1348.0322
2025-09-30 12:13:11,427 - INFO - Computing technical features
2025-09-30 12:13:11,460 - INFO - Features computed. Dropped 20 rows with NaN
2025-09-30 12:13:11,462 - INFO - Final feature matrix shape: (480, 5)
2025-09-30 12:13:11,466 - INFO - Fitting HMM model with 3 states
2025-09-30 12:13:11,694 - INFO - Model fitted. Log-likelihood: 2464.7390
2025-09-30 12:13:11,764 - INFO - Fitting HMM model with 2 states
2025-09-30 12:13:12,665 - INFO - Model fitted. Log-likelihood: -402.8068
2025-09-30 12:13:12,678 - INFO - Model saved to C:\Users\Thing\AppData\Local\Temp\tmplhmeg63t\test_model.joblib
2025-09-30 12:13:12,713 - INFO - Model loaded from C:\Users\Thing\AppData\Local\Temp\tmplhmeg63t\test_model.joblib
2025-09-30 12:14:33,036 - INFO - Using hmmlearn backend for HMM
2025-09-30 12:14:52,627 - INFO - vectorbt available for advanced backtesting
2025-09-30 12:14:52,676 - INFO - Computing technical features
2025-09-30 12:14:52,748 - INFO - Features computed. Dropped 20 rows with NaN
2025-09-30 12:14:52,751 - INFO - Final feature matrix shape: (480, 5)
2025-09-30 12:14:52,780 - INFO - Fitting HMM model with 3 states
2025-09-30 12:14:55,507 - INFO - Model fitted. Log-likelihood: -1922.7946
2025-09-30 12:14:55,562 - INFO - Loaded model from models\demo_model.joblib
2025-09-30 12:27:10,228 - INFO - Computing technical features
2025-09-30 12:27:10,230 - WARNING - Input OHLC data failed validation checks
2025-09-30 12:27:10,244 - INFO - Features computed. Dropped 20 rows with NaN
2025-09-30 12:27:10,244 - INFO - Final feature matrix shape: (80, 5)
2025-09-30 12:27:10,518 - INFO - Using hmmlearn backend for HMM
2025-09-30 12:27:10,520 - INFO - Fitting HMM model with 2 states
2025-09-30 12:27:12,824 - INFO - Model fitted. Log-likelihood: -399.0454
2025-10-03 12:00:31,278 - INFO - Using hmmlearn backend for HMM
2025-10-03 12:00:31,328 - INFO - Computing technical features
2025-10-03 12:00:31,337 - WARNING - Input OHLC data failed validation checks
2025-10-03 12:00:31,353 - INFO - Features computed. Dropped 20 rows with NaN
2025-10-03 12:00:31,354 - INFO - Final feature matrix shape: (80, 5)
2025-10-03 12:02:03,657 - INFO - Fetching data for 3 symbols
2025-10-03 12:02:03,657 - INFO - Processing EUR/USD (1/3)
2025-10-03 12:02:03,658 - INFO - Fetching data for EUR/USD
2025-10-03 12:02:03,658 - INFO - Making API request (attempt 1/5)
2025-10-03 12:02:08,103 - INFO - Saved raw data: data\raw\EUR_USD\EUR_USD_20251003T120208Z.json
2025-10-03 12:02:09,673 - ERROR - Failed to fetch data for EUR/USD: Unable to find a usable engine; tried using: 'pyarrow', 'fastparquet'.
A suitable version of pyarrow or fastparquet is required for parquet support.
Trying to import the above resulted in these errors:
 - Missing optional dependency 'pyarrow'. pyarrow is required for parquet support. Use pip or conda to install pyarrow.
 - Missing optional dependency 'fastparquet'. fastparquet is required for parquet support. Use pip or conda to install fastparquet.
2025-10-03 12:02:09,674 - INFO - Processing USD/JPY (2/3)
2025-10-03 12:02:09,674 - INFO - Fetching data for USD/JPY
2025-10-03 12:02:09,675 - INFO - Making API request (attempt 1/5)
2025-10-03 12:02:11,304 - INFO - Saved raw data: data\raw\USD_JPY\USD_JPY_20251003T120211Z.json
2025-10-03 12:02:12,834 - ERROR - Failed to fetch data for USD/JPY: Unable to find a usable engine; tried using: 'pyarrow', 'fastparquet'.
A suitable version of pyarrow or fastparquet is required for parquet support.
Trying to import the above resulted in these errors:
 - Missing optional dependency 'pyarrow'. pyarrow is required for parquet support. Use pip or conda to install pyarrow.
 - Missing optional dependency 'fastparquet'. fastparquet is required for parquet support. Use pip or conda to install fastparquet.
2025-10-03 12:02:12,835 - INFO - Processing GBP/USD (3/3)
2025-10-03 12:02:12,835 - INFO - Fetching data for GBP/USD
2025-10-03 12:02:12,836 - INFO - Making API request (attempt 1/5)
2025-10-03 12:02:16,651 - INFO - Saved raw data: data\raw\GBP_USD\GBP_USD_20251003T120216Z.json
2025-10-03 12:02:18,143 - ERROR - Failed to fetch data for GBP/USD: Unable to find a usable engine; tried using: 'pyarrow', 'fastparquet'.
A suitable version of pyarrow or fastparquet is required for parquet support.
Trying to import the above resulted in these errors:
 - Missing optional dependency 'pyarrow'. pyarrow is required for parquet support. Use pip or conda to install pyarrow.
 - Missing optional dependency 'fastparquet'. fastparquet is required for parquet support. Use pip or conda to install fastparquet.
2025-10-03 12:02:18,143 - INFO - Successfully fetched data for 0 symbols
2025-10-03 12:06:04,747 - INFO - Making API request (attempt 1/2)
2025-10-03 12:07:03,488 - INFO - Fetching data for 3 symbols
2025-10-03 12:07:03,489 - INFO - Processing EUR/USD (1/3)
2025-10-03 12:07:03,489 - INFO - Fetching data for EUR/USD
2025-10-03 12:07:03,506 - INFO - Making API request (attempt 1/5)
2025-10-03 12:07:06,035 - INFO - Saved raw data: data\raw\EUR_USD\EUR_USD_20251003T120705Z.json
2025-10-03 12:07:07,730 - ERROR - Failed to fetch data for EUR/USD: Unable to find a usable engine; tried using: 'pyarrow', 'fastparquet'.
A suitable version of pyarrow or fastparquet is required for parquet support.
Trying to import the above resulted in these errors:
 - Missing optional dependency 'pyarrow'. pyarrow is required for parquet support. Use pip or conda to install pyarrow.
 - Missing optional dependency 'fastparquet'. fastparquet is required for parquet support. Use pip or conda to install fastparquet.
2025-10-03 12:07:07,731 - INFO - Processing USD/JPY (2/3)
2025-10-03 12:07:07,731 - INFO - Fetching data for USD/JPY
2025-10-03 12:07:07,731 - INFO - Making API request (attempt 1/5)
2025-10-03 12:07:09,197 - INFO - Saved raw data: data\raw\USD_JPY\USD_JPY_20251003T120709Z.json
2025-10-03 12:07:10,700 - ERROR - Failed to fetch data for USD/JPY: Unable to find a usable engine; tried using: 'pyarrow', 'fastparquet'.
A suitable version of pyarrow or fastparquet is required for parquet support.
Trying to import the above resulted in these errors:
 - Missing optional dependency 'pyarrow'. pyarrow is required for parquet support. Use pip or conda to install pyarrow.
 - Missing optional dependency 'fastparquet'. fastparquet is required for parquet support. Use pip or conda to install fastparquet.
2025-10-03 12:07:10,701 - INFO - Processing GBP/USD (3/3)
2025-10-03 12:07:10,702 - INFO - Fetching data for GBP/USD
2025-10-03 12:07:10,702 - INFO - Making API request (attempt 1/5)
2025-10-03 12:07:14,598 - INFO - Saved raw data: data\raw\GBP_USD\GBP_USD_20251003T120714Z.json
2025-10-03 12:07:16,135 - ERROR - Failed to fetch data for GBP/USD: Unable to find a usable engine; tried using: 'pyarrow', 'fastparquet'.
A suitable version of pyarrow or fastparquet is required for parquet support.
Trying to import the above resulted in these errors:
 - Missing optional dependency 'pyarrow'. pyarrow is required for parquet support. Use pip or conda to install pyarrow.
 - Missing optional dependency 'fastparquet'. fastparquet is required for parquet support. Use pip or conda to install fastparquet.
2025-10-03 12:07:16,136 - INFO - Successfully fetched data for 0 symbols
2025-10-03 12:08:38,666 - INFO - Fetching data for 3 symbols
2025-10-03 12:08:38,666 - INFO - Processing EUR/USD (1/3)
2025-10-03 12:08:38,667 - INFO - Fetching data for EUR/USD
2025-10-03 12:08:38,668 - INFO - Making API request (attempt 1/5)
2025-10-03 12:08:43,551 - INFO - Saved raw data: data\raw\EUR_USD\EUR_USD_20251003T120843Z.json
2025-10-03 12:08:48,671 - INFO - Saved processed data: data\raw\EUR_USD\EUR_USD_20251003T120843Z.csv and data\raw\EUR_USD\EUR_USD_20251003T120843Z.parquet
2025-10-03 12:08:48,673 - INFO - Data shape: (5000, 5), Date range: 2006-08-03 00:00:00 to 2025-10-02 00:00:00
2025-10-03 12:09:00,674 - INFO - Processing USD/JPY (2/3)
2025-10-03 12:09:00,674 - INFO - Fetching data for USD/JPY
2025-10-03 12:09:00,675 - INFO - Making API request (attempt 1/5)
2025-10-03 12:09:02,251 - INFO - Saved raw data: data\raw\USD_JPY\USD_JPY_20251003T120902Z.json
2025-10-03 12:09:04,423 - INFO - Saved processed data: data\raw\USD_JPY\USD_JPY_20251003T120902Z.csv and data\raw\USD_JPY\USD_JPY_20251003T120902Z.parquet
2025-10-03 12:09:04,424 - INFO - Data shape: (5000, 5), Date range: 2006-08-03 00:00:00 to 2025-10-02 00:00:00
2025-10-03 12:09:16,425 - INFO - Processing GBP/USD (3/3)
2025-10-03 12:09:16,425 - INFO - Fetching data for GBP/USD
2025-10-03 12:09:16,426 - INFO - Making API request (attempt 1/5)
2025-10-03 12:09:20,353 - INFO - Saved raw data: data\raw\GBP_USD\GBP_USD_20251003T120920Z.json
2025-10-03 12:09:22,075 - INFO - Saved processed data: data\raw\GBP_USD\GBP_USD_20251003T120920Z.csv and data\raw\GBP_USD\GBP_USD_20251003T120920Z.parquet
2025-10-03 12:09:22,076 - INFO - Data shape: (5000, 5), Date range: 2006-08-03 00:00:00 to 2025-10-02 00:00:00
2025-10-03 12:09:34,077 - INFO - Successfully fetched data for 3 symbols
2025-10-03 12:16:55,710 - INFO - Using hmmlearn backend for HMM
2025-10-03 12:16:55,832 - INFO - Training HMM models for EUR/USD
2025-10-03 12:16:55,833 - INFO - Fetching data for EUR/USD
2025-10-03 12:16:55,833 - INFO - Making API request (attempt 1/5)
2025-10-03 12:16:59,363 - INFO - Saved raw data: data\raw\EUR_USD\EUR_USD_20251003T121659Z.json
2025-10-03 12:17:01,432 - INFO - Saved processed data: data\raw\EUR_USD\EUR_USD_20251003T121659Z.csv and data\raw\EUR_USD\EUR_USD_20251003T121659Z.parquet
2025-10-03 12:17:01,433 - INFO - Data shape: (5000, 5), Date range: 2006-08-03 00:00:00 to 2025-10-02 00:00:00
2025-10-03 12:17:13,434 - INFO - Computing technical features
2025-10-03 12:17:13,455 - INFO - Features computed. Dropped 20 rows with NaN
2025-10-03 12:17:13,456 - INFO - Final feature matrix shape: (4980, 5)
2025-10-03 12:17:13,456 - INFO - Starting rolling HMM training for EUR/USD
2025-10-03 12:17:13,457 - INFO - Window size: 252, Step size: 21
2025-10-03 12:17:13,457 - INFO - Training data: 4980 samples from 2006-08-31 00:00:00 to 2025-10-02 00:00:00
2025-10-03 12:17:13,458 - INFO - Training window 1: 2006-08-31 to 2007-08-17
2025-10-03 12:17:13,474 - INFO - Fitting HMM with 3 states on 252 samples
2025-10-03 12:17:13,474 - INFO - Fitting HMM model with 3 states
2025-10-03 12:17:18,175 - INFO - Model fitted. Log-likelihood: -1213.1241
2025-10-03 12:17:18,188 - INFO - Saved model artifact: models\hmm_EUR_USD_3_win252_end20070817.joblib
2025-10-03 12:17:18,188 - INFO - Window 1 complete. Train LL: -1213.1241
2025-10-03 12:17:18,189 - INFO - Training window 2: 2006-09-29 to 2007-09-17
2025-10-03 12:17:18,205 - INFO - Fitting HMM with 3 states on 252 samples
2025-10-03 12:17:18,205 - INFO - Fitting HMM model with 3 states
2025-10-03 12:17:18,277 - INFO - Model fitted. Log-likelihood: -1183.5535
2025-10-03 12:17:18,288 - INFO - Saved model artifact: models\hmm_EUR_USD_3_win252_end20070917.joblib
2025-10-03 12:17:18,288 - INFO - Window 2 complete. Train LL: -1183.5535
2025-10-03 12:17:18,289 - INFO - Training window 3: 2006-10-30 to 2007-10-16
2025-10-03 12:17:18,303 - INFO - Fitting HMM with 3 states on 252 samples
2025-10-03 12:17:18,303 - INFO - Fitting HMM model with 3 states
2025-10-03 12:17:18,419 - INFO - Model fitted. Log-likelihood: -1281.3557
2025-10-03 12:17:18,432 - INFO - Saved model artifact: models\hmm_EUR_USD_3_win252_end20071016.joblib
2025-10-03 12:17:18,432 - INFO - Window 3 complete. Train LL: -1281.3557
2025-10-03 12:17:18,432 - INFO - Training window 4: 2006-11-28 to 2007-11-14
2025-10-03 12:17:18,441 - INFO - Fitting HMM with 3 states on 252 samples
2025-10-03 12:17:18,442 - INFO - Fitting HMM model with 3 states
2025-10-03 12:17:18,511 - INFO - Model fitted. Log-likelihood: -1294.2758
2025-10-03 12:17:18,523 - INFO - Saved model artifact: models\hmm_EUR_USD_3_win252_end20071114.joblib
2025-10-03 12:17:18,524 - INFO - Window 4 complete. Train LL: -1294.2758
2025-10-03 12:17:18,525 - INFO - Training window 5: 2006-12-27 to 2007-12-13
2025-10-03 12:17:18,538 - INFO - Fitting HMM with 3 states on 252 samples
2025-10-03 12:17:18,538 - INFO - Fitting HMM model with 3 states
2025-10-03 12:17:18,597 - INFO - Model fitted. Log-likelihood: -1195.7549
2025-10-03 12:17:18,609 - INFO - Saved model artifact: models\hmm_EUR_USD_3_win252_end20071213.joblib
2025-10-03 12:17:18,610 - INFO - Window 5 complete. Train LL: -1195.7549
2025-10-03 12:17:18,611 - INFO - Training window 6: 2007-01-25 to 2008-01-11
2025-10-03 12:17:18,626 - INFO - Fitting HMM with 3 states on 252 samples
2025-10-03 12:17:18,627 - INFO - Fitting HMM model with 3 states
2025-10-03 12:17:18,721 - INFO - Model fitted. Log-likelihood: -1166.5301
2025-10-03 12:17:18,732 - INFO - Saved model artifact: models\hmm_EUR_USD_3_win252_end20080111.joblib
2025-10-03 12:17:18,732 - INFO - Window 6 complete. Train LL: -1166.5301
2025-10-03 12:17:18,732 - INFO - Training window 7: 2007-02-23 to 2008-02-11
2025-10-03 12:17:18,749 - INFO - Fitting HMM with 3 states on 252 samples
2025-10-03 12:17:18,749 - INFO - Fitting HMM model with 3 states
2025-10-03 12:17:18,876 - INFO - Model fitted. Log-likelihood: -1125.6353
2025-10-03 12:17:18,887 - INFO - Saved model artifact: models\hmm_EUR_USD_3_win252_end20080211.joblib
2025-10-03 12:17:18,888 - INFO - Window 7 complete. Train LL: -1125.6353
2025-10-03 12:17:18,888 - INFO - Training window 8: 2007-03-26 to 2008-03-11
2025-10-03 12:17:18,902 - INFO - Fitting HMM with 3 states on 252 samples
2025-10-03 12:17:18,902 - INFO - Fitting HMM model with 3 states
2025-10-03 12:17:18,982 - INFO - Model fitted. Log-likelihood: -1108.5193
2025-10-03 12:17:18,997 - INFO - Saved model artifact: models\hmm_EUR_USD_3_win252_end20080311.joblib
2025-10-03 12:17:18,998 - INFO - Window 8 complete. Train LL: -1108.5193
2025-10-03 12:17:18,998 - INFO - Training window 9: 2007-04-24 to 2008-04-09
2025-10-03 12:17:19,012 - INFO - Fitting HMM with 3 states on 252 samples
2025-10-03 12:17:19,012 - INFO - Fitting HMM model with 3 states
2025-10-03 12:17:19,082 - INFO - Model fitted. Log-likelihood: -1087.6559
2025-10-03 12:17:19,093 - INFO - Saved model artifact: models\hmm_EUR_USD_3_win252_end20080409.joblib
2025-10-03 12:17:19,094 - INFO - Window 9 complete. Train LL: -1087.6559
2025-10-03 12:17:19,094 - INFO - Training window 10: 2007-05-23 to 2008-05-08
2025-10-03 12:17:19,105 - INFO - Fitting HMM with 3 states on 252 samples
2025-10-03 12:17:19,105 - INFO - Fitting HMM model with 3 states
2025-10-03 12:17:19,198 - INFO - Model fitted. Log-likelihood: -1134.6387
2025-10-03 12:17:19,209 - INFO - Saved model artifact: models\hmm_EUR_USD_3_win252_end20080508.joblib
2025-10-03 12:17:19,210 - INFO - Window 10 complete. Train LL: -1134.6387
2025-10-03 12:17:19,211 - INFO - Training window 11: 2007-06-21 to 2008-06-06
2025-10-03 12:17:19,221 - INFO - Fitting HMM with 3 states on 252 samples
2025-10-03 12:17:19,221 - INFO - Fitting HMM model with 3 states
2025-10-03 12:17:19,325 - INFO - Model fitted. Log-likelihood: -1187.1551
2025-10-03 12:17:19,336 - INFO - Saved model artifact: models\hmm_EUR_USD_3_win252_end20080606.joblib
2025-10-03 12:17:19,336 - INFO - Window 11 complete. Train LL: -1187.1551
2025-10-03 12:17:19,337 - INFO - Training window 12: 2007-07-20 to 2008-07-07
2025-10-03 12:17:19,353 - INFO - Fitting HMM with 3 states on 252 samples
2025-10-03 12:17:19,353 - INFO - Fitting HMM model with 3 states
2025-10-03 12:17:19,454 - INFO - Model fitted. Log-likelihood: -1251.5585
2025-10-03 12:17:19,467 - INFO - Saved model artifact: models\hmm_EUR_USD_3_win252_end20080707.joblib
2025-10-03 12:17:19,468 - INFO - Window 12 complete. Train LL: -1251.5585
2025-10-03 12:17:19,470 - INFO - Training window 13: 2007-08-20 to 2008-08-05
2025-10-03 12:17:19,486 - INFO - Fitting HMM with 3 states on 252 samples
2025-10-03 12:17:19,486 - INFO - Fitting HMM model with 3 states
2025-10-03 12:17:19,550 - INFO - Model fitted. Log-likelihood: -1262.6000
2025-10-03 12:17:19,566 - INFO - Saved model artifact: models\hmm_EUR_USD_3_win252_end20080805.joblib
2025-10-03 12:17:19,567 - INFO - Window 13 complete. Train LL: -1262.6000
2025-10-03 12:17:19,567 - INFO - Training window 14: 2007-09-18 to 2008-09-03
2025-10-03 12:17:19,584 - INFO - Fitting HMM with 3 states on 252 samples
2025-10-03 12:17:19,584 - INFO - Fitting HMM model with 3 states
2025-10-03 12:17:19,690 - INFO - Model fitted. Log-likelihood: -1138.4399
2025-10-03 12:17:19,701 - INFO - Saved model artifact: models\hmm_EUR_USD_3_win252_end20080903.joblib
2025-10-03 12:17:19,701 - INFO - Window 14 complete. Train LL: -1138.4399
2025-10-03 12:17:19,702 - INFO - Training window 15: 2007-10-17 to 2008-10-02
2025-10-03 12:17:19,721 - INFO - Fitting HMM with 3 states on 252 samples
2025-10-03 12:17:19,722 - INFO - Fitting HMM model with 3 states
2025-10-03 12:17:19,788 - INFO - Model fitted. Log-likelihood: -1093.3199
2025-10-03 12:17:19,800 - INFO - Saved model artifact: models\hmm_EUR_USD_3_win252_end20081002.joblib
2025-10-03 12:17:19,801 - INFO - Window 15 complete. Train LL: -1093.3199
2025-10-03 12:17:19,801 - INFO - Training window 16: 2007-11-15 to 2008-10-31
2025-10-03 12:17:19,817 - INFO - Fitting HMM with 3 states on 252 samples
2025-10-03 12:17:19,818 - INFO - Fitting HMM model with 3 states
2025-10-03 12:17:19,869 - INFO - Model fitted. Log-likelihood: -999.5383
2025-10-03 12:17:19,883 - INFO - Saved model artifact: models\hmm_EUR_USD_3_win252_end20081031.joblib
2025-10-03 12:17:19,884 - INFO - Window 16 complete. Train LL: -999.5383
2025-10-03 12:17:19,884 - INFO - Training window 17: 2007-12-14 to 2008-12-01
2025-10-03 12:17:19,899 - INFO - Fitting HMM with 3 states on 252 samples
2025-10-03 12:17:19,899 - INFO - Fitting HMM model with 3 states
2025-10-03 12:17:19,979 - WARNING - Model is not converging.  Current: -944.338268750419 is not greater than -944.3382094113671. Delta is -5.933905197252898e-05
2025-10-03 12:17:19,981 - INFO - Model fitted. Log-likelihood: -944.3384
2025-10-03 12:17:19,997 - INFO - Saved model artifact: models\hmm_EUR_USD_3_win252_end20081201.joblib
2025-10-03 12:17:19,999 - INFO - Window 17 complete. Train LL: -944.3384
2025-10-03 12:17:20,000 - INFO - Training window 18: 2008-01-14 to 2008-12-30
2025-10-03 12:17:20,014 - INFO - Fitting HMM with 3 states on 252 samples
2025-10-03 12:17:20,015 - INFO - Fitting HMM model with 3 states
2025-10-03 12:17:20,079 - INFO - Model fitted. Log-likelihood: -945.7711
2025-10-03 12:17:20,092 - INFO - Saved model artifact: models\hmm_EUR_USD_3_win252_end20081230.joblib
2025-10-03 12:17:20,093 - INFO - Window 18 complete. Train LL: -945.7711
2025-10-03 12:17:20,094 - INFO - Training window 19: 2008-02-12 to 2009-01-28
2025-10-03 12:17:20,107 - INFO - Fitting HMM with 3 states on 252 samples
2025-10-03 12:17:20,109 - INFO - Fitting HMM model with 3 states
2025-10-03 12:17:20,180 - INFO - Model fitted. Log-likelihood: -995.2491
2025-10-03 12:17:20,190 - INFO - Saved model artifact: models\hmm_EUR_USD_3_win252_end20090128.joblib
2025-10-03 12:17:20,191 - INFO - Window 19 complete. Train LL: -995.2491
2025-10-03 12:17:20,192 - INFO - Training window 20: 2008-03-12 to 2009-02-26
2025-10-03 12:17:20,206 - INFO - Fitting HMM with 3 states on 252 samples
2025-10-03 12:17:20,206 - INFO - Fitting HMM model with 3 states
2025-10-03 12:17:20,277 - INFO - Model fitted. Log-likelihood: -1089.3193
2025-10-03 12:17:20,288 - INFO - Saved model artifact: models\hmm_EUR_USD_3_win252_end20090226.joblib
2025-10-03 12:17:20,288 - INFO - Window 20 complete. Train LL: -1089.3193
2025-10-03 12:17:20,289 - INFO - Training window 21: 2008-04-10 to 2009-03-27
2025-10-03 12:17:20,301 - INFO - Fitting HMM with 3 states on 252 samples
2025-10-03 12:17:20,302 - INFO - Fitting HMM model with 3 states
2025-10-03 12:17:20,377 - INFO - Model fitted. Log-likelihood: -1021.9597
2025-10-03 12:17:20,390 - INFO - Saved model artifact: models\hmm_EUR_USD_3_win252_end20090327.joblib
2025-10-03 12:17:20,390 - INFO - Window 21 complete. Train LL: -1021.9597
2025-10-03 12:17:20,392 - INFO - Training window 22: 2008-05-09 to 2009-04-27
2025-10-03 12:17:20,407 - INFO - Fitting HMM with 3 states on 252 samples
2025-10-03 12:17:20,409 - INFO - Fitting HMM model with 3 states
2025-10-03 12:17:20,495 - INFO - Model fitted. Log-likelihood: -1151.8843
2025-10-03 12:17:20,505 - INFO - Saved model artifact: models\hmm_EUR_USD_3_win252_end20090427.joblib
2025-10-03 12:17:20,506 - INFO - Window 22 complete. Train LL: -1151.8843
2025-10-03 12:17:20,506 - INFO - Training window 23: 2008-06-09 to 2009-05-26
2025-10-03 12:17:20,521 - INFO - Fitting HMM with 3 states on 252 samples
2025-10-03 12:17:20,521 - INFO - Fitting HMM model with 3 states
2025-10-03 12:17:20,704 - INFO - Model fitted. Log-likelihood: -1128.8263
2025-10-03 12:17:20,716 - INFO - Saved model artifact: models\hmm_EUR_USD_3_win252_end20090526.joblib
2025-10-03 12:17:20,716 - INFO - Window 23 complete. Train LL: -1128.8263
2025-10-03 12:17:20,717 - INFO - Training window 24: 2008-07-08 to 2009-06-24
2025-10-03 12:17:20,734 - INFO - Fitting HMM with 3 states on 252 samples
2025-10-03 12:17:20,734 - INFO - Fitting HMM model with 3 states
2025-10-03 12:17:20,800 - INFO - Model fitted. Log-likelihood: -1197.7593
2025-10-03 12:17:20,811 - INFO - Saved model artifact: models\hmm_EUR_USD_3_win252_end20090624.joblib
2025-10-03 12:17:20,812 - INFO - Window 24 complete. Train LL: -1197.7593
2025-10-03 12:17:20,812 - INFO - Training window 25: 2008-08-06 to 2009-07-23
2025-10-03 12:17:20,824 - INFO - Fitting HMM with 3 states on 252 samples
2025-10-03 12:17:20,825 - INFO - Fitting HMM model with 3 states
2025-10-03 12:17:20,887 - INFO - Model fitted. Log-likelihood: -1172.3786
2025-10-03 12:17:20,899 - INFO - Saved model artifact: models\hmm_EUR_USD_3_win252_end20090723.joblib
2025-10-03 12:17:20,899 - INFO - Window 25 complete. Train LL: -1172.3786
2025-10-03 12:17:20,900 - INFO - Training window 26: 2008-09-04 to 2009-08-21
2025-10-03 12:17:20,916 - INFO - Fitting HMM with 3 states on 252 samples
2025-10-03 12:17:20,916 - INFO - Fitting HMM model with 3 states
2025-10-03 12:17:20,977 - INFO - Model fitted. Log-likelihood: -1166.1608
2025-10-03 12:17:20,988 - INFO - Saved model artifact: models\hmm_EUR_USD_3_win252_end20090821.joblib
2025-10-03 12:17:20,989 - INFO - Window 26 complete. Train LL: -1166.1608
2025-10-03 12:17:20,989 - INFO - Training window 27: 2008-10-03 to 2009-09-21
2025-10-03 12:17:21,006 - INFO - Fitting HMM with 3 states on 252 samples
2025-10-03 12:17:21,006 - INFO - Fitting HMM model with 3 states
2025-10-03 12:17:21,067 - INFO - Model fitted. Log-likelihood: -1060.3006
2025-10-03 12:17:21,080 - INFO - Saved model artifact: models\hmm_EUR_USD_3_win252_end20090921.joblib
2025-10-03 12:17:21,081 - INFO - Window 27 complete. Train LL: -1060.3006
2025-10-03 12:17:21,081 - INFO - Training window 28: 2008-11-03 to 2009-10-20
2025-10-03 12:17:21,091 - INFO - Fitting HMM with 3 states on 252 samples
2025-10-03 12:17:21,092 - INFO - Fitting HMM model with 3 states
2025-10-03 12:17:21,197 - INFO - Model fitted. Log-likelihood: -1094.5346
2025-10-03 12:17:21,207 - INFO - Saved model artifact: models\hmm_EUR_USD_3_win252_end20091020.joblib
2025-10-03 12:17:21,208 - INFO - Window 28 complete. Train LL: -1094.5346
2025-10-03 12:17:21,209 - INFO - Training window 29: 2008-12-02 to 2009-11-18
2025-10-03 12:17:21,229 - INFO - Fitting HMM with 3 states on 252 samples
2025-10-03 12:17:21,230 - INFO - Fitting HMM model with 3 states
2025-10-03 12:17:21,332 - INFO - Model fitted. Log-likelihood: -1021.5043
2025-10-03 12:17:21,345 - INFO - Saved model artifact: models\hmm_EUR_USD_3_win252_end20091118.joblib
2025-10-03 12:17:21,346 - INFO - Window 29 complete. Train LL: -1021.5043
2025-10-03 12:17:21,347 - INFO - Training window 30: 2008-12-31 to 2009-12-17
2025-10-03 12:17:21,356 - INFO - Fitting HMM with 3 states on 252 samples
2025-10-03 12:17:21,356 - INFO - Fitting HMM model with 3 states
2025-10-03 12:17:21,423 - INFO - Model fitted. Log-likelihood: -1050.3841
2025-10-03 12:17:21,434 - INFO - Saved model artifact: models\hmm_EUR_USD_3_win252_end20091217.joblib
2025-10-03 12:17:21,435 - INFO - Window 30 complete. Train LL: -1050.3841
2025-10-03 12:17:21,435 - INFO - Training window 31: 2009-01-29 to 2010-01-15
2025-10-03 12:17:21,450 - INFO - Fitting HMM with 3 states on 252 samples
2025-10-03 12:17:21,450 - INFO - Fitting HMM model with 3 states
2025-10-03 12:17:21,523 - INFO - Model fitted. Log-likelihood: -1236.0186
2025-10-03 12:17:21,535 - INFO - Saved model artifact: models\hmm_EUR_USD_3_win252_end20100115.joblib
2025-10-03 12:17:21,535 - INFO - Window 31 complete. Train LL: -1236.0186
2025-10-03 12:17:21,535 - INFO - Training window 32: 2009-02-27 to 2010-02-15
2025-10-03 12:17:21,553 - INFO - Fitting HMM with 3 states on 252 samples
2025-10-03 12:17:21,554 - INFO - Fitting HMM model with 3 states
2025-10-03 12:17:21,639 - INFO - Model fitted. Log-likelihood: -1286.8772
2025-10-03 12:17:21,649 - INFO - Saved model artifact: models\hmm_EUR_USD_3_win252_end20100215.joblib
2025-10-03 12:17:21,649 - INFO - Window 32 complete. Train LL: -1286.8772
2025-10-03 12:17:21,650 - INFO - Training window 33: 2009-03-30 to 2010-03-16
2025-10-03 12:17:21,666 - INFO - Fitting HMM with 3 states on 252 samples
2025-10-03 12:17:21,667 - INFO - Fitting HMM model with 3 states
2025-10-03 12:17:21,721 - INFO - Model fitted. Log-likelihood: -1172.6978
2025-10-03 12:17:21,735 - INFO - Saved model artifact: models\hmm_EUR_USD_3_win252_end20100316.joblib
2025-10-03 12:17:21,736 - INFO - Window 33 complete. Train LL: -1172.6978
2025-10-03 12:17:21,736 - INFO - Training window 34: 2009-04-28 to 2010-04-14
2025-10-03 12:17:21,754 - INFO - Fitting HMM with 3 states on 252 samples
2025-10-03 12:17:21,755 - INFO - Fitting HMM model with 3 states
2025-10-03 12:17:21,834 - INFO - Model fitted. Log-likelihood: -1161.7800
2025-10-03 12:17:21,847 - INFO - Saved model artifact: models\hmm_EUR_USD_3_win252_end20100414.joblib
2025-10-03 12:17:21,847 - INFO - Window 34 complete. Train LL: -1161.7800
2025-10-03 12:17:21,848 - INFO - Training window 35: 2009-05-27 to 2010-05-13
2025-10-03 12:17:21,857 - INFO - Fitting HMM with 3 states on 252 samples
2025-10-03 12:17:21,857 - INFO - Fitting HMM model with 3 states
2025-10-03 12:17:22,155 - INFO - Model fitted. Log-likelihood: -1211.6456
2025-10-03 12:17:22,165 - INFO - Saved model artifact: models\hmm_EUR_USD_3_win252_end20100513.joblib
2025-10-03 12:17:22,165 - INFO - Window 35 complete. Train LL: -1211.6456
2025-10-03 12:17:22,166 - INFO - Training window 36: 2009-06-25 to 2010-06-11
2025-10-03 12:17:22,183 - INFO - Fitting HMM with 3 states on 252 samples
2025-10-03 12:17:22,183 - INFO - Fitting HMM model with 3 states
2025-10-03 12:17:22,501 - INFO - Model fitted. Log-likelihood: -1288.5917
2025-10-03 12:17:22,511 - INFO - Saved model artifact: models\hmm_EUR_USD_3_win252_end20100611.joblib
2025-10-03 12:17:22,511 - INFO - Window 36 complete. Train LL: -1288.5917
2025-10-03 12:17:22,512 - INFO - Training window 37: 2009-07-24 to 2010-07-12
2025-10-03 12:17:22,524 - INFO - Fitting HMM with 3 states on 252 samples
2025-10-03 12:17:22,526 - INFO - Fitting HMM model with 3 states
2025-10-03 12:17:22,579 - INFO - Model fitted. Log-likelihood: -1099.8451
2025-10-03 12:17:22,588 - INFO - Saved model artifact: models\hmm_EUR_USD_3_win252_end20100712.joblib
2025-10-03 12:17:22,589 - INFO - Window 37 complete. Train LL: -1099.8451
2025-10-03 12:17:22,589 - INFO - Training window 38: 2009-08-24 to 2010-08-10
2025-10-03 12:17:22,601 - INFO - Fitting HMM with 3 states on 252 samples
2025-10-03 12:17:22,602 - INFO - Fitting HMM model with 3 states
2025-10-03 12:17:22,673 - INFO - Model fitted. Log-likelihood: -1092.4866
2025-10-03 12:17:22,687 - INFO - Saved model artifact: models\hmm_EUR_USD_3_win252_end20100810.joblib
2025-10-03 12:17:22,687 - INFO - Window 38 complete. Train LL: -1092.4866
2025-10-03 12:17:22,688 - INFO - Training window 39: 2009-09-22 to 2010-09-08
2025-10-03 12:17:22,710 - INFO - Fitting HMM with 3 states on 252 samples
2025-10-03 12:17:22,711 - INFO - Fitting HMM model with 3 states
2025-10-03 12:17:22,773 - INFO - Model fitted. Log-likelihood: -1155.7479
2025-10-03 12:17:22,784 - INFO - Saved model artifact: models\hmm_EUR_USD_3_win252_end20100908.joblib
2025-10-03 12:17:22,785 - INFO - Window 39 complete. Train LL: -1155.7479
2025-10-03 12:17:22,785 - INFO - Training window 40: 2009-10-21 to 2010-10-07
2025-10-03 12:17:22,802 - INFO - Fitting HMM with 3 states on 252 samples
2025-10-03 12:17:22,803 - INFO - Fitting HMM model with 3 states
2025-10-03 12:17:22,950 - INFO - Model fitted. Log-likelihood: -1167.0301
2025-10-03 12:17:22,960 - INFO - Saved model artifact: models\hmm_EUR_USD_3_win252_end20101007.joblib
2025-10-03 12:17:22,961 - INFO - Window 40 complete. Train LL: -1167.0301
2025-10-03 12:17:22,961 - INFO - Training window 41: 2009-11-19 to 2010-11-05
2025-10-03 12:17:22,971 - INFO - Fitting HMM with 3 states on 252 samples
2025-10-03 12:17:22,971 - INFO - Fitting HMM model with 3 states
2025-10-03 12:17:23,040 - INFO - Model fitted. Log-likelihood: -1140.0198
2025-10-03 12:17:23,054 - INFO - Saved model artifact: models\hmm_EUR_USD_3_win252_end20101105.joblib
2025-10-03 12:17:23,054 - INFO - Window 41 complete. Train LL: -1140.0198
2025-10-03 12:17:23,055 - INFO - Training window 42: 2009-12-18 to 2010-12-06
2025-10-03 12:17:23,072 - INFO - Fitting HMM with 3 states on 252 samples
2025-10-03 12:17:23,072 - INFO - Fitting HMM model with 3 states
2025-10-03 12:17:23,145 - WARNING - Model is not converging.  Current: -1123.3958683423364 is not greater than -1123.3958576033353. Delta is -1.0739001027104678e-05
2025-10-03 12:17:23,147 - INFO - Model fitted. Log-likelihood: -1123.3959
2025-10-03 12:17:23,159 - INFO - Saved model artifact: models\hmm_EUR_USD_3_win252_end20101206.joblib
2025-10-03 12:17:23,159 - INFO - Window 42 complete. Train LL: -1123.3959
2025-10-03 12:17:23,160 - INFO - Training window 43: 2010-01-18 to 2011-01-04
2025-10-03 12:17:23,174 - INFO - Fitting HMM with 3 states on 252 samples
2025-10-03 12:17:23,176 - INFO - Fitting HMM model with 3 states
2025-10-03 12:17:23,276 - INFO - Model fitted. Log-likelihood: -1149.0092
2025-10-03 12:17:23,288 - INFO - Saved model artifact: models\hmm_EUR_USD_3_win252_end20110104.joblib
2025-10-03 12:17:23,290 - INFO - Window 43 complete. Train LL: -1149.0092
2025-10-03 12:17:23,293 - INFO - Training window 44: 2010-02-16 to 2011-02-02
2025-10-03 12:17:23,306 - INFO - Fitting HMM with 3 states on 252 samples
2025-10-03 12:17:23,307 - INFO - Fitting HMM model with 3 states
2025-10-03 12:17:23,377 - INFO - Model fitted. Log-likelihood: -1123.4253
2025-10-03 12:17:23,388 - INFO - Saved model artifact: models\hmm_EUR_USD_3_win252_end20110202.joblib
2025-10-03 12:17:23,388 - INFO - Window 44 complete. Train LL: -1123.4253
2025-10-03 12:17:23,389 - INFO - Training window 45: 2010-03-17 to 2011-03-03
2025-10-03 12:17:23,405 - INFO - Fitting HMM with 3 states on 252 samples
2025-10-03 12:17:23,406 - INFO - Fitting HMM model with 3 states
2025-10-03 12:17:23,503 - INFO - Model fitted. Log-likelihood: -1177.7068
2025-10-03 12:17:23,515 - INFO - Saved model artifact: models\hmm_EUR_USD_3_win252_end20110303.joblib
2025-10-03 12:17:23,515 - INFO - Window 45 complete. Train LL: -1177.7068
2025-10-03 12:17:23,516 - INFO - Training window 46: 2010-04-15 to 2011-04-01
2025-10-03 12:17:23,532 - INFO - Fitting HMM with 3 states on 252 samples
2025-10-03 12:17:23,532 - INFO - Fitting HMM model with 3 states
2025-10-03 12:17:23,596 - INFO - Model fitted. Log-likelihood: -1197.7183
2025-10-03 12:17:23,607 - INFO - Saved model artifact: models\hmm_EUR_USD_3_win252_end20110401.joblib
2025-10-03 12:17:23,607 - INFO - Window 46 complete. Train LL: -1197.7183
2025-10-03 12:17:23,609 - INFO - Training window 47: 2010-05-14 to 2011-05-02
2025-10-03 12:17:23,626 - INFO - Fitting HMM with 3 states on 252 samples
2025-10-03 12:17:23,627 - INFO - Fitting HMM model with 3 states
2025-10-03 12:17:23,734 - INFO - Model fitted. Log-likelihood: -1143.4449
2025-10-03 12:17:23,744 - INFO - Saved model artifact: models\hmm_EUR_USD_3_win252_end20110502.joblib
2025-10-03 12:17:23,746 - INFO - Window 47 complete. Train LL: -1143.4449
2025-10-03 12:17:23,747 - INFO - Training window 48: 2010-06-14 to 2011-05-31
2025-10-03 12:17:23,757 - INFO - Fitting HMM with 3 states on 252 samples
2025-10-03 12:17:23,758 - INFO - Fitting HMM model with 3 states
2025-10-03 12:17:23,910 - INFO - Model fitted. Log-likelihood: -1143.5779
2025-10-03 12:17:23,919 - INFO - Saved model artifact: models\hmm_EUR_USD_3_win252_end20110531.joblib
2025-10-03 12:17:23,919 - INFO - Window 48 complete. Train LL: -1143.5779
2025-10-03 12:17:23,919 - INFO - Training window 49: 2010-07-13 to 2011-06-29
2025-10-03 12:17:23,938 - INFO - Fitting HMM with 3 states on 252 samples
2025-10-03 12:17:23,938 - INFO - Fitting HMM model with 3 states
2025-10-03 12:17:24,071 - INFO - Model fitted. Log-likelihood: -1177.8153
2025-10-03 12:17:24,083 - INFO - Saved model artifact: models\hmm_EUR_USD_3_win252_end20110629.joblib
2025-10-03 12:17:24,083 - INFO - Window 49 complete. Train LL: -1177.8153
2025-10-03 12:17:24,084 - INFO - Training window 50: 2010-08-11 to 2011-07-28
2025-10-03 12:17:24,099 - INFO - Fitting HMM with 3 states on 252 samples
2025-10-03 12:17:24,099 - INFO - Fitting HMM model with 3 states
2025-10-03 12:17:24,198 - INFO - Model fitted. Log-likelihood: -1178.5763
2025-10-03 12:17:24,211 - INFO - Saved model artifact: models\hmm_EUR_USD_3_win252_end20110728.joblib
2025-10-03 12:17:24,211 - INFO - Window 50 complete. Train LL: -1178.5763
2025-10-03 12:17:24,212 - INFO - Training window 51: 2010-09-09 to 2011-08-26
2025-10-03 12:17:24,223 - INFO - Fitting HMM with 3 states on 252 samples
2025-10-03 12:17:24,224 - INFO - Fitting HMM model with 3 states
2025-10-03 12:17:24,291 - INFO - Model fitted. Log-likelihood: -1180.1802
2025-10-03 12:17:24,303 - INFO - Saved model artifact: models\hmm_EUR_USD_3_win252_end20110826.joblib
2025-10-03 12:17:24,303 - INFO - Window 51 complete. Train LL: -1180.1802
2025-10-03 12:17:24,304 - INFO - Training window 52: 2010-10-08 to 2011-09-26
2025-10-03 12:17:24,320 - INFO - Fitting HMM with 3 states on 252 samples
2025-10-03 12:17:24,320 - INFO - Fitting HMM model with 3 states
2025-10-03 12:17:24,417 - INFO - Model fitted. Log-likelihood: -1251.9991
2025-10-03 12:17:24,430 - INFO - Saved model artifact: models\hmm_EUR_USD_3_win252_end20110926.joblib
2025-10-03 12:17:24,431 - INFO - Window 52 complete. Train LL: -1251.9991
2025-10-03 12:17:24,431 - INFO - Training window 53: 2010-11-08 to 2011-10-25
2025-10-03 12:17:24,444 - INFO - Fitting HMM with 3 states on 252 samples
2025-10-03 12:17:24,447 - INFO - Fitting HMM model with 3 states
2025-10-03 12:17:24,532 - INFO - Model fitted. Log-likelihood: -1202.3232
2025-10-03 12:17:24,545 - INFO - Saved model artifact: models\hmm_EUR_USD_3_win252_end20111025.joblib
2025-10-03 12:17:24,546 - INFO - Window 53 complete. Train LL: -1202.3232
2025-10-03 12:17:24,547 - INFO - Training window 54: 2010-12-07 to 2011-11-23
2025-10-03 12:17:24,557 - INFO - Fitting HMM with 3 states on 252 samples
2025-10-03 12:17:24,558 - INFO - Fitting HMM model with 3 states
2025-10-03 12:17:24,699 - INFO - Model fitted. Log-likelihood: -1245.1804
2025-10-03 12:17:24,710 - INFO - Saved model artifact: models\hmm_EUR_USD_3_win252_end20111123.joblib
2025-10-03 12:17:24,710 - INFO - Window 54 complete. Train LL: -1245.1804
2025-10-03 12:17:24,711 - INFO - Training window 55: 2011-01-05 to 2011-12-22
2025-10-03 12:17:24,721 - INFO - Fitting HMM with 3 states on 252 samples
2025-10-03 12:17:24,721 - INFO - Fitting HMM model with 3 states
2025-10-03 12:17:24,823 - INFO - Model fitted. Log-likelihood: -1229.9846
2025-10-03 12:17:24,835 - INFO - Saved model artifact: models\hmm_EUR_USD_3_win252_end20111222.joblib
2025-10-03 12:17:24,835 - INFO - Window 55 complete. Train LL: -1229.9846
2025-10-03 12:17:24,836 - INFO - Training window 56: 2011-02-03 to 2012-01-20
2025-10-03 12:17:24,852 - INFO - Fitting HMM with 3 states on 252 samples
2025-10-03 12:17:24,853 - INFO - Fitting HMM model with 3 states
2025-10-03 12:17:24,917 - INFO - Model fitted. Log-likelihood: -1281.6664
2025-10-03 12:17:24,930 - INFO - Saved model artifact: models\hmm_EUR_USD_3_win252_end20120120.joblib
2025-10-03 12:17:24,931 - INFO - Window 56 complete. Train LL: -1281.6664
2025-10-03 12:17:24,932 - INFO - Training window 57: 2011-03-04 to 2012-02-20
2025-10-03 12:17:24,950 - INFO - Fitting HMM with 3 states on 252 samples
2025-10-03 12:17:24,950 - INFO - Fitting HMM model with 3 states
2025-10-03 12:17:25,054 - INFO - Model fitted. Log-likelihood: -1223.5231
2025-10-03 12:17:25,067 - INFO - Saved model artifact: models\hmm_EUR_USD_3_win252_end20120220.joblib
2025-10-03 12:17:25,068 - INFO - Window 57 complete. Train LL: -1223.5231
2025-10-03 12:17:25,068 - INFO - Training window 58: 2011-04-04 to 2012-03-20
2025-10-03 12:17:25,087 - INFO - Fitting HMM with 3 states on 252 samples
2025-10-03 12:17:25,087 - INFO - Fitting HMM model with 3 states
2025-10-03 12:17:25,148 - INFO - Model fitted. Log-likelihood: -1234.4220
2025-10-03 12:17:25,161 - INFO - Saved model artifact: models\hmm_EUR_USD_3_win252_end20120320.joblib
2025-10-03 12:17:25,162 - INFO - Window 58 complete. Train LL: -1234.4220
2025-10-03 12:17:25,162 - INFO - Training window 59: 2011-05-03 to 2012-04-18
2025-10-03 12:17:25,172 - INFO - Fitting HMM with 3 states on 252 samples
2025-10-03 12:17:25,172 - INFO - Fitting HMM model with 3 states
2025-10-03 12:17:25,400 - INFO - Model fitted. Log-likelihood: -1371.2467
2025-10-03 12:17:25,409 - INFO - Saved model artifact: models\hmm_EUR_USD_3_win252_end20120418.joblib
2025-10-03 12:17:25,410 - INFO - Window 59 complete. Train LL: -1371.2467
2025-10-03 12:17:25,410 - INFO - Training window 60: 2011-06-01 to 2012-05-17
2025-10-03 12:17:25,420 - INFO - Fitting HMM with 3 states on 252 samples
2025-10-03 12:17:25,420 - INFO - Fitting HMM model with 3 states
2025-10-03 12:17:25,522 - INFO - Model fitted. Log-likelihood: -1226.0383
2025-10-03 12:17:25,534 - INFO - Saved model artifact: models\hmm_EUR_USD_3_win252_end20120517.joblib
2025-10-03 12:17:25,534 - INFO - Window 60 complete. Train LL: -1226.0383
2025-10-03 12:17:25,535 - INFO - Training window 61: 2011-06-30 to 2012-06-15
2025-10-03 12:17:25,552 - INFO - Fitting HMM with 3 states on 252 samples
2025-10-03 12:17:25,552 - INFO - Fitting HMM model with 3 states
2025-10-03 12:17:25,617 - INFO - Model fitted. Log-likelihood: -1238.4574
2025-10-03 12:17:25,630 - INFO - Saved model artifact: models\hmm_EUR_USD_3_win252_end20120615.joblib
2025-10-03 12:17:25,631 - INFO - Window 61 complete. Train LL: -1238.4574
2025-10-03 12:17:25,631 - INFO - Training window 62: 2011-07-29 to 2012-07-16
2025-10-03 12:17:25,640 - INFO - Fitting HMM with 3 states on 252 samples
2025-10-03 12:17:25,640 - INFO - Fitting HMM model with 3 states
2025-10-03 12:17:25,700 - INFO - Model fitted. Log-likelihood: -1223.4718
2025-10-03 12:17:25,712 - INFO - Saved model artifact: models\hmm_EUR_USD_3_win252_end20120716.joblib
2025-10-03 12:17:25,712 - INFO - Window 62 complete. Train LL: -1223.4718
2025-10-03 12:17:25,713 - INFO - Training window 63: 2011-08-29 to 2012-08-14
2025-10-03 12:17:25,729 - INFO - Fitting HMM with 3 states on 252 samples
2025-10-03 12:17:25,729 - INFO - Fitting HMM model with 3 states
2025-10-03 12:17:25,817 - INFO - Model fitted. Log-likelihood: -1212.7994
2025-10-03 12:17:25,831 - INFO - Saved model artifact: models\hmm_EUR_USD_3_win252_end20120814.joblib
2025-10-03 12:17:25,831 - INFO - Window 63 complete. Train LL: -1212.7994
2025-10-03 12:17:25,831 - INFO - Training window 64: 2011-09-27 to 2012-09-12
2025-10-03 12:17:25,840 - INFO - Fitting HMM with 3 states on 252 samples
2025-10-03 12:17:25,840 - INFO - Fitting HMM model with 3 states
2025-10-03 12:17:25,905 - INFO - Model fitted. Log-likelihood: -1203.4060
2025-10-03 12:17:25,918 - INFO - Saved model artifact: models\hmm_EUR_USD_3_win252_end20120912.joblib
2025-10-03 12:17:25,919 - INFO - Window 64 complete. Train LL: -1203.4060
2025-10-03 12:17:25,919 - INFO - Training window 65: 2011-10-26 to 2012-10-11
2025-10-03 12:17:25,964 - INFO - Fitting HMM with 3 states on 252 samples
2025-10-03 12:17:26,001 - INFO - Fitting HMM model with 3 states
2025-10-03 12:17:26,113 - INFO - Model fitted. Log-likelihood: -1233.9485
2025-10-03 12:17:26,122 - INFO - Saved model artifact: models\hmm_EUR_USD_3_win252_end20121011.joblib
2025-10-03 12:17:26,122 - INFO - Window 65 complete. Train LL: -1233.9485
2025-10-03 12:17:26,123 - INFO - Training window 66: 2011-11-24 to 2012-11-09
2025-10-03 12:17:26,135 - INFO - Fitting HMM with 3 states on 252 samples
2025-10-03 12:17:26,135 - INFO - Fitting HMM model with 3 states
2025-10-03 12:17:26,287 - INFO - Model fitted. Log-likelihood: -1265.3254
2025-10-03 12:17:26,300 - INFO - Saved model artifact: models\hmm_EUR_USD_3_win252_end20121109.joblib
2025-10-03 12:17:26,300 - INFO - Window 66 complete. Train LL: -1265.3254
2025-10-03 12:17:26,301 - INFO - Training window 67: 2011-12-23 to 2012-12-10
2025-10-03 12:17:26,312 - INFO - Fitting HMM with 3 states on 252 samples
2025-10-03 12:17:26,312 - INFO - Fitting HMM model with 3 states
2025-10-03 12:17:26,395 - INFO - Model fitted. Log-likelihood: -1277.5711
2025-10-03 12:17:26,405 - INFO - Saved model artifact: models\hmm_EUR_USD_3_win252_end20121210.joblib
2025-10-03 12:17:26,405 - INFO - Window 67 complete. Train LL: -1277.5711
2025-10-03 12:17:26,405 - INFO - Training window 68: 2012-01-23 to 2013-01-08
2025-10-03 12:17:26,417 - INFO - Fitting HMM with 3 states on 252 samples
2025-10-03 12:17:26,418 - INFO - Fitting HMM model with 3 states
2025-10-03 12:17:26,605 - INFO - Model fitted. Log-likelihood: -1278.0049
2025-10-03 12:17:26,644 - INFO - Saved model artifact: models\hmm_EUR_USD_3_win252_end20130108.joblib
2025-10-03 12:17:26,648 - INFO - Window 68 complete. Train LL: -1278.0049
2025-10-03 12:17:26,649 - INFO - Training window 69: 2012-02-21 to 2013-02-06
2025-10-03 12:17:26,668 - INFO - Fitting HMM with 3 states on 252 samples
2025-10-03 12:17:26,669 - INFO - Fitting HMM model with 3 states
2025-10-03 12:17:27,015 - INFO - Model fitted. Log-likelihood: -1286.4889
2025-10-03 12:17:27,034 - INFO - Saved model artifact: models\hmm_EUR_USD_3_win252_end20130206.joblib
2025-10-03 12:17:27,035 - INFO - Window 69 complete. Train LL: -1286.4889
2025-10-03 12:17:27,036 - INFO - Training window 70: 2012-03-21 to 2013-03-07
2025-10-03 12:17:27,058 - INFO - Fitting HMM with 3 states on 252 samples
2025-10-03 12:17:27,060 - INFO - Fitting HMM model with 3 states
2025-10-03 12:17:27,168 - INFO - Model fitted. Log-likelihood: -1249.9037
2025-10-03 12:17:27,184 - INFO - Saved model artifact: models\hmm_EUR_USD_3_win252_end20130307.joblib
2025-10-03 12:17:27,184 - INFO - Window 70 complete. Train LL: -1249.9037
2025-10-03 12:17:27,185 - INFO - Training window 71: 2012-04-19 to 2013-04-05
2025-10-03 12:17:27,205 - INFO - Fitting HMM with 3 states on 252 samples
2025-10-03 12:17:27,205 - INFO - Fitting HMM model with 3 states
2025-10-03 12:17:27,643 - INFO - Model fitted. Log-likelihood: -1267.6866
2025-10-03 12:17:27,661 - INFO - Saved model artifact: models\hmm_EUR_USD_3_win252_end20130405.joblib
2025-10-03 12:17:27,663 - INFO - Window 71 complete. Train LL: -1267.6866
2025-10-03 12:17:27,664 - INFO - Training window 72: 2012-05-18 to 2013-05-06
2025-10-03 12:17:27,682 - INFO - Fitting HMM with 3 states on 252 samples
2025-10-03 12:17:27,684 - INFO - Fitting HMM model with 3 states
2025-10-03 12:17:27,855 - INFO - Model fitted. Log-likelihood: -1280.8036
2025-10-03 12:17:27,870 - INFO - Saved model artifact: models\hmm_EUR_USD_3_win252_end20130506.joblib
2025-10-03 12:17:27,871 - INFO - Window 72 complete. Train LL: -1280.8036
2025-10-03 12:17:27,877 - INFO - Training window 73: 2012-06-18 to 2013-06-04
2025-10-03 12:17:27,900 - INFO - Fitting HMM with 3 states on 252 samples
2025-10-03 12:17:27,904 - INFO - Fitting HMM model with 3 states
2025-10-03 12:17:28,153 - INFO - Model fitted. Log-likelihood: -1421.5488
2025-10-03 12:17:28,168 - INFO - Saved model artifact: models\hmm_EUR_USD_3_win252_end20130604.joblib
2025-10-03 12:17:28,170 - INFO - Window 73 complete. Train LL: -1421.5488
2025-10-03 12:17:28,178 - INFO - Training window 74: 2012-07-17 to 2013-07-03
2025-10-03 12:17:28,202 - INFO - Fitting HMM with 3 states on 252 samples
2025-10-03 12:17:28,207 - INFO - Fitting HMM model with 3 states
2025-10-03 12:17:28,526 - INFO - Model fitted. Log-likelihood: -1268.5669
2025-10-03 12:17:28,543 - INFO - Saved model artifact: models\hmm_EUR_USD_3_win252_end20130703.joblib
2025-10-03 12:17:28,546 - INFO - Window 74 complete. Train LL: -1268.5669
2025-10-03 12:17:28,552 - INFO - Training window 75: 2012-08-15 to 2013-08-01
2025-10-03 12:17:28,579 - INFO - Fitting HMM with 3 states on 252 samples
2025-10-03 12:17:28,581 - INFO - Fitting HMM model with 3 states
2025-10-03 12:17:28,726 - INFO - Model fitted. Log-likelihood: -1413.4393
2025-10-03 12:17:28,739 - INFO - Saved model artifact: models\hmm_EUR_USD_3_win252_end20130801.joblib
2025-10-03 12:17:28,744 - INFO - Window 75 complete. Train LL: -1413.4393
2025-10-03 12:17:28,747 - INFO - Training window 76: 2012-09-13 to 2013-08-30
2025-10-03 12:17:28,764 - INFO - Fitting HMM with 3 states on 252 samples
2025-10-03 12:17:28,765 - INFO - Fitting HMM model with 3 states
2025-10-03 12:17:28,959 - INFO - Model fitted. Log-likelihood: -1277.8944
2025-10-03 12:17:28,973 - INFO - Saved model artifact: models\hmm_EUR_USD_3_win252_end20130830.joblib
2025-10-03 12:17:28,975 - INFO - Window 76 complete. Train LL: -1277.8944
2025-10-03 12:17:28,979 - INFO - Training window 77: 2012-10-12 to 2013-09-30
2025-10-03 12:17:29,001 - INFO - Fitting HMM with 3 states on 252 samples
2025-10-03 12:17:29,003 - INFO - Fitting HMM model with 3 states
2025-10-03 12:17:29,212 - INFO - Model fitted. Log-likelihood: -1299.2034
2025-10-03 12:17:29,226 - INFO - Saved model artifact: models\hmm_EUR_USD_3_win252_end20130930.joblib
2025-10-03 12:17:29,228 - INFO - Window 77 complete. Train LL: -1299.2034
2025-10-03 12:17:29,230 - INFO - Training window 78: 2012-11-12 to 2013-10-29
2025-10-03 12:17:29,254 - INFO - Fitting HMM with 3 states on 252 samples
2025-10-03 12:17:29,255 - INFO - Fitting HMM model with 3 states
2025-10-03 12:17:29,383 - INFO - Model fitted. Log-likelihood: -1221.1978
2025-10-03 12:17:29,396 - INFO - Saved model artifact: models\hmm_EUR_USD_3_win252_end20131029.joblib
2025-10-03 12:17:29,398 - INFO - Window 78 complete. Train LL: -1221.1978
2025-10-03 12:17:29,399 - INFO - Training window 79: 2012-12-11 to 2013-11-27
2025-10-03 12:17:29,429 - INFO - Fitting HMM with 3 states on 252 samples
2025-10-03 12:17:29,430 - INFO - Fitting HMM model with 3 states
2025-10-03 12:17:29,610 - INFO - Model fitted. Log-likelihood: -1358.9795
2025-10-03 12:17:29,625 - INFO - Saved model artifact: models\hmm_EUR_USD_3_win252_end20131127.joblib
2025-10-03 12:17:29,628 - INFO - Window 79 complete. Train LL: -1358.9795
2025-10-03 12:17:29,629 - INFO - Training window 80: 2013-01-09 to 2013-12-26
2025-10-03 12:17:29,649 - INFO - Fitting HMM with 3 states on 252 samples
2025-10-03 12:17:29,652 - INFO - Fitting HMM model with 3 states
2025-10-03 12:17:29,908 - INFO - Model fitted. Log-likelihood: -1223.9839
2025-10-03 12:17:29,921 - INFO - Saved model artifact: models\hmm_EUR_USD_3_win252_end20131226.joblib
2025-10-03 12:17:29,922 - INFO - Window 80 complete. Train LL: -1223.9839
2025-10-03 12:17:29,925 - INFO - Training window 81: 2013-02-07 to 2014-01-24
2025-10-03 12:17:29,943 - INFO - Fitting HMM with 3 states on 252 samples
2025-10-03 12:17:29,945 - INFO - Fitting HMM model with 3 states
2025-10-03 12:17:30,036 - INFO - Model fitted. Log-likelihood: -1174.1306
2025-10-03 12:17:30,052 - INFO - Saved model artifact: models\hmm_EUR_USD_3_win252_end20140124.joblib
2025-10-03 12:17:30,053 - INFO - Window 81 complete. Train LL: -1174.1306
2025-10-03 12:17:30,054 - INFO - Training window 82: 2013-03-08 to 2014-02-24
2025-10-03 12:17:30,078 - INFO - Fitting HMM with 3 states on 252 samples
2025-10-03 12:17:30,081 - INFO - Fitting HMM model with 3 states
2025-10-03 12:17:30,325 - INFO - Model fitted. Log-likelihood: -1286.8796
2025-10-03 12:17:30,339 - INFO - Saved model artifact: models\hmm_EUR_USD_3_win252_end20140224.joblib
2025-10-03 12:17:30,340 - INFO - Window 82 complete. Train LL: -1286.8796
2025-10-03 12:17:30,344 - INFO - Training window 83: 2013-04-08 to 2014-03-25
2025-10-03 12:17:30,365 - INFO - Fitting HMM with 3 states on 252 samples
2025-10-03 12:17:30,365 - INFO - Fitting HMM model with 3 states
2025-10-03 12:17:30,604 - INFO - Model fitted. Log-likelihood: -1183.9789
2025-10-03 12:17:30,617 - INFO - Saved model artifact: models\hmm_EUR_USD_3_win252_end20140325.joblib
2025-10-03 12:17:30,618 - INFO - Window 83 complete. Train LL: -1183.9789
2025-10-03 12:17:30,618 - INFO - Training window 84: 2013-05-07 to 2014-04-23
2025-10-03 12:17:30,650 - INFO - Fitting HMM with 3 states on 252 samples
2025-10-03 12:17:30,652 - INFO - Fitting HMM model with 3 states
2025-10-03 12:17:30,772 - INFO - Model fitted. Log-likelihood: -1168.9966
2025-10-03 12:17:30,789 - INFO - Saved model artifact: models\hmm_EUR_USD_3_win252_end20140423.joblib
2025-10-03 12:17:30,790 - INFO - Window 84 complete. Train LL: -1168.9966
2025-10-03 12:17:30,791 - INFO - Training window 85: 2013-06-05 to 2014-05-22
2025-10-03 12:17:30,809 - INFO - Fitting HMM with 3 states on 252 samples
2025-10-03 12:17:30,812 - INFO - Fitting HMM model with 3 states
2025-10-03 12:17:30,922 - INFO - Model fitted. Log-likelihood: -1132.7082
2025-10-03 12:17:30,936 - INFO - Saved model artifact: models\hmm_EUR_USD_3_win252_end20140522.joblib
2025-10-03 12:17:30,938 - INFO - Window 85 complete. Train LL: -1132.7082
2025-10-03 12:17:30,941 - INFO - Training window 86: 2013-07-04 to 2014-06-20
2025-10-03 12:17:30,964 - INFO - Fitting HMM with 3 states on 252 samples
2025-10-03 12:17:30,966 - INFO - Fitting HMM model with 3 states
2025-10-03 12:17:31,073 - INFO - Model fitted. Log-likelihood: -1174.1170
2025-10-03 12:17:31,088 - INFO - Saved model artifact: models\hmm_EUR_USD_3_win252_end20140620.joblib
2025-10-03 12:17:31,090 - INFO - Window 86 complete. Train LL: -1174.1170
2025-10-03 12:17:31,091 - INFO - Training window 87: 2013-08-02 to 2014-07-21
2025-10-03 12:17:31,114 - INFO - Fitting HMM with 3 states on 252 samples
2025-10-03 12:17:31,116 - INFO - Fitting HMM model with 3 states
2025-10-03 12:17:31,242 - INFO - Model fitted. Log-likelihood: -1214.3220
2025-10-03 12:17:31,254 - INFO - Saved model artifact: models\hmm_EUR_USD_3_win252_end20140721.joblib
2025-10-03 12:17:31,256 - INFO - Window 87 complete. Train LL: -1214.3220
2025-10-03 12:17:31,258 - INFO - Training window 88: 2013-09-02 to 2014-08-19
2025-10-03 12:17:31,272 - INFO - Fitting HMM with 3 states on 252 samples
2025-10-03 12:17:31,272 - INFO - Fitting HMM model with 3 states
2025-10-03 12:17:31,414 - INFO - Model fitted. Log-likelihood: -1142.0456
2025-10-03 12:17:31,429 - INFO - Saved model artifact: models\hmm_EUR_USD_3_win252_end20140819.joblib
2025-10-03 12:17:31,431 - INFO - Window 88 complete. Train LL: -1142.0456
2025-10-03 12:17:31,431 - INFO - Training window 89: 2013-10-01 to 2014-09-17
2025-10-03 12:17:31,450 - INFO - Fitting HMM with 3 states on 252 samples
2025-10-03 12:17:31,453 - INFO - Fitting HMM model with 3 states
2025-10-03 12:17:31,574 - INFO - Model fitted. Log-likelihood: -1135.7906
2025-10-03 12:17:31,588 - INFO - Saved model artifact: models\hmm_EUR_USD_3_win252_end20140917.joblib
2025-10-03 12:17:31,589 - INFO - Window 89 complete. Train LL: -1135.7906
2025-10-03 12:17:31,594 - INFO - Training window 90: 2013-10-30 to 2014-10-16
2025-10-03 12:17:31,613 - INFO - Fitting HMM with 3 states on 252 samples
2025-10-03 12:17:31,614 - INFO - Fitting HMM model with 3 states
2025-10-03 12:17:31,736 - INFO - Model fitted. Log-likelihood: -1015.9065
2025-10-03 12:17:31,752 - INFO - Saved model artifact: models\hmm_EUR_USD_3_win252_end20141016.joblib
2025-10-03 12:17:31,755 - INFO - Window 90 complete. Train LL: -1015.9065
2025-10-03 12:17:31,761 - INFO - Training window 91: 2013-11-28 to 2014-11-14
2025-10-03 12:17:31,779 - INFO - Fitting HMM with 3 states on 252 samples
2025-10-03 12:17:31,780 - INFO - Fitting HMM model with 3 states
2025-10-03 12:17:31,868 - WARNING - Model is not converging.  Current: -1002.4301333864511 is not greater than -1002.4301244671221. Delta is -8.919328934098303e-06
2025-10-03 12:17:31,870 - INFO - Model fitted. Log-likelihood: -1002.4301
2025-10-03 12:17:31,883 - INFO - Saved model artifact: models\hmm_EUR_USD_3_win252_end20141114.joblib
2025-10-03 12:17:31,884 - INFO - Window 91 complete. Train LL: -1002.4301
2025-10-03 12:17:31,884 - INFO - Training window 92: 2013-12-27 to 2014-12-15
2025-10-03 12:17:31,907 - INFO - Fitting HMM with 3 states on 252 samples
2025-10-03 12:17:31,908 - INFO - Fitting HMM model with 3 states
2025-10-03 12:17:32,001 - INFO - Model fitted. Log-likelihood: -1083.9850
2025-10-03 12:17:32,016 - INFO - Saved model artifact: models\hmm_EUR_USD_3_win252_end20141215.joblib
2025-10-03 12:17:32,017 - INFO - Window 92 complete. Train LL: -1083.9850
2025-10-03 12:17:32,018 - INFO - Training window 93: 2014-01-27 to 2015-01-14
2025-10-03 12:17:32,036 - INFO - Fitting HMM with 3 states on 252 samples
2025-10-03 12:17:32,037 - INFO - Fitting HMM model with 3 states
2025-10-03 12:17:32,151 - INFO - Model fitted. Log-likelihood: -923.4970
2025-10-03 12:17:32,165 - INFO - Saved model artifact: models\hmm_EUR_USD_3_win252_end20150114.joblib
2025-10-03 12:17:32,166 - INFO - Window 93 complete. Train LL: -923.4970
2025-10-03 12:17:32,170 - INFO - Training window 94: 2014-02-25 to 2015-02-12
2025-10-03 12:17:32,190 - INFO - Fitting HMM with 3 states on 252 samples
2025-10-03 12:17:32,192 - INFO - Fitting HMM model with 3 states
2025-10-03 12:17:32,290 - INFO - Model fitted. Log-likelihood: -1041.9647
2025-10-03 12:17:32,303 - INFO - Saved model artifact: models\hmm_EUR_USD_3_win252_end20150212.joblib
2025-10-03 12:17:32,303 - INFO - Window 94 complete. Train LL: -1041.9647
2025-10-03 12:17:32,306 - INFO - Training window 95: 2014-03-26 to 2015-03-13
2025-10-03 12:17:32,322 - INFO - Fitting HMM with 3 states on 252 samples
2025-10-03 12:17:32,323 - INFO - Fitting HMM model with 3 states
2025-10-03 12:17:32,528 - INFO - Model fitted. Log-likelihood: -859.5575
2025-10-03 12:17:32,545 - INFO - Saved model artifact: models\hmm_EUR_USD_3_win252_end20150313.joblib
2025-10-03 12:17:32,547 - INFO - Window 95 complete. Train LL: -859.5575
2025-10-03 12:17:32,548 - INFO - Training window 96: 2014-04-24 to 2015-04-13
2025-10-03 12:17:32,563 - INFO - Fitting HMM with 3 states on 252 samples
2025-10-03 12:17:32,564 - INFO - Fitting HMM model with 3 states
2025-10-03 12:17:32,728 - WARNING - Model is not converging.  Current: -810.4376260300506 is not greater than -810.4365186496641. Delta is -0.0011073803865429
2025-10-03 12:17:32,730 - INFO - Model fitted. Log-likelihood: -810.4386
2025-10-03 12:17:32,746 - INFO - Saved model artifact: models\hmm_EUR_USD_3_win252_end20150413.joblib
2025-10-03 12:17:32,749 - INFO - Window 96 complete. Train LL: -810.4386
2025-10-03 12:17:32,752 - INFO - Training window 97: 2014-05-23 to 2015-05-12
2025-10-03 12:17:32,772 - INFO - Fitting HMM with 3 states on 252 samples
2025-10-03 12:17:32,777 - INFO - Fitting HMM model with 3 states
2025-10-03 12:17:32,954 - INFO - Model fitted. Log-likelihood: -1004.5437
2025-10-03 12:17:32,969 - INFO - Saved model artifact: models\hmm_EUR_USD_3_win252_end20150512.joblib
2025-10-03 12:17:32,971 - INFO - Window 97 complete. Train LL: -1004.5437
2025-10-03 12:17:32,973 - INFO - Training window 98: 2014-06-23 to 2015-06-10
2025-10-03 12:17:32,990 - INFO - Fitting HMM with 3 states on 252 samples
2025-10-03 12:17:32,992 - INFO - Fitting HMM model with 3 states
2025-10-03 12:17:33,146 - INFO - Model fitted. Log-likelihood: -963.1221
2025-10-03 12:17:33,159 - INFO - Saved model artifact: models\hmm_EUR_USD_3_win252_end20150610.joblib
2025-10-03 12:17:33,160 - INFO - Window 98 complete. Train LL: -963.1221
2025-10-03 12:17:33,162 - INFO - Training window 99: 2014-07-22 to 2015-07-09
2025-10-03 12:17:33,182 - INFO - Fitting HMM with 3 states on 252 samples
2025-10-03 12:17:33,182 - INFO - Fitting HMM model with 3 states
2025-10-03 12:17:33,291 - INFO - Model fitted. Log-likelihood: -1130.7811
2025-10-03 12:17:33,305 - INFO - Saved model artifact: models\hmm_EUR_USD_3_win252_end20150709.joblib
2025-10-03 12:17:33,308 - INFO - Window 99 complete. Train LL: -1130.7811
2025-10-03 12:17:33,311 - INFO - Training window 100: 2014-08-20 to 2015-08-07
2025-10-03 12:17:33,330 - INFO - Fitting HMM with 3 states on 252 samples
2025-10-03 12:17:33,330 - INFO - Fitting HMM model with 3 states
2025-10-03 12:17:33,487 - INFO - Model fitted. Log-likelihood: -1121.0162
2025-10-03 12:17:33,500 - INFO - Saved model artifact: models\hmm_EUR_USD_3_win252_end20150807.joblib
2025-10-03 12:17:33,501 - INFO - Window 100 complete. Train LL: -1121.0162
2025-10-03 12:17:33,502 - INFO - Training window 101: 2014-09-18 to 2015-09-07
2025-10-03 12:17:33,521 - INFO - Fitting HMM with 3 states on 252 samples
2025-10-03 12:17:33,522 - INFO - Fitting HMM model with 3 states
2025-10-03 12:17:33,705 - INFO - Model fitted. Log-likelihood: -1121.4655
2025-10-03 12:17:33,719 - INFO - Saved model artifact: models\hmm_EUR_USD_3_win252_end20150907.joblib
2025-10-03 12:17:33,720 - INFO - Window 101 complete. Train LL: -1121.4655
2025-10-03 12:17:33,721 - INFO - Training window 102: 2014-10-17 to 2015-10-06
2025-10-03 12:17:33,742 - INFO - Fitting HMM with 3 states on 252 samples
2025-10-03 12:17:33,744 - INFO - Fitting HMM model with 3 states
2025-10-03 12:17:33,843 - INFO - Model fitted. Log-likelihood: -1114.3482
2025-10-03 12:17:33,858 - INFO - Saved model artifact: models\hmm_EUR_USD_3_win252_end20151006.joblib
2025-10-03 12:17:33,860 - INFO - Window 102 complete. Train LL: -1114.3482
2025-10-03 12:17:33,863 - INFO - Training window 103: 2014-11-17 to 2015-11-04
2025-10-03 12:17:33,887 - INFO - Fitting HMM with 3 states on 252 samples
2025-10-03 12:17:33,898 - INFO - Fitting HMM model with 3 states
2025-10-03 12:17:34,180 - INFO - Model fitted. Log-likelihood: -1256.9389
2025-10-03 12:17:34,195 - INFO - Saved model artifact: models\hmm_EUR_USD_3_win252_end20151104.joblib
2025-10-03 12:17:34,196 - INFO - Window 103 complete. Train LL: -1256.9389
2025-10-03 12:17:34,196 - INFO - Training window 104: 2014-12-16 to 2015-12-03
2025-10-03 12:17:34,217 - INFO - Fitting HMM with 3 states on 252 samples
2025-10-03 12:17:34,217 - INFO - Fitting HMM model with 3 states
2025-10-03 12:17:34,414 - INFO - Model fitted. Log-likelihood: -1200.8146
2025-10-03 12:17:34,432 - INFO - Saved model artifact: models\hmm_EUR_USD_3_win252_end20151203.joblib
2025-10-03 12:17:34,433 - INFO - Window 104 complete. Train LL: -1200.8146
2025-10-03 12:17:34,434 - INFO - Training window 105: 2015-01-15 to 2016-01-01
2025-10-03 12:17:34,455 - INFO - Fitting HMM with 3 states on 252 samples
2025-10-03 12:17:34,455 - INFO - Fitting HMM model with 3 states
2025-10-03 12:17:34,586 - INFO - Model fitted. Log-likelihood: -1259.1144
2025-10-03 12:17:34,599 - INFO - Saved model artifact: models\hmm_EUR_USD_3_win252_end20160101.joblib
2025-10-03 12:17:34,600 - INFO - Window 105 complete. Train LL: -1259.1144
2025-10-03 12:17:34,601 - INFO - Training window 106: 2015-02-13 to 2016-02-01
2025-10-03 12:17:34,627 - INFO - Fitting HMM with 3 states on 252 samples
2025-10-03 12:17:34,628 - INFO - Fitting HMM model with 3 states
2025-10-03 12:17:34,792 - INFO - Model fitted. Log-likelihood: -1212.7105
2025-10-03 12:17:34,805 - INFO - Saved model artifact: models\hmm_EUR_USD_3_win252_end20160201.joblib
2025-10-03 12:17:34,810 - INFO - Window 106 complete. Train LL: -1212.7105
2025-10-03 12:17:34,819 - INFO - Training window 107: 2015-03-16 to 2016-03-01
2025-10-03 12:17:34,846 - INFO - Fitting HMM with 3 states on 252 samples
2025-10-03 12:17:34,847 - INFO - Fitting HMM model with 3 states
2025-10-03 12:17:34,994 - INFO - Model fitted. Log-likelihood: -1181.9822
2025-10-03 12:17:35,009 - INFO - Saved model artifact: models\hmm_EUR_USD_3_win252_end20160301.joblib
2025-10-03 12:17:35,010 - INFO - Window 107 complete. Train LL: -1181.9822
2025-10-03 12:17:35,011 - INFO - Training window 108: 2015-04-14 to 2016-03-30
2025-10-03 12:17:35,033 - INFO - Fitting HMM with 3 states on 252 samples
2025-10-03 12:17:35,034 - INFO - Fitting HMM model with 3 states
2025-10-03 12:17:35,247 - INFO - Model fitted. Log-likelihood: -1214.9890
2025-10-03 12:17:35,260 - INFO - Saved model artifact: models\hmm_EUR_USD_3_win252_end20160330.joblib
2025-10-03 12:17:35,261 - INFO - Window 108 complete. Train LL: -1214.9890
2025-10-03 12:17:35,261 - INFO - Training window 109: 2015-05-13 to 2016-04-28
2025-10-03 12:17:35,281 - INFO - Fitting HMM with 3 states on 252 samples
2025-10-03 12:17:35,282 - INFO - Fitting HMM model with 3 states
2025-10-03 12:17:35,428 - INFO - Model fitted. Log-likelihood: -1194.9189
2025-10-03 12:17:35,440 - INFO - Saved model artifact: models\hmm_EUR_USD_3_win252_end20160428.joblib
2025-10-03 12:17:35,442 - INFO - Window 109 complete. Train LL: -1194.9189
2025-10-03 12:17:35,443 - INFO - Training window 110: 2015-06-11 to 2016-05-27
2025-10-03 12:17:35,464 - INFO - Fitting HMM with 3 states on 252 samples
2025-10-03 12:17:35,466 - INFO - Fitting HMM model with 3 states
2025-10-03 12:17:35,932 - INFO - Model fitted. Log-likelihood: -1382.6833
2025-10-03 12:17:35,946 - INFO - Saved model artifact: models\hmm_EUR_USD_3_win252_end20160527.joblib
2025-10-03 12:17:35,947 - INFO - Window 110 complete. Train LL: -1382.6833
2025-10-03 12:17:35,948 - INFO - Training window 111: 2015-07-10 to 2016-06-27
2025-10-03 12:17:35,968 - INFO - Fitting HMM with 3 states on 252 samples
2025-10-03 12:17:35,973 - INFO - Fitting HMM model with 3 states
2025-10-03 12:17:36,094 - INFO - Model fitted. Log-likelihood: -1259.0378
2025-10-03 12:17:36,107 - INFO - Saved model artifact: models\hmm_EUR_USD_3_win252_end20160627.joblib
2025-10-03 12:17:36,109 - INFO - Window 111 complete. Train LL: -1259.0378
2025-10-03 12:17:36,113 - INFO - Training window 112: 2015-08-10 to 2016-07-26
2025-10-03 12:17:36,136 - INFO - Fitting HMM with 3 states on 252 samples
2025-10-03 12:17:36,138 - INFO - Fitting HMM model with 3 states
2025-10-03 12:17:36,381 - INFO - Model fitted. Log-likelihood: -1270.7679
2025-10-03 12:17:36,396 - INFO - Saved model artifact: models\hmm_EUR_USD_3_win252_end20160726.joblib
2025-10-03 12:17:36,396 - INFO - Window 112 complete. Train LL: -1270.7679
2025-10-03 12:17:36,397 - INFO - Training window 113: 2015-09-08 to 2016-08-24
2025-10-03 12:17:36,418 - INFO - Fitting HMM with 3 states on 252 samples
2025-10-03 12:17:36,419 - INFO - Fitting HMM model with 3 states
2025-10-03 12:17:36,601 - INFO - Model fitted. Log-likelihood: -1289.0084
2025-10-03 12:17:36,617 - INFO - Saved model artifact: models\hmm_EUR_USD_3_win252_end20160824.joblib
2025-10-03 12:17:36,618 - INFO - Window 113 complete. Train LL: -1289.0084
2025-10-03 12:17:36,619 - INFO - Training window 114: 2015-10-07 to 2016-09-22
2025-10-03 12:17:36,638 - INFO - Fitting HMM with 3 states on 252 samples
2025-10-03 12:17:36,639 - INFO - Fitting HMM model with 3 states
2025-10-03 12:17:36,731 - INFO - Model fitted. Log-likelihood: -1276.4080
2025-10-03 12:17:36,747 - INFO - Saved model artifact: models\hmm_EUR_USD_3_win252_end20160922.joblib
2025-10-03 12:17:36,748 - INFO - Window 114 complete. Train LL: -1276.4080
2025-10-03 12:17:36,750 - INFO - Training window 115: 2015-11-05 to 2016-10-21
2025-10-03 12:17:36,775 - INFO - Fitting HMM with 3 states on 252 samples
2025-10-03 12:17:36,777 - INFO - Fitting HMM model with 3 states
2025-10-03 12:17:36,976 - INFO - Model fitted. Log-likelihood: -1224.0194
2025-10-03 12:17:36,994 - INFO - Saved model artifact: models\hmm_EUR_USD_3_win252_end20161021.joblib
2025-10-03 12:17:36,995 - INFO - Window 115 complete. Train LL: -1224.0194
2025-10-03 12:17:36,997 - INFO - Training window 116: 2015-12-04 to 2016-11-21
2025-10-03 12:17:37,017 - INFO - Fitting HMM with 3 states on 252 samples
2025-10-03 12:17:37,017 - INFO - Fitting HMM model with 3 states
2025-10-03 12:17:37,113 - INFO - Model fitted. Log-likelihood: -1217.0002
2025-10-03 12:17:37,126 - INFO - Saved model artifact: models\hmm_EUR_USD_3_win252_end20161121.joblib
2025-10-03 12:17:37,127 - INFO - Window 116 complete. Train LL: -1217.0002
2025-10-03 12:17:37,128 - INFO - Training window 117: 2016-01-04 to 2016-12-20
2025-10-03 12:17:37,150 - INFO - Fitting HMM with 3 states on 252 samples
2025-10-03 12:17:37,151 - INFO - Fitting HMM model with 3 states
2025-10-03 12:17:37,232 - INFO - Model fitted. Log-likelihood: -1279.5680
2025-10-03 12:17:37,249 - INFO - Saved model artifact: models\hmm_EUR_USD_3_win252_end20161220.joblib
2025-10-03 12:17:37,249 - INFO - Window 117 complete. Train LL: -1279.5680
2025-10-03 12:17:37,250 - INFO - Training window 118: 2016-02-02 to 2017-01-18
2025-10-03 12:17:37,270 - INFO - Fitting HMM with 3 states on 252 samples
2025-10-03 12:17:37,271 - INFO - Fitting HMM model with 3 states
2025-10-03 12:17:37,418 - INFO - Model fitted. Log-likelihood: -1258.5833
2025-10-03 12:17:37,434 - INFO - Saved model artifact: models\hmm_EUR_USD_3_win252_end20170118.joblib
2025-10-03 12:17:37,436 - INFO - Window 118 complete. Train LL: -1258.5833
2025-10-03 12:17:37,437 - INFO - Training window 119: 2016-03-02 to 2017-02-16
2025-10-03 12:17:37,466 - INFO - Fitting HMM with 3 states on 252 samples
2025-10-03 12:17:37,469 - INFO - Fitting HMM model with 3 states
2025-10-03 12:17:37,635 - INFO - Model fitted. Log-likelihood: -1219.0031
2025-10-03 12:17:37,648 - INFO - Saved model artifact: models\hmm_EUR_USD_3_win252_end20170216.joblib
2025-10-03 12:17:37,649 - INFO - Window 119 complete. Train LL: -1219.0031
2025-10-03 12:17:37,649 - INFO - Training window 120: 2016-03-31 to 2017-03-17
2025-10-03 12:17:37,678 - INFO - Fitting HMM with 3 states on 252 samples
2025-10-03 12:17:37,680 - INFO - Fitting HMM model with 3 states
2025-10-03 12:17:37,883 - INFO - Model fitted. Log-likelihood: -1191.3380
2025-10-03 12:17:37,897 - INFO - Saved model artifact: models\hmm_EUR_USD_3_win252_end20170317.joblib
2025-10-03 12:17:37,897 - INFO - Window 120 complete. Train LL: -1191.3380
2025-10-03 12:17:37,897 - INFO - Training window 121: 2016-04-29 to 2017-04-17
2025-10-03 12:17:37,930 - INFO - Fitting HMM with 3 states on 252 samples
2025-10-03 12:17:37,931 - INFO - Fitting HMM model with 3 states
2025-10-03 12:17:38,018 - INFO - Model fitted. Log-likelihood: -1173.9755
2025-10-03 12:17:38,032 - INFO - Saved model artifact: models\hmm_EUR_USD_3_win252_end20170417.joblib
2025-10-03 12:17:38,033 - INFO - Window 121 complete. Train LL: -1173.9755
2025-10-03 12:17:38,034 - INFO - Training window 122: 2016-05-30 to 2017-05-16
2025-10-03 12:17:38,062 - INFO - Fitting HMM with 3 states on 252 samples
2025-10-03 12:17:38,063 - INFO - Fitting HMM model with 3 states
2025-10-03 12:17:38,177 - INFO - Model fitted. Log-likelihood: -1191.9896
2025-10-03 12:17:38,192 - INFO - Saved model artifact: models\hmm_EUR_USD_3_win252_end20170516.joblib
2025-10-03 12:17:38,192 - INFO - Window 122 complete. Train LL: -1191.9896
2025-10-03 12:17:38,193 - INFO - Training window 123: 2016-06-28 to 2017-06-14
2025-10-03 12:17:38,210 - INFO - Fitting HMM with 3 states on 252 samples
2025-10-03 12:17:38,211 - INFO - Fitting HMM model with 3 states
2025-10-03 12:17:38,316 - INFO - Model fitted. Log-likelihood: -1218.5164
2025-10-03 12:17:38,332 - INFO - Saved model artifact: models\hmm_EUR_USD_3_win252_end20170614.joblib
2025-10-03 12:17:38,333 - INFO - Window 123 complete. Train LL: -1218.5164
2025-10-03 12:17:38,335 - INFO - Training window 124: 2016-07-27 to 2017-07-13
2025-10-03 12:17:38,357 - INFO - Fitting HMM with 3 states on 252 samples
2025-10-03 12:17:38,361 - INFO - Fitting HMM model with 3 states
2025-10-03 12:17:38,453 - INFO - Model fitted. Log-likelihood: -1236.1112
2025-10-03 12:17:38,468 - INFO - Saved model artifact: models\hmm_EUR_USD_3_win252_end20170713.joblib
2025-10-03 12:17:38,469 - INFO - Window 124 complete. Train LL: -1236.1112
2025-10-03 12:17:38,471 - INFO - Training window 125: 2016-08-25 to 2017-08-11
2025-10-03 12:17:38,497 - INFO - Fitting HMM with 3 states on 252 samples
2025-10-03 12:17:38,498 - INFO - Fitting HMM model with 3 states
2025-10-03 12:17:38,662 - INFO - Model fitted. Log-likelihood: -1178.4413
2025-10-03 12:17:38,682 - INFO - Saved model artifact: models\hmm_EUR_USD_3_win252_end20170811.joblib
2025-10-03 12:17:38,682 - INFO - Window 125 complete. Train LL: -1178.4413
2025-10-03 12:17:38,683 - INFO - Training window 126: 2016-09-23 to 2017-09-11
2025-10-03 12:17:38,706 - INFO - Fitting HMM with 3 states on 252 samples
2025-10-03 12:17:38,710 - INFO - Fitting HMM model with 3 states
2025-10-03 12:17:38,876 - INFO - Model fitted. Log-likelihood: -1201.3239
2025-10-03 12:17:38,899 - INFO - Saved model artifact: models\hmm_EUR_USD_3_win252_end20170911.joblib
2025-10-03 12:17:38,901 - INFO - Window 126 complete. Train LL: -1201.3239
2025-10-03 12:17:38,903 - INFO - Training window 127: 2016-10-24 to 2017-10-10
2025-10-03 12:17:38,939 - INFO - Fitting HMM with 3 states on 252 samples
2025-10-03 12:17:38,948 - INFO - Fitting HMM model with 3 states
2025-10-03 12:17:39,302 - INFO - Model fitted. Log-likelihood: -1240.2812
2025-10-03 12:17:39,320 - INFO - Saved model artifact: models\hmm_EUR_USD_3_win252_end20171010.joblib
2025-10-03 12:17:39,323 - INFO - Window 127 complete. Train LL: -1240.2812
2025-10-03 12:17:39,327 - INFO - Training window 128: 2016-11-22 to 2017-11-08
2025-10-03 12:17:39,351 - INFO - Fitting HMM with 3 states on 252 samples
2025-10-03 12:17:39,351 - INFO - Fitting HMM model with 3 states
2025-10-03 12:17:39,458 - INFO - Model fitted. Log-likelihood: -1195.6353
2025-10-03 12:17:39,481 - INFO - Saved model artifact: models\hmm_EUR_USD_3_win252_end20171108.joblib
2025-10-03 12:17:39,483 - INFO - Window 128 complete. Train LL: -1195.6353
2025-10-03 12:17:39,484 - INFO - Training window 129: 2016-12-21 to 2017-12-07
2025-10-03 12:17:39,512 - INFO - Fitting HMM with 3 states on 252 samples
2025-10-03 12:17:39,514 - INFO - Fitting HMM model with 3 states
2025-10-03 12:17:39,788 - INFO - Model fitted. Log-likelihood: -1263.9792
2025-10-03 12:17:39,802 - INFO - Saved model artifact: models\hmm_EUR_USD_3_win252_end20171207.joblib
2025-10-03 12:17:39,803 - INFO - Window 129 complete. Train LL: -1263.9792
2025-10-03 12:17:39,804 - INFO - Training window 130: 2017-01-19 to 2018-01-05
2025-10-03 12:17:39,829 - INFO - Fitting HMM with 3 states on 252 samples
2025-10-03 12:17:39,831 - INFO - Fitting HMM model with 3 states
2025-10-03 12:17:40,001 - INFO - Model fitted. Log-likelihood: -1242.9930
2025-10-03 12:17:40,015 - INFO - Saved model artifact: models\hmm_EUR_USD_3_win252_end20180105.joblib
2025-10-03 12:17:40,015 - INFO - Window 130 complete. Train LL: -1242.9930
2025-10-03 12:17:40,016 - INFO - Training window 131: 2017-02-17 to 2018-02-05
2025-10-03 12:17:40,047 - INFO - Fitting HMM with 3 states on 252 samples
2025-10-03 12:17:40,050 - INFO - Fitting HMM model with 3 states
2025-10-03 12:17:40,143 - INFO - Model fitted. Log-likelihood: -1243.2465
2025-10-03 12:17:40,158 - INFO - Saved model artifact: models\hmm_EUR_USD_3_win252_end20180205.joblib
2025-10-03 12:17:40,162 - INFO - Window 131 complete. Train LL: -1243.2465
2025-10-03 12:17:40,163 - INFO - Training window 132: 2017-03-20 to 2018-03-06
2025-10-03 12:17:40,181 - INFO - Fitting HMM with 3 states on 252 samples
2025-10-03 12:17:40,182 - INFO - Fitting HMM model with 3 states
2025-10-03 12:17:40,399 - INFO - Model fitted. Log-likelihood: -1211.6890
2025-10-03 12:17:40,412 - INFO - Saved model artifact: models\hmm_EUR_USD_3_win252_end20180306.joblib
2025-10-03 12:17:40,413 - INFO - Window 132 complete. Train LL: -1211.6890
2025-10-03 12:17:40,414 - INFO - Training window 133: 2017-04-18 to 2018-04-04
2025-10-03 12:17:40,434 - INFO - Fitting HMM with 3 states on 252 samples
2025-10-03 12:17:40,434 - INFO - Fitting HMM model with 3 states
2025-10-03 12:17:40,552 - INFO - Model fitted. Log-likelihood: -1265.1610
2025-10-03 12:17:40,569 - INFO - Saved model artifact: models\hmm_EUR_USD_3_win252_end20180404.joblib
2025-10-03 12:17:40,569 - INFO - Window 133 complete. Train LL: -1265.1610
2025-10-03 12:17:40,571 - INFO - Training window 134: 2017-05-17 to 2018-05-03
2025-10-03 12:17:40,599 - INFO - Fitting HMM with 3 states on 252 samples
2025-10-03 12:17:40,599 - INFO - Fitting HMM model with 3 states
2025-10-03 12:17:40,711 - INFO - Model fitted. Log-likelihood: -1267.2730
2025-10-03 12:17:40,723 - INFO - Saved model artifact: models\hmm_EUR_USD_3_win252_end20180503.joblib
2025-10-03 12:17:40,723 - INFO - Window 134 complete. Train LL: -1267.2730
2025-10-03 12:17:40,724 - INFO - Training window 135: 2017-06-15 to 2018-06-01
2025-10-03 12:17:40,740 - INFO - Fitting HMM with 3 states on 252 samples
2025-10-03 12:17:40,742 - INFO - Fitting HMM model with 3 states
2025-10-03 12:17:40,868 - INFO - Model fitted. Log-likelihood: -1226.7186
2025-10-03 12:17:40,881 - INFO - Saved model artifact: models\hmm_EUR_USD_3_win252_end20180601.joblib
2025-10-03 12:17:40,881 - INFO - Window 135 complete. Train LL: -1226.7186
2025-10-03 12:17:40,882 - INFO - Training window 136: 2017-07-14 to 2018-07-02
2025-10-03 12:17:40,894 - INFO - Fitting HMM with 3 states on 252 samples
2025-10-03 12:17:40,895 - INFO - Fitting HMM model with 3 states
2025-10-03 12:17:40,968 - INFO - Model fitted. Log-likelihood: -1277.3950
2025-10-03 12:17:40,981 - INFO - Saved model artifact: models\hmm_EUR_USD_3_win252_end20180702.joblib
2025-10-03 12:17:40,981 - INFO - Window 136 complete. Train LL: -1277.3950
2025-10-03 12:17:40,982 - INFO - Training window 137: 2017-08-14 to 2018-07-31
2025-10-03 12:17:41,000 - INFO - Fitting HMM with 3 states on 252 samples
2025-10-03 12:17:41,000 - INFO - Fitting HMM model with 3 states
2025-10-03 12:17:41,087 - INFO - Model fitted. Log-likelihood: -1281.2625
2025-10-03 12:17:41,101 - INFO - Saved model artifact: models\hmm_EUR_USD_3_win252_end20180731.joblib
2025-10-03 12:17:41,101 - INFO - Window 137 complete. Train LL: -1281.2625
2025-10-03 12:17:41,102 - INFO - Training window 138: 2017-09-12 to 2018-08-29
2025-10-03 12:17:41,123 - INFO - Fitting HMM with 3 states on 252 samples
2025-10-03 12:17:41,124 - INFO - Fitting HMM model with 3 states
2025-10-03 12:17:41,230 - INFO - Model fitted. Log-likelihood: -1253.1673
2025-10-03 12:17:41,243 - INFO - Saved model artifact: models\hmm_EUR_USD_3_win252_end20180829.joblib
2025-10-03 12:17:41,247 - INFO - Window 138 complete. Train LL: -1253.1673
2025-10-03 12:17:41,248 - INFO - Training window 139: 2017-10-11 to 2018-09-27
2025-10-03 12:17:41,266 - INFO - Fitting HMM with 3 states on 252 samples
2025-10-03 12:17:41,267 - INFO - Fitting HMM model with 3 states
2025-10-03 12:17:41,407 - WARNING - Model is not converging.  Current: -1354.2396380854088 is not greater than -1354.2395369037902. Delta is -0.00010118161867467279
2025-10-03 12:17:41,409 - INFO - Model fitted. Log-likelihood: -1354.2396
2025-10-03 12:17:41,423 - INFO - Saved model artifact: models\hmm_EUR_USD_3_win252_end20180927.joblib
2025-10-03 12:17:41,427 - INFO - Window 139 complete. Train LL: -1354.2396
2025-10-03 12:17:41,428 - INFO - Training window 140: 2017-11-09 to 2018-10-26
2025-10-03 12:17:41,444 - INFO - Fitting HMM with 3 states on 252 samples
2025-10-03 12:17:41,448 - INFO - Fitting HMM model with 3 states
2025-10-03 12:17:41,769 - INFO - Model fitted. Log-likelihood: -1249.3277
2025-10-03 12:17:41,783 - INFO - Saved model artifact: models\hmm_EUR_USD_3_win252_end20181026.joblib
2025-10-03 12:17:41,786 - INFO - Window 140 complete. Train LL: -1249.3277
2025-10-03 12:17:41,787 - INFO - Training window 141: 2017-12-08 to 2018-11-26
2025-10-03 12:17:41,803 - INFO - Fitting HMM with 3 states on 252 samples
2025-10-03 12:17:41,805 - INFO - Fitting HMM model with 3 states
2025-10-03 12:17:42,240 - INFO - Model fitted. Log-likelihood: -1423.7898
2025-10-03 12:17:42,257 - INFO - Saved model artifact: models\hmm_EUR_USD_3_win252_end20181126.joblib
2025-10-03 12:17:42,263 - INFO - Window 141 complete. Train LL: -1423.7898
2025-10-03 12:17:42,263 - INFO - Training window 142: 2018-01-08 to 2018-12-25
2025-10-03 12:17:42,283 - INFO - Fitting HMM with 3 states on 252 samples
2025-10-03 12:17:42,285 - INFO - Fitting HMM model with 3 states
2025-10-03 12:17:42,502 - INFO - Model fitted. Log-likelihood: -1221.9646
2025-10-03 12:17:42,518 - INFO - Saved model artifact: models\hmm_EUR_USD_3_win252_end20181225.joblib
2025-10-03 12:17:42,525 - INFO - Window 142 complete. Train LL: -1221.9646
2025-10-03 12:17:42,530 - INFO - Training window 143: 2018-02-06 to 2019-01-23
2025-10-03 12:17:42,555 - INFO - Fitting HMM with 3 states on 252 samples
2025-10-03 12:17:42,566 - INFO - Fitting HMM model with 3 states
2025-10-03 12:17:42,786 - INFO - Model fitted. Log-likelihood: -1223.1485
2025-10-03 12:17:42,802 - INFO - Saved model artifact: models\hmm_EUR_USD_3_win252_end20190123.joblib
2025-10-03 12:17:42,806 - INFO - Window 143 complete. Train LL: -1223.1485
2025-10-03 12:17:42,806 - INFO - Training window 144: 2018-03-07 to 2019-02-21
2025-10-03 12:17:42,823 - INFO - Fitting HMM with 3 states on 252 samples
2025-10-03 12:17:42,827 - INFO - Fitting HMM model with 3 states
2025-10-03 12:17:43,086 - INFO - Model fitted. Log-likelihood: -1210.3290
2025-10-03 12:17:43,107 - INFO - Saved model artifact: models\hmm_EUR_USD_3_win252_end20190221.joblib
2025-10-03 12:17:43,114 - INFO - Window 144 complete. Train LL: -1210.3290
2025-10-03 12:17:43,119 - INFO - Training window 145: 2018-04-05 to 2019-03-22
2025-10-03 12:17:43,137 - INFO - Fitting HMM with 3 states on 252 samples
2025-10-03 12:17:43,142 - INFO - Fitting HMM model with 3 states
2025-10-03 12:17:43,489 - INFO - Model fitted. Log-likelihood: -1214.2876
2025-10-03 12:17:43,503 - INFO - Saved model artifact: models\hmm_EUR_USD_3_win252_end20190322.joblib
2025-10-03 12:17:43,505 - INFO - Window 145 complete. Train LL: -1214.2876
2025-10-03 12:17:43,509 - INFO - Training window 146: 2018-05-04 to 2019-04-22
2025-10-03 12:17:43,527 - INFO - Fitting HMM with 3 states on 252 samples
2025-10-03 12:17:43,530 - INFO - Fitting HMM model with 3 states
2025-10-03 12:17:43,678 - INFO - Model fitted. Log-likelihood: -1238.7213
2025-10-03 12:17:43,689 - INFO - Saved model artifact: models\hmm_EUR_USD_3_win252_end20190422.joblib
2025-10-03 12:17:43,691 - INFO - Window 146 complete. Train LL: -1238.7213
2025-10-03 12:17:43,693 - INFO - Training window 147: 2018-06-04 to 2019-05-21
2025-10-03 12:17:43,709 - INFO - Fitting HMM with 3 states on 252 samples
2025-10-03 12:17:43,710 - INFO - Fitting HMM model with 3 states
2025-10-03 12:17:43,826 - INFO - Model fitted. Log-likelihood: -1295.2587
2025-10-03 12:17:43,840 - INFO - Saved model artifact: models\hmm_EUR_USD_3_win252_end20190521.joblib
2025-10-03 12:17:43,841 - INFO - Window 147 complete. Train LL: -1295.2587
2025-10-03 12:17:43,841 - INFO - Training window 148: 2018-07-03 to 2019-06-19
2025-10-03 12:17:43,855 - INFO - Fitting HMM with 3 states on 252 samples
2025-10-03 12:17:43,856 - INFO - Fitting HMM model with 3 states
2025-10-03 12:17:43,953 - INFO - Model fitted. Log-likelihood: -1319.6170
2025-10-03 12:17:43,966 - INFO - Saved model artifact: models\hmm_EUR_USD_3_win252_end20190619.joblib
2025-10-03 12:17:43,967 - INFO - Window 148 complete. Train LL: -1319.6170
2025-10-03 12:17:43,967 - INFO - Training window 149: 2018-08-01 to 2019-07-18
2025-10-03 12:17:43,987 - INFO - Fitting HMM with 3 states on 252 samples
2025-10-03 12:17:43,987 - INFO - Fitting HMM model with 3 states
2025-10-03 12:17:44,053 - INFO - Model fitted. Log-likelihood: -1282.2931
2025-10-03 12:17:44,066 - INFO - Saved model artifact: models\hmm_EUR_USD_3_win252_end20190718.joblib
2025-10-03 12:17:44,066 - INFO - Window 149 complete. Train LL: -1282.2931
2025-10-03 12:17:44,067 - INFO - Training window 150: 2018-08-30 to 2019-08-16
2025-10-03 12:17:44,085 - INFO - Fitting HMM with 3 states on 252 samples
2025-10-03 12:17:44,086 - INFO - Fitting HMM model with 3 states
2025-10-03 12:17:44,152 - INFO - Model fitted. Log-likelihood: -1308.2911
2025-10-03 12:17:44,165 - INFO - Saved model artifact: models\hmm_EUR_USD_3_win252_end20190816.joblib
2025-10-03 12:17:44,165 - INFO - Window 150 complete. Train LL: -1308.2911
2025-10-03 12:17:44,166 - INFO - Training window 151: 2018-09-28 to 2019-09-16
2025-10-03 12:17:44,184 - INFO - Fitting HMM with 3 states on 252 samples
2025-10-03 12:17:44,184 - INFO - Fitting HMM model with 3 states
2025-10-03 12:17:44,275 - INFO - Model fitted. Log-likelihood: -1326.3356
2025-10-03 12:17:44,287 - INFO - Saved model artifact: models\hmm_EUR_USD_3_win252_end20190916.joblib
2025-10-03 12:17:44,288 - INFO - Window 151 complete. Train LL: -1326.3356
2025-10-03 12:17:44,288 - INFO - Training window 152: 2018-10-29 to 2019-10-15
2025-10-03 12:17:44,304 - INFO - Fitting HMM with 3 states on 252 samples
2025-10-03 12:17:44,305 - INFO - Fitting HMM model with 3 states
2025-10-03 12:17:44,400 - WARNING - Model is not converging.  Current: -1418.8521379595695 is not greater than -1418.8521349335122. Delta is -3.0260573566920357e-06
2025-10-03 12:17:44,402 - INFO - Model fitted. Log-likelihood: -1418.8522
2025-10-03 12:17:44,415 - INFO - Saved model artifact: models\hmm_EUR_USD_3_win252_end20191015.joblib
2025-10-03 12:17:44,415 - INFO - Window 152 complete. Train LL: -1418.8522
2025-10-03 12:17:44,416 - INFO - Training window 153: 2018-11-27 to 2019-11-13
2025-10-03 12:17:44,436 - INFO - Fitting HMM with 3 states on 252 samples
2025-10-03 12:17:44,436 - INFO - Fitting HMM model with 3 states
2025-10-03 12:17:44,552 - INFO - Model fitted. Log-likelihood: -1369.0777
2025-10-03 12:17:44,569 - INFO - Saved model artifact: models\hmm_EUR_USD_3_win252_end20191113.joblib
2025-10-03 12:17:44,570 - INFO - Window 153 complete. Train LL: -1369.0777
2025-10-03 12:17:44,570 - INFO - Training window 154: 2018-12-26 to 2019-12-12
2025-10-03 12:17:44,586 - INFO - Fitting HMM with 3 states on 252 samples
2025-10-03 12:17:44,586 - INFO - Fitting HMM model with 3 states
2025-10-03 12:17:44,689 - INFO - Model fitted. Log-likelihood: -1348.8517
2025-10-03 12:17:44,703 - INFO - Saved model artifact: models\hmm_EUR_USD_3_win252_end20191212.joblib
2025-10-03 12:17:44,704 - INFO - Window 154 complete. Train LL: -1348.8517
2025-10-03 12:17:44,705 - INFO - Training window 155: 2019-01-24 to 2020-01-10
2025-10-03 12:17:44,726 - INFO - Fitting HMM with 3 states on 252 samples
2025-10-03 12:17:44,727 - INFO - Fitting HMM model with 3 states
2025-10-03 12:17:44,895 - INFO - Model fitted. Log-likelihood: -1372.3207
2025-10-03 12:17:44,908 - INFO - Saved model artifact: models\hmm_EUR_USD_3_win252_end20200110.joblib
2025-10-03 12:17:44,908 - INFO - Window 155 complete. Train LL: -1372.3207
2025-10-03 12:17:44,909 - INFO - Training window 156: 2019-02-22 to 2020-02-10
2025-10-03 12:17:44,920 - INFO - Fitting HMM with 3 states on 252 samples
2025-10-03 12:17:44,920 - INFO - Fitting HMM model with 3 states
2025-10-03 12:17:45,031 - INFO - Model fitted. Log-likelihood: -1350.9160
2025-10-03 12:17:45,045 - INFO - Saved model artifact: models\hmm_EUR_USD_3_win252_end20200210.joblib
2025-10-03 12:17:45,046 - INFO - Window 156 complete. Train LL: -1350.9160
2025-10-03 12:17:45,046 - INFO - Training window 157: 2019-03-25 to 2020-03-10
2025-10-03 12:17:45,064 - INFO - Fitting HMM with 3 states on 252 samples
2025-10-03 12:17:45,065 - INFO - Fitting HMM model with 3 states
2025-10-03 12:17:45,131 - INFO - Model fitted. Log-likelihood: -1200.3705
2025-10-03 12:17:45,145 - INFO - Saved model artifact: models\hmm_EUR_USD_3_win252_end20200310.joblib
2025-10-03 12:17:45,145 - INFO - Window 157 complete. Train LL: -1200.3705
2025-10-03 12:17:45,146 - INFO - Training window 158: 2019-04-23 to 2020-04-08
2025-10-03 12:17:45,163 - INFO - Fitting HMM with 3 states on 252 samples
2025-10-03 12:17:45,163 - INFO - Fitting HMM model with 3 states
2025-10-03 12:17:45,272 - INFO - Model fitted. Log-likelihood: -764.7941
2025-10-03 12:17:45,284 - INFO - Saved model artifact: models\hmm_EUR_USD_3_win252_end20200408.joblib
2025-10-03 12:17:45,285 - INFO - Window 158 complete. Train LL: -764.7941
2025-10-03 12:17:45,285 - INFO - Training window 159: 2019-05-22 to 2020-05-07
2025-10-03 12:17:45,304 - INFO - Fitting HMM with 3 states on 252 samples
2025-10-03 12:17:45,304 - INFO - Fitting HMM model with 3 states
2025-10-03 12:17:45,381 - INFO - Model fitted. Log-likelihood: -888.6897
2025-10-03 12:17:45,397 - INFO - Saved model artifact: models\hmm_EUR_USD_3_win252_end20200507.joblib
2025-10-03 12:17:45,397 - INFO - Window 159 complete. Train LL: -888.6897
2025-10-03 12:17:45,398 - INFO - Training window 160: 2019-06-20 to 2020-06-05
2025-10-03 12:17:45,415 - INFO - Fitting HMM with 3 states on 252 samples
2025-10-03 12:17:45,415 - INFO - Fitting HMM model with 3 states
2025-10-03 12:17:45,538 - INFO - Model fitted. Log-likelihood: -892.7668
2025-10-03 12:17:45,551 - INFO - Saved model artifact: models\hmm_EUR_USD_3_win252_end20200605.joblib
2025-10-03 12:17:45,552 - INFO - Window 160 complete. Train LL: -892.7668
2025-10-03 12:17:45,552 - INFO - Training window 161: 2019-07-19 to 2020-07-06
2025-10-03 12:17:45,572 - INFO - Fitting HMM with 3 states on 252 samples
2025-10-03 12:17:45,572 - INFO - Fitting HMM model with 3 states
2025-10-03 12:17:45,668 - INFO - Model fitted. Log-likelihood: -914.1605
2025-10-03 12:17:45,680 - INFO - Saved model artifact: models\hmm_EUR_USD_3_win252_end20200706.joblib
2025-10-03 12:17:45,680 - INFO - Window 161 complete. Train LL: -914.1605
2025-10-03 12:17:45,680 - INFO - Training window 162: 2019-08-19 to 2020-08-04
2025-10-03 12:17:45,702 - INFO - Fitting HMM with 3 states on 252 samples
2025-10-03 12:17:45,702 - INFO - Fitting HMM model with 3 states
2025-10-03 12:17:45,762 - INFO - Model fitted. Log-likelihood: -932.6973
2025-10-03 12:17:45,775 - INFO - Saved model artifact: models\hmm_EUR_USD_3_win252_end20200804.joblib
2025-10-03 12:17:45,776 - INFO - Window 162 complete. Train LL: -932.6973
2025-10-03 12:17:45,777 - INFO - Training window 163: 2019-09-17 to 2020-09-02
2025-10-03 12:17:45,795 - INFO - Fitting HMM with 3 states on 252 samples
2025-10-03 12:17:45,796 - INFO - Fitting HMM model with 3 states
2025-10-03 12:17:45,867 - INFO - Model fitted. Log-likelihood: -1017.9349
2025-10-03 12:17:45,881 - INFO - Saved model artifact: models\hmm_EUR_USD_3_win252_end20200902.joblib
2025-10-03 12:17:45,881 - INFO - Window 163 complete. Train LL: -1017.9349
2025-10-03 12:17:45,882 - INFO - Training window 164: 2019-10-16 to 2020-10-01
2025-10-03 12:17:45,899 - INFO - Fitting HMM with 3 states on 252 samples
2025-10-03 12:17:45,900 - INFO - Fitting HMM model with 3 states
2025-10-03 12:17:45,972 - INFO - Model fitted. Log-likelihood: -994.7223
2025-10-03 12:17:45,984 - INFO - Saved model artifact: models\hmm_EUR_USD_3_win252_end20201001.joblib
2025-10-03 12:17:45,984 - INFO - Window 164 complete. Train LL: -994.7223
2025-10-03 12:17:45,985 - INFO - Training window 165: 2019-11-14 to 2020-10-30
2025-10-03 12:17:46,002 - INFO - Fitting HMM with 3 states on 252 samples
2025-10-03 12:17:46,003 - INFO - Fitting HMM model with 3 states
2025-10-03 12:17:46,139 - INFO - Model fitted. Log-likelihood: -1110.7935
2025-10-03 12:17:46,148 - INFO - Saved model artifact: models\hmm_EUR_USD_3_win252_end20201030.joblib
2025-10-03 12:17:46,148 - INFO - Window 165 complete. Train LL: -1110.7935
2025-10-03 12:17:46,148 - INFO - Training window 166: 2019-12-13 to 2020-11-30
2025-10-03 12:17:46,163 - INFO - Fitting HMM with 3 states on 252 samples
2025-10-03 12:17:46,163 - INFO - Fitting HMM model with 3 states
2025-10-03 12:17:46,233 - INFO - Model fitted. Log-likelihood: -1025.6979
2025-10-03 12:17:46,250 - INFO - Saved model artifact: models\hmm_EUR_USD_3_win252_end20201130.joblib
2025-10-03 12:17:46,250 - INFO - Window 166 complete. Train LL: -1025.6979
2025-10-03 12:17:46,251 - INFO - Training window 167: 2020-01-13 to 2020-12-29
2025-10-03 12:17:46,271 - INFO - Fitting HMM with 3 states on 252 samples
2025-10-03 12:17:46,272 - INFO - Fitting HMM model with 3 states
2025-10-03 12:17:46,409 - INFO - Model fitted. Log-likelihood: -1048.9597
2025-10-03 12:17:46,428 - INFO - Saved model artifact: models\hmm_EUR_USD_3_win252_end20201229.joblib
2025-10-03 12:17:46,429 - INFO - Window 167 complete. Train LL: -1048.9597
2025-10-03 12:17:46,429 - INFO - Training window 168: 2020-02-11 to 2021-01-27
2025-10-03 12:17:46,449 - INFO - Fitting HMM with 3 states on 252 samples
2025-10-03 12:17:46,450 - INFO - Fitting HMM model with 3 states
2025-10-03 12:17:46,530 - INFO - Model fitted. Log-likelihood: -1029.9328
2025-10-03 12:17:46,546 - INFO - Saved model artifact: models\hmm_EUR_USD_3_win252_end20210127.joblib
2025-10-03 12:17:46,546 - INFO - Window 168 complete. Train LL: -1029.9328
2025-10-03 12:17:46,546 - INFO - Training window 169: 2020-03-11 to 2021-02-25
2025-10-03 12:17:46,568 - INFO - Fitting HMM with 3 states on 252 samples
2025-10-03 12:17:46,569 - INFO - Fitting HMM model with 3 states
2025-10-03 12:17:46,638 - INFO - Model fitted. Log-likelihood: -948.0795
2025-10-03 12:17:46,654 - INFO - Saved model artifact: models\hmm_EUR_USD_3_win252_end20210225.joblib
2025-10-03 12:17:46,654 - INFO - Window 169 complete. Train LL: -948.0795
2025-10-03 12:17:46,655 - INFO - Training window 170: 2020-04-09 to 2021-03-26
2025-10-03 12:17:46,671 - INFO - Fitting HMM with 3 states on 252 samples
2025-10-03 12:17:46,671 - INFO - Fitting HMM model with 3 states
2025-10-03 12:17:46,747 - INFO - Model fitted. Log-likelihood: -1115.1168
2025-10-03 12:17:46,761 - INFO - Saved model artifact: models\hmm_EUR_USD_3_win252_end20210326.joblib
2025-10-03 12:17:46,761 - INFO - Window 170 complete. Train LL: -1115.1168
2025-10-03 12:17:46,762 - INFO - Training window 171: 2020-05-08 to 2021-04-26
2025-10-03 12:17:46,781 - INFO - Fitting HMM with 3 states on 252 samples
2025-10-03 12:17:46,782 - INFO - Fitting HMM model with 3 states
2025-10-03 12:17:46,893 - INFO - Model fitted. Log-likelihood: -1163.0232
2025-10-03 12:17:46,909 - INFO - Saved model artifact: models\hmm_EUR_USD_3_win252_end20210426.joblib
2025-10-03 12:17:46,910 - INFO - Window 171 complete. Train LL: -1163.0232
2025-10-03 12:17:46,912 - INFO - Training window 172: 2020-06-08 to 2021-05-25
2025-10-03 12:17:46,931 - INFO - Fitting HMM with 3 states on 252 samples
2025-10-03 12:17:46,932 - INFO - Fitting HMM model with 3 states
2025-10-03 12:17:47,056 - INFO - Model fitted. Log-likelihood: -1206.6623
2025-10-03 12:17:47,068 - INFO - Saved model artifact: models\hmm_EUR_USD_3_win252_end20210525.joblib
2025-10-03 12:17:47,069 - INFO - Window 172 complete. Train LL: -1206.6623
2025-10-03 12:17:47,069 - INFO - Training window 173: 2020-07-07 to 2021-06-23
2025-10-03 12:17:47,095 - INFO - Fitting HMM with 3 states on 252 samples
2025-10-03 12:17:47,096 - INFO - Fitting HMM model with 3 states
2025-10-03 12:17:47,170 - INFO - Model fitted. Log-likelihood: -1199.5601
2025-10-03 12:17:47,185 - INFO - Saved model artifact: models\hmm_EUR_USD_3_win252_end20210623.joblib
2025-10-03 12:17:47,186 - INFO - Window 173 complete. Train LL: -1199.5601
2025-10-03 12:17:47,186 - INFO - Training window 174: 2020-08-05 to 2021-07-22
2025-10-03 12:17:47,212 - INFO - Fitting HMM with 3 states on 252 samples
2025-10-03 12:17:47,213 - INFO - Fitting HMM model with 3 states
2025-10-03 12:17:47,303 - INFO - Model fitted. Log-likelihood: -1267.1181
2025-10-03 12:17:47,322 - INFO - Saved model artifact: models\hmm_EUR_USD_3_win252_end20210722.joblib
2025-10-03 12:17:47,323 - INFO - Window 174 complete. Train LL: -1267.1181
2025-10-03 12:17:47,325 - INFO - Training window 175: 2020-09-03 to 2021-08-20
2025-10-03 12:17:47,348 - INFO - Fitting HMM with 3 states on 252 samples
2025-10-03 12:17:47,348 - INFO - Fitting HMM model with 3 states
2025-10-03 12:17:47,413 - INFO - Model fitted. Log-likelihood: -1273.7442
2025-10-03 12:17:47,422 - INFO - Saved model artifact: models\hmm_EUR_USD_3_win252_end20210820.joblib
2025-10-03 12:17:47,422 - INFO - Window 175 complete. Train LL: -1273.7442
2025-10-03 12:17:47,422 - INFO - Training window 176: 2020-10-02 to 2021-09-20
2025-10-03 12:17:47,435 - INFO - Fitting HMM with 3 states on 252 samples
2025-10-03 12:17:47,435 - INFO - Fitting HMM model with 3 states
2025-10-03 12:17:47,502 - INFO - Model fitted. Log-likelihood: -1247.3881
2025-10-03 12:17:47,514 - INFO - Saved model artifact: models\hmm_EUR_USD_3_win252_end20210920.joblib
2025-10-03 12:17:47,514 - INFO - Window 176 complete. Train LL: -1247.3881
2025-10-03 12:17:47,515 - INFO - Training window 177: 2020-11-02 to 2021-10-19
2025-10-03 12:17:47,533 - INFO - Fitting HMM with 3 states on 252 samples
2025-10-03 12:17:47,534 - INFO - Fitting HMM model with 3 states
2025-10-03 12:17:47,662 - INFO - Model fitted. Log-likelihood: -1304.2310
2025-10-03 12:17:47,675 - INFO - Saved model artifact: models\hmm_EUR_USD_3_win252_end20211019.joblib
2025-10-03 12:17:47,676 - INFO - Window 177 complete. Train LL: -1304.2310
2025-10-03 12:17:47,676 - INFO - Training window 178: 2020-12-01 to 2021-11-17
2025-10-03 12:17:47,694 - INFO - Fitting HMM with 3 states on 252 samples
2025-10-03 12:17:47,694 - INFO - Fitting HMM model with 3 states
2025-10-03 12:17:47,773 - INFO - Model fitted. Log-likelihood: -1295.0960
2025-10-03 12:17:47,787 - INFO - Saved model artifact: models\hmm_EUR_USD_3_win252_end20211117.joblib
2025-10-03 12:17:47,787 - INFO - Window 178 complete. Train LL: -1295.0960
2025-10-03 12:17:47,787 - INFO - Training window 179: 2020-12-30 to 2021-12-16
2025-10-03 12:17:47,809 - INFO - Fitting HMM with 3 states on 252 samples
2025-10-03 12:17:47,809 - INFO - Fitting HMM model with 3 states
2025-10-03 12:17:47,916 - INFO - Model fitted. Log-likelihood: -1269.3320
2025-10-03 12:17:47,933 - INFO - Saved model artifact: models\hmm_EUR_USD_3_win252_end20211216.joblib
2025-10-03 12:17:47,933 - INFO - Window 179 complete. Train LL: -1269.3320
2025-10-03 12:17:47,933 - INFO - Training window 180: 2021-01-28 to 2022-01-14
2025-10-03 12:17:47,948 - INFO - Fitting HMM with 3 states on 252 samples
2025-10-03 12:17:47,948 - INFO - Fitting HMM model with 3 states
2025-10-03 12:17:48,029 - INFO - Model fitted. Log-likelihood: -1141.9711
2025-10-03 12:17:48,044 - INFO - Saved model artifact: models\hmm_EUR_USD_3_win252_end20220114.joblib
2025-10-03 12:17:48,045 - INFO - Window 180 complete. Train LL: -1141.9711
2025-10-03 12:17:48,045 - INFO - Training window 181: 2021-02-26 to 2022-02-14
2025-10-03 12:17:48,064 - INFO - Fitting HMM with 3 states on 252 samples
2025-10-03 12:17:48,065 - INFO - Fitting HMM model with 3 states
2025-10-03 12:17:48,148 - INFO - Model fitted. Log-likelihood: -1156.4083
2025-10-03 12:17:48,201 - INFO - Saved model artifact: models\hmm_EUR_USD_3_win252_end20220214.joblib
2025-10-03 12:17:48,202 - INFO - Window 181 complete. Train LL: -1156.4083
2025-10-03 12:17:48,202 - INFO - Training window 182: 2021-03-29 to 2022-03-15
2025-10-03 12:17:48,219 - INFO - Fitting HMM with 3 states on 252 samples
2025-10-03 12:17:48,219 - INFO - Fitting HMM model with 3 states
2025-10-03 12:17:48,296 - INFO - Model fitted. Log-likelihood: -1117.2173
2025-10-03 12:17:48,312 - INFO - Saved model artifact: models\hmm_EUR_USD_3_win252_end20220315.joblib
2025-10-03 12:17:48,312 - INFO - Window 182 complete. Train LL: -1117.2173
2025-10-03 12:17:48,312 - INFO - Training window 183: 2021-04-27 to 2022-04-13
2025-10-03 12:17:48,331 - INFO - Fitting HMM with 3 states on 252 samples
2025-10-03 12:17:48,331 - INFO - Fitting HMM model with 3 states
2025-10-03 12:17:48,529 - INFO - Model fitted. Log-likelihood: -1277.7219
2025-10-03 12:17:48,543 - INFO - Saved model artifact: models\hmm_EUR_USD_3_win252_end20220413.joblib
2025-10-03 12:17:48,543 - INFO - Window 183 complete. Train LL: -1277.7219
2025-10-03 12:17:48,544 - INFO - Training window 184: 2021-05-26 to 2022-05-12
2025-10-03 12:17:48,566 - INFO - Fitting HMM with 3 states on 252 samples
2025-10-03 12:17:48,566 - INFO - Fitting HMM model with 3 states
2025-10-03 12:17:48,653 - INFO - Model fitted. Log-likelihood: -1165.2369
2025-10-03 12:17:48,667 - INFO - Saved model artifact: models\hmm_EUR_USD_3_win252_end20220512.joblib
2025-10-03 12:17:48,668 - INFO - Window 184 complete. Train LL: -1165.2369
2025-10-03 12:17:48,668 - INFO - Training window 185: 2021-06-24 to 2022-06-10
2025-10-03 12:17:48,685 - INFO - Fitting HMM with 3 states on 252 samples
2025-10-03 12:17:48,686 - INFO - Fitting HMM model with 3 states
2025-10-03 12:17:48,780 - INFO - Model fitted. Log-likelihood: -1127.4479
2025-10-03 12:17:48,792 - INFO - Saved model artifact: models\hmm_EUR_USD_3_win252_end20220610.joblib
2025-10-03 12:17:48,793 - INFO - Window 185 complete. Train LL: -1127.4479
2025-10-03 12:17:48,793 - INFO - Training window 186: 2021-07-23 to 2022-07-11
2025-10-03 12:17:48,811 - INFO - Fitting HMM with 3 states on 252 samples
2025-10-03 12:17:48,812 - INFO - Fitting HMM model with 3 states
2025-10-03 12:17:48,952 - INFO - Model fitted. Log-likelihood: -1075.4522
2025-10-03 12:17:48,963 - INFO - Saved model artifact: models\hmm_EUR_USD_3_win252_end20220711.joblib
2025-10-03 12:17:48,963 - INFO - Window 186 complete. Train LL: -1075.4522
2025-10-03 12:17:48,964 - INFO - Training window 187: 2021-08-23 to 2022-08-09
2025-10-03 12:17:48,982 - INFO - Fitting HMM with 3 states on 252 samples
2025-10-03 12:17:48,982 - INFO - Fitting HMM model with 3 states
2025-10-03 12:17:49,068 - INFO - Model fitted. Log-likelihood: -1051.5527
2025-10-03 12:17:49,080 - INFO - Saved model artifact: models\hmm_EUR_USD_3_win252_end20220809.joblib
2025-10-03 12:17:49,080 - INFO - Window 187 complete. Train LL: -1051.5527
2025-10-03 12:17:49,080 - INFO - Training window 188: 2021-09-21 to 2022-09-07
2025-10-03 12:17:49,097 - INFO - Fitting HMM with 3 states on 252 samples
2025-10-03 12:17:49,097 - INFO - Fitting HMM model with 3 states
2025-10-03 12:17:49,203 - INFO - Model fitted. Log-likelihood: -1273.1846
2025-10-03 12:17:49,216 - INFO - Saved model artifact: models\hmm_EUR_USD_3_win252_end20220907.joblib
2025-10-03 12:17:49,217 - INFO - Window 188 complete. Train LL: -1273.1846
2025-10-03 12:17:49,217 - INFO - Training window 189: 2021-10-20 to 2022-10-06
2025-10-03 12:17:49,234 - INFO - Fitting HMM with 3 states on 252 samples
2025-10-03 12:17:49,234 - INFO - Fitting HMM model with 3 states
2025-10-03 12:17:49,424 - INFO - Model fitted. Log-likelihood: -1192.6858
2025-10-03 12:17:49,438 - INFO - Saved model artifact: models\hmm_EUR_USD_3_win252_end20221006.joblib
2025-10-03 12:17:49,439 - INFO - Window 189 complete. Train LL: -1192.6858
2025-10-03 12:17:49,440 - INFO - Training window 190: 2021-11-18 to 2022-11-04
2025-10-03 12:17:49,458 - INFO - Fitting HMM with 3 states on 252 samples
2025-10-03 12:17:49,459 - INFO - Fitting HMM model with 3 states
2025-10-03 12:17:49,609 - INFO - Model fitted. Log-likelihood: -1204.2331
2025-10-03 12:17:49,620 - INFO - Saved model artifact: models\hmm_EUR_USD_3_win252_end20221104.joblib
2025-10-03 12:17:49,621 - INFO - Window 190 complete. Train LL: -1204.2331
2025-10-03 12:17:49,621 - INFO - Training window 191: 2021-12-17 to 2022-12-05
2025-10-03 12:17:49,633 - INFO - Fitting HMM with 3 states on 252 samples
2025-10-03 12:17:49,633 - INFO - Fitting HMM model with 3 states
2025-10-03 12:17:49,760 - INFO - Model fitted. Log-likelihood: -1291.0143
2025-10-03 12:17:49,772 - INFO - Saved model artifact: models\hmm_EUR_USD_3_win252_end20221205.joblib
2025-10-03 12:17:49,772 - INFO - Window 191 complete. Train LL: -1291.0143
2025-10-03 12:17:49,773 - INFO - Training window 192: 2022-01-17 to 2023-01-03
2025-10-03 12:17:49,789 - INFO - Fitting HMM with 3 states on 252 samples
2025-10-03 12:17:49,789 - INFO - Fitting HMM model with 3 states
2025-10-03 12:17:49,868 - INFO - Model fitted. Log-likelihood: -1238.1913
2025-10-03 12:17:49,881 - INFO - Saved model artifact: models\hmm_EUR_USD_3_win252_end20230103.joblib
2025-10-03 12:17:49,882 - INFO - Window 192 complete. Train LL: -1238.1913
2025-10-03 12:17:49,882 - INFO - Training window 193: 2022-02-15 to 2023-02-01
2025-10-03 12:17:49,899 - INFO - Fitting HMM with 3 states on 252 samples
2025-10-03 12:17:49,899 - INFO - Fitting HMM model with 3 states
2025-10-03 12:17:49,966 - INFO - Model fitted. Log-likelihood: -1219.6108
2025-10-03 12:17:49,980 - INFO - Saved model artifact: models\hmm_EUR_USD_3_win252_end20230201.joblib
2025-10-03 12:17:49,980 - INFO - Window 193 complete. Train LL: -1219.6108
2025-10-03 12:17:49,981 - INFO - Training window 194: 2022-03-16 to 2023-03-02
2025-10-03 12:17:49,995 - INFO - Fitting HMM with 3 states on 252 samples
2025-10-03 12:17:49,996 - INFO - Fitting HMM model with 3 states
2025-10-03 12:17:50,077 - INFO - Model fitted. Log-likelihood: -1227.7439
2025-10-03 12:17:50,091 - INFO - Saved model artifact: models\hmm_EUR_USD_3_win252_end20230302.joblib
2025-10-03 12:17:50,092 - INFO - Window 194 complete. Train LL: -1227.7439
2025-10-03 12:17:50,092 - INFO - Training window 195: 2022-04-14 to 2023-03-31
2025-10-03 12:17:50,112 - INFO - Fitting HMM with 3 states on 252 samples
2025-10-03 12:17:50,112 - INFO - Fitting HMM model with 3 states
2025-10-03 12:17:50,178 - INFO - Model fitted. Log-likelihood: -1234.0386
2025-10-03 12:17:50,189 - INFO - Saved model artifact: models\hmm_EUR_USD_3_win252_end20230331.joblib
2025-10-03 12:17:50,190 - INFO - Window 195 complete. Train LL: -1234.0386
2025-10-03 12:17:50,191 - INFO - Training window 196: 2022-05-13 to 2023-05-01
2025-10-03 12:17:50,206 - INFO - Fitting HMM with 3 states on 252 samples
2025-10-03 12:17:50,207 - INFO - Fitting HMM model with 3 states
2025-10-03 12:17:50,308 - INFO - Model fitted. Log-likelihood: -1218.0182
2025-10-03 12:17:50,320 - INFO - Saved model artifact: models\hmm_EUR_USD_3_win252_end20230501.joblib
2025-10-03 12:17:50,320 - INFO - Window 196 complete. Train LL: -1218.0182
2025-10-03 12:17:50,321 - INFO - Training window 197: 2022-06-13 to 2023-05-30
2025-10-03 12:17:50,337 - INFO - Fitting HMM with 3 states on 252 samples
2025-10-03 12:17:50,337 - INFO - Fitting HMM model with 3 states
2025-10-03 12:17:50,450 - INFO - Model fitted. Log-likelihood: -1142.3788
2025-10-03 12:17:50,467 - INFO - Saved model artifact: models\hmm_EUR_USD_3_win252_end20230530.joblib
2025-10-03 12:17:50,468 - INFO - Window 197 complete. Train LL: -1142.3788
2025-10-03 12:17:50,468 - INFO - Training window 198: 2022-07-12 to 2023-06-28
2025-10-03 12:17:50,483 - INFO - Fitting HMM with 3 states on 252 samples
2025-10-03 12:17:50,483 - INFO - Fitting HMM model with 3 states
2025-10-03 12:17:50,554 - INFO - Model fitted. Log-likelihood: -1175.4006
2025-10-03 12:17:50,568 - INFO - Saved model artifact: models\hmm_EUR_USD_3_win252_end20230628.joblib
2025-10-03 12:17:50,568 - INFO - Window 198 complete. Train LL: -1175.4006
2025-10-03 12:17:50,569 - INFO - Training window 199: 2022-08-10 to 2023-07-27
2025-10-03 12:17:50,583 - INFO - Fitting HMM with 3 states on 252 samples
2025-10-03 12:17:50,583 - INFO - Fitting HMM model with 3 states
2025-10-03 12:17:50,642 - INFO - Model fitted. Log-likelihood: -1158.4472
2025-10-03 12:17:50,654 - INFO - Saved model artifact: models\hmm_EUR_USD_3_win252_end20230727.joblib
2025-10-03 12:17:50,655 - INFO - Window 199 complete. Train LL: -1158.4472
2025-10-03 12:17:50,655 - INFO - Training window 200: 2022-09-08 to 2023-08-25
2025-10-03 12:17:50,671 - INFO - Fitting HMM with 3 states on 252 samples
2025-10-03 12:17:50,671 - INFO - Fitting HMM model with 3 states
2025-10-03 12:17:50,782 - INFO - Model fitted. Log-likelihood: -1144.9110
2025-10-03 12:17:50,796 - INFO - Saved model artifact: models\hmm_EUR_USD_3_win252_end20230825.joblib
2025-10-03 12:17:50,797 - INFO - Window 200 complete. Train LL: -1144.9110
2025-10-03 12:17:50,797 - INFO - Training window 201: 2022-10-07 to 2023-09-25
2025-10-03 12:17:50,805 - INFO - Fitting HMM with 3 states on 252 samples
2025-10-03 12:17:50,806 - INFO - Fitting HMM model with 3 states
2025-10-03 12:17:50,887 - INFO - Model fitted. Log-likelihood: -1068.6719
2025-10-03 12:17:50,897 - INFO - Saved model artifact: models\hmm_EUR_USD_3_win252_end20230925.joblib
2025-10-03 12:17:50,897 - INFO - Window 201 complete. Train LL: -1068.6719
2025-10-03 12:17:50,898 - INFO - Training window 202: 2022-11-07 to 2023-10-24
2025-10-03 12:17:50,914 - INFO - Fitting HMM with 3 states on 252 samples
2025-10-03 12:17:50,914 - INFO - Fitting HMM model with 3 states
2025-10-03 12:17:50,966 - INFO - Model fitted. Log-likelihood: -1071.7782
2025-10-03 12:17:50,978 - INFO - Saved model artifact: models\hmm_EUR_USD_3_win252_end20231024.joblib
2025-10-03 12:17:50,978 - INFO - Window 202 complete. Train LL: -1071.7782
2025-10-03 12:17:50,979 - INFO - Training window 203: 2022-12-06 to 2023-11-22
2025-10-03 12:17:50,988 - INFO - Fitting HMM with 3 states on 252 samples
2025-10-03 12:17:50,988 - INFO - Fitting HMM model with 3 states
2025-10-03 12:17:51,081 - INFO - Model fitted. Log-likelihood: -1246.9004
2025-10-03 12:17:51,095 - INFO - Saved model artifact: models\hmm_EUR_USD_3_win252_end20231122.joblib
2025-10-03 12:17:51,095 - INFO - Window 203 complete. Train LL: -1246.9004
2025-10-03 12:17:51,095 - INFO - Training window 204: 2023-01-04 to 2023-12-21
2025-10-03 12:17:51,111 - INFO - Fitting HMM with 3 states on 252 samples
2025-10-03 12:17:51,111 - INFO - Fitting HMM model with 3 states
2025-10-03 12:17:51,210 - INFO - Model fitted. Log-likelihood: -1259.9978
2025-10-03 12:17:51,222 - INFO - Saved model artifact: models\hmm_EUR_USD_3_win252_end20231221.joblib
2025-10-03 12:17:51,224 - INFO - Window 204 complete. Train LL: -1259.9978
2025-10-03 12:17:51,224 - INFO - Training window 205: 2023-02-02 to 2024-01-19
2025-10-03 12:17:51,246 - INFO - Fitting HMM with 3 states on 252 samples
2025-10-03 12:17:51,246 - INFO - Fitting HMM model with 3 states
2025-10-03 12:17:51,315 - INFO - Model fitted. Log-likelihood: -1223.3879
2025-10-03 12:17:51,331 - INFO - Saved model artifact: models\hmm_EUR_USD_3_win252_end20240119.joblib
2025-10-03 12:17:51,332 - INFO - Window 205 complete. Train LL: -1223.3879
2025-10-03 12:17:51,332 - INFO - Training window 206: 2023-03-03 to 2024-02-19
2025-10-03 12:17:51,352 - INFO - Fitting HMM with 3 states on 252 samples
2025-10-03 12:17:51,353 - INFO - Fitting HMM model with 3 states
2025-10-03 12:17:51,437 - INFO - Model fitted. Log-likelihood: -1173.7430
2025-10-03 12:17:51,449 - INFO - Saved model artifact: models\hmm_EUR_USD_3_win252_end20240219.joblib
2025-10-03 12:17:51,449 - INFO - Window 206 complete. Train LL: -1173.7430
2025-10-03 12:17:51,450 - INFO - Training window 207: 2023-04-03 to 2024-03-19
2025-10-03 12:17:51,470 - INFO - Fitting HMM with 3 states on 252 samples
2025-10-03 12:17:51,470 - INFO - Fitting HMM model with 3 states
2025-10-03 12:17:51,589 - INFO - Model fitted. Log-likelihood: -1195.6172
2025-10-03 12:17:51,602 - INFO - Saved model artifact: models\hmm_EUR_USD_3_win252_end20240319.joblib
2025-10-03 12:17:51,602 - INFO - Window 207 complete. Train LL: -1195.6172
2025-10-03 12:17:51,603 - INFO - Training window 208: 2023-05-02 to 2024-04-17
2025-10-03 12:17:51,620 - INFO - Fitting HMM with 3 states on 252 samples
2025-10-03 12:17:51,620 - INFO - Fitting HMM model with 3 states
2025-10-03 12:17:51,688 - INFO - Model fitted. Log-likelihood: -1176.7607
2025-10-03 12:17:51,702 - INFO - Saved model artifact: models\hmm_EUR_USD_3_win252_end20240417.joblib
2025-10-03 12:17:51,702 - INFO - Window 208 complete. Train LL: -1176.7607
2025-10-03 12:17:51,703 - INFO - Training window 209: 2023-05-31 to 2024-05-16
2025-10-03 12:17:51,726 - INFO - Fitting HMM with 3 states on 252 samples
2025-10-03 12:17:51,727 - INFO - Fitting HMM model with 3 states
2025-10-03 12:17:51,807 - INFO - Model fitted. Log-likelihood: -1155.8397
2025-10-03 12:17:51,821 - INFO - Saved model artifact: models\hmm_EUR_USD_3_win252_end20240516.joblib
2025-10-03 12:17:51,822 - INFO - Window 209 complete. Train LL: -1155.8397
2025-10-03 12:17:51,822 - INFO - Training window 210: 2023-06-29 to 2024-06-14
2025-10-03 12:17:51,834 - INFO - Fitting HMM with 3 states on 252 samples
2025-10-03 12:17:51,835 - INFO - Fitting HMM model with 3 states
2025-10-03 12:17:51,894 - INFO - Model fitted. Log-likelihood: -1099.1612
2025-10-03 12:17:51,906 - INFO - Saved model artifact: models\hmm_EUR_USD_3_win252_end20240614.joblib
2025-10-03 12:17:51,906 - INFO - Window 210 complete. Train LL: -1099.1612
2025-10-03 12:17:51,908 - INFO - Training window 211: 2023-07-28 to 2024-07-15
2025-10-03 12:17:51,922 - INFO - Fitting HMM with 3 states on 252 samples
2025-10-03 12:17:51,922 - INFO - Fitting HMM model with 3 states
2025-10-03 12:17:52,078 - INFO - Model fitted. Log-likelihood: -1151.4753
2025-10-03 12:17:52,088 - INFO - Saved model artifact: models\hmm_EUR_USD_3_win252_end20240715.joblib
2025-10-03 12:17:52,088 - INFO - Window 211 complete. Train LL: -1151.4753
2025-10-03 12:17:52,089 - INFO - Training window 212: 2023-08-28 to 2024-08-13
2025-10-03 12:17:52,101 - INFO - Fitting HMM with 3 states on 252 samples
2025-10-03 12:17:52,102 - INFO - Fitting HMM model with 3 states
2025-10-03 12:17:52,168 - INFO - Model fitted. Log-likelihood: -1131.4067
2025-10-03 12:17:52,180 - INFO - Saved model artifact: models\hmm_EUR_USD_3_win252_end20240813.joblib
2025-10-03 12:17:52,181 - INFO - Window 212 complete. Train LL: -1131.4067
2025-10-03 12:17:52,181 - INFO - Training window 213: 2023-09-26 to 2024-09-11
2025-10-03 12:17:52,198 - INFO - Fitting HMM with 3 states on 252 samples
2025-10-03 12:17:52,199 - INFO - Fitting HMM model with 3 states
2025-10-03 12:17:52,275 - INFO - Model fitted. Log-likelihood: -1135.3968
2025-10-03 12:17:52,287 - INFO - Saved model artifact: models\hmm_EUR_USD_3_win252_end20240911.joblib
2025-10-03 12:17:52,287 - INFO - Window 213 complete. Train LL: -1135.3968
2025-10-03 12:17:52,288 - INFO - Training window 214: 2023-10-25 to 2024-10-10
2025-10-03 12:17:52,303 - INFO - Fitting HMM with 3 states on 252 samples
2025-10-03 12:17:52,304 - INFO - Fitting HMM model with 3 states
2025-10-03 12:17:52,419 - INFO - Model fitted. Log-likelihood: -1143.0624
2025-10-03 12:17:52,431 - INFO - Saved model artifact: models\hmm_EUR_USD_3_win252_end20241010.joblib
2025-10-03 12:17:52,432 - INFO - Window 214 complete. Train LL: -1143.0624
2025-10-03 12:17:52,432 - INFO - Training window 215: 2023-11-23 to 2024-11-08
2025-10-03 12:17:52,446 - INFO - Fitting HMM with 3 states on 252 samples
2025-10-03 12:17:52,447 - INFO - Fitting HMM model with 3 states
2025-10-03 12:17:52,533 - INFO - Model fitted. Log-likelihood: -1204.9193
2025-10-03 12:17:52,546 - INFO - Saved model artifact: models\hmm_EUR_USD_3_win252_end20241108.joblib
2025-10-03 12:17:52,547 - INFO - Window 215 complete. Train LL: -1204.9193
2025-10-03 12:17:52,547 - INFO - Training window 216: 2023-12-22 to 2024-12-09
2025-10-03 12:17:52,567 - INFO - Fitting HMM with 3 states on 252 samples
2025-10-03 12:17:52,568 - INFO - Fitting HMM model with 3 states
2025-10-03 12:17:52,664 - INFO - Model fitted. Log-likelihood: -1174.6459
2025-10-03 12:17:52,678 - INFO - Saved model artifact: models\hmm_EUR_USD_3_win252_end20241209.joblib
2025-10-03 12:17:52,678 - INFO - Window 216 complete. Train LL: -1174.6459
2025-10-03 12:17:52,679 - INFO - Training window 217: 2024-01-22 to 2025-01-07
2025-10-03 12:17:52,697 - INFO - Fitting HMM with 3 states on 252 samples
2025-10-03 12:17:52,697 - INFO - Fitting HMM model with 3 states
2025-10-03 12:17:52,779 - INFO - Model fitted. Log-likelihood: -1207.1887
2025-10-03 12:17:52,793 - INFO - Saved model artifact: models\hmm_EUR_USD_3_win252_end20250107.joblib
2025-10-03 12:17:52,794 - INFO - Window 217 complete. Train LL: -1207.1887
2025-10-03 12:17:52,794 - INFO - Training window 218: 2024-02-20 to 2025-02-05
2025-10-03 12:17:52,803 - INFO - Fitting HMM with 3 states on 252 samples
2025-10-03 12:17:52,804 - INFO - Fitting HMM model with 3 states
2025-10-03 12:17:52,930 - INFO - Model fitted. Log-likelihood: -1200.8923
2025-10-03 12:17:52,946 - INFO - Saved model artifact: models\hmm_EUR_USD_3_win252_end20250205.joblib
2025-10-03 12:17:52,947 - INFO - Window 218 complete. Train LL: -1200.8923
2025-10-03 12:17:52,947 - INFO - Training window 219: 2024-03-20 to 2025-03-06
2025-10-03 12:17:52,957 - INFO - Fitting HMM with 3 states on 252 samples
2025-10-03 12:17:52,957 - INFO - Fitting HMM model with 3 states
2025-10-03 12:17:53,034 - INFO - Model fitted. Log-likelihood: -1280.9458
2025-10-03 12:17:53,046 - INFO - Saved model artifact: models\hmm_EUR_USD_3_win252_end20250306.joblib
2025-10-03 12:17:53,046 - INFO - Window 219 complete. Train LL: -1280.9458
2025-10-03 12:17:53,047 - INFO - Training window 220: 2024-04-18 to 2025-04-04
2025-10-03 12:17:53,067 - INFO - Fitting HMM with 3 states on 252 samples
2025-10-03 12:17:53,068 - INFO - Fitting HMM model with 3 states
2025-10-03 12:17:53,289 - INFO - Model fitted. Log-likelihood: -1157.1614
2025-10-03 12:17:53,298 - INFO - Saved model artifact: models\hmm_EUR_USD_3_win252_end20250404.joblib
2025-10-03 12:17:53,299 - INFO - Window 220 complete. Train LL: -1157.1614
2025-10-03 12:17:53,300 - INFO - Training window 221: 2024-05-17 to 2025-05-05
2025-10-03 12:17:53,316 - INFO - Fitting HMM with 3 states on 252 samples
2025-10-03 12:17:53,316 - INFO - Fitting HMM model with 3 states
2025-10-03 12:17:53,449 - INFO - Model fitted. Log-likelihood: -1117.3927
2025-10-03 12:17:53,463 - INFO - Saved model artifact: models\hmm_EUR_USD_3_win252_end20250505.joblib
2025-10-03 12:17:53,463 - INFO - Window 221 complete. Train LL: -1117.3927
2025-10-03 12:17:53,464 - INFO - Training window 222: 2024-06-17 to 2025-06-03
2025-10-03 12:17:53,477 - INFO - Fitting HMM with 3 states on 252 samples
2025-10-03 12:17:53,477 - INFO - Fitting HMM model with 3 states
2025-10-03 12:17:53,651 - INFO - Model fitted. Log-likelihood: -1192.2014
2025-10-03 12:17:53,661 - INFO - Saved model artifact: models\hmm_EUR_USD_3_win252_end20250603.joblib
2025-10-03 12:17:53,661 - INFO - Window 222 complete. Train LL: -1192.2014
2025-10-03 12:17:53,661 - INFO - Training window 223: 2024-07-16 to 2025-07-02
2025-10-03 12:17:53,678 - INFO - Fitting HMM with 3 states on 252 samples
2025-10-03 12:17:53,678 - INFO - Fitting HMM model with 3 states
2025-10-03 12:17:53,780 - INFO - Model fitted. Log-likelihood: -1156.9266
2025-10-03 12:17:53,792 - INFO - Saved model artifact: models\hmm_EUR_USD_3_win252_end20250702.joblib
2025-10-03 12:17:53,792 - INFO - Window 223 complete. Train LL: -1156.9266
2025-10-03 12:17:53,793 - INFO - Training window 224: 2024-08-14 to 2025-07-31
2025-10-03 12:17:53,815 - INFO - Fitting HMM with 3 states on 252 samples
2025-10-03 12:17:53,815 - INFO - Fitting HMM model with 3 states
2025-10-03 12:17:53,914 - WARNING - Model is not converging.  Current: -1153.1618556008805 is not greater than -1153.161035711649. Delta is -0.0008198892314794648
2025-10-03 12:17:53,916 - INFO - Model fitted. Log-likelihood: -1153.1625
2025-10-03 12:17:53,932 - INFO - Saved model artifact: models\hmm_EUR_USD_3_win252_end20250731.joblib
2025-10-03 12:17:53,932 - INFO - Window 224 complete. Train LL: -1153.1625
2025-10-03 12:17:53,933 - INFO - Training window 225: 2024-09-12 to 2025-08-29
2025-10-03 12:17:53,952 - INFO - Fitting HMM with 3 states on 252 samples
2025-10-03 12:17:53,953 - INFO - Fitting HMM model with 3 states
2025-10-03 12:17:54,151 - INFO - Model fitted. Log-likelihood: -1212.0897
2025-10-03 12:17:54,163 - INFO - Saved model artifact: models\hmm_EUR_USD_3_win252_end20250829.joblib
2025-10-03 12:17:54,163 - INFO - Window 225 complete. Train LL: -1212.0897
2025-10-03 12:17:54,164 - INFO - Insufficient data for window + validation at index 4725, stopping
2025-10-03 12:17:54,170 - INFO - Rolling training complete: 225/225 windows successful
2025-10-04 18:01:20,823 - INFO - Using hmmlearn backend for HMM
2025-10-04 18:01:20,841 - INFO - Computing technical features
2025-10-04 18:01:20,853 - WARNING - Input OHLC data failed validation checks
2025-10-04 18:01:20,869 - INFO - Features computed. Dropped 20 rows with NaN
2025-10-04 18:01:20,869 - INFO - Final feature matrix shape: (80, 5)
2025-10-04 18:03:49,084 - INFO - Computing technical features
2025-10-04 18:03:49,087 - WARNING - Input OHLC data failed validation checks
2025-10-04 18:03:49,101 - INFO - Features computed. Dropped 20 rows with NaN
2025-10-04 18:03:49,103 - INFO - Final feature matrix shape: (80, 5)
2025-10-04 18:03:49,354 - INFO - Using hmmlearn backend for HMM
2025-10-04 18:03:49,356 - INFO - Fitting HMM model with 2 states
2025-10-04 18:03:53,763 - INFO - Model fitted. Log-likelihood: -399.0454
2025-10-04 18:04:07,541 - INFO - Using hmmlearn backend for HMM
2025-10-04 18:04:16,526 - INFO - vectorbt available for advanced backtesting
2025-10-04 18:04:16,539 - INFO - Computing technical features
2025-10-04 18:04:16,558 - INFO - Features computed. Dropped 20 rows with NaN
2025-10-04 18:04:16,560 - INFO - Final feature matrix shape: (480, 5)
2025-10-04 18:04:16,577 - INFO - Fitting HMM model with 3 states
2025-10-04 18:04:18,770 - INFO - Model fitted. Log-likelihood: -1922.7946
2025-10-04 18:04:18,794 - INFO - Loaded model from models\demo_model.joblib
2025-10-04 18:04:50,668 - INFO - Fetching data for 3 symbols
2025-10-04 18:04:50,669 - INFO - Processing EUR/USD (1/3)
2025-10-04 18:04:50,669 - INFO - Fetching data for EUR/USD
2025-10-04 18:04:50,669 - INFO - Making API request (attempt 1/5)
2025-10-04 18:04:55,978 - INFO - Saved raw data: data\raw\EUR_USD\EUR_USD_20251004T180455Z.json
2025-10-04 18:04:58,127 - INFO - Saved processed data: data\raw\EUR_USD\EUR_USD_20251004T180455Z.csv and data\raw\EUR_USD\EUR_USD_20251004T180455Z.parquet
2025-10-04 18:04:58,129 - INFO - Data shape: (5000, 5), Date range: 2006-08-04 00:00:00 to 2025-10-03 00:00:00
2025-10-04 18:05:10,129 - INFO - Processing USD/JPY (2/3)
2025-10-04 18:05:10,130 - INFO - Fetching data for USD/JPY
2025-10-04 18:05:10,130 - INFO - Making API request (attempt 1/5)
2025-10-04 18:05:11,956 - INFO - Saved raw data: data\raw\USD_JPY\USD_JPY_20251004T180511Z.json
2025-10-04 18:05:13,700 - INFO - Saved processed data: data\raw\USD_JPY\USD_JPY_20251004T180511Z.csv and data\raw\USD_JPY\USD_JPY_20251004T180511Z.parquet
2025-10-04 18:05:13,701 - INFO - Data shape: (5000, 5), Date range: 2006-08-04 00:00:00 to 2025-10-03 00:00:00
2025-10-04 18:05:25,703 - INFO - Processing XAUUSD (3/3)
2025-10-04 18:05:25,703 - INFO - Fetching data for XAUUSD
2025-10-04 18:05:25,705 - INFO - Making API request (attempt 1/5)
2025-10-04 18:05:27,115 - INFO - Saved raw data: data\raw\XAUUSD\XAUUSD_20251004T180527Z.json
2025-10-04 18:05:27,670 - INFO - Saved processed data: data\raw\XAUUSD\XAUUSD_20251004T180527Z.csv and data\raw\XAUUSD\XAUUSD_20251004T180527Z.parquet
2025-10-04 18:05:27,670 - INFO - Data shape: (1744, 5), Date range: 2019-01-28 00:00:00 to 2025-10-03 00:00:00
2025-10-04 18:05:39,671 - INFO - Successfully fetched data for 3 symbols
2025-10-04 18:06:28,634 - INFO - Using hmmlearn backend for HMM
2025-10-04 21:01:26,554 - INFO - Using hmmlearn backend for HMM
2025-10-04 21:02:17,916 - INFO - Using hmmlearn backend for HMM
2025-10-04 21:02:18,018 - INFO - Training HMM models for EUR_USD
2025-10-04 21:02:18,018 - ERROR - Training failed: data_path must be provided when data_source='file'
2025-10-04 21:05:19,775 - INFO - Using hmmlearn backend for HMM
2025-10-04 21:05:19,876 - INFO - Training HMM models for EUR_USD
2025-10-04 21:05:20,586 - INFO - Computing technical features
2025-10-04 21:05:20,615 - INFO - Features computed. Dropped 20 rows with NaN
2025-10-04 21:05:20,616 - INFO - Final feature matrix shape: (4980, 5)
2025-10-04 21:05:20,632 - INFO - Starting rolling HMM training for EUR_USD
2025-10-04 21:05:20,633 - INFO - Window size: 252, Step size: 21
2025-10-04 21:05:20,634 - INFO - Training data: 4980 samples from 2006-09-01 00:00:00 to 2025-10-03 00:00:00
2025-10-04 21:05:20,638 - INFO - Training window 1: 2006-09-01 to 2007-08-20
2025-10-04 21:05:20,652 - INFO - Fitting HMM with 3 states on 252 samples
2025-10-04 21:05:20,652 - INFO - Fitting HMM model with 3 states
2025-10-04 21:05:23,457 - INFO - Model fitted. Log-likelihood: -1160.5895
2025-10-04 21:05:23,467 - INFO - Saved model artifact: models\hmm_EUR_USD_3_win252_end20070820.joblib
2025-10-04 21:05:23,467 - INFO - Window 1 complete. Train LL: -1160.5895
2025-10-04 21:05:23,467 - INFO - Training window 2: 2006-10-02 to 2007-09-18
2025-10-04 21:05:23,483 - INFO - Fitting HMM with 3 states on 252 samples
2025-10-04 21:05:23,483 - INFO - Fitting HMM model with 3 states
2025-10-04 21:05:23,549 - INFO - Model fitted. Log-likelihood: -1158.7317
2025-10-04 21:05:23,562 - INFO - Saved model artifact: models\hmm_EUR_USD_3_win252_end20070918.joblib
2025-10-04 21:05:23,563 - INFO - Window 2 complete. Train LL: -1158.7317
2025-10-04 21:05:23,563 - INFO - Training window 3: 2006-10-31 to 2007-10-17
2025-10-04 21:05:23,575 - INFO - Fitting HMM with 3 states on 252 samples
2025-10-04 21:05:23,575 - INFO - Fitting HMM model with 3 states
2025-10-04 21:05:23,664 - INFO - Model fitted. Log-likelihood: -1266.2386
2025-10-04 21:05:23,676 - INFO - Saved model artifact: models\hmm_EUR_USD_3_win252_end20071017.joblib
2025-10-04 21:05:23,676 - INFO - Window 3 complete. Train LL: -1266.2386
2025-10-04 21:05:23,677 - INFO - Training window 4: 2006-11-29 to 2007-11-15
2025-10-04 21:05:23,688 - INFO - Fitting HMM with 3 states on 252 samples
2025-10-04 21:05:23,689 - INFO - Fitting HMM model with 3 states
2025-10-04 21:05:23,758 - INFO - Model fitted. Log-likelihood: -1266.8122
2025-10-04 21:05:23,769 - INFO - Saved model artifact: models\hmm_EUR_USD_3_win252_end20071115.joblib
2025-10-04 21:05:23,769 - INFO - Window 4 complete. Train LL: -1266.8122
2025-10-04 21:05:23,770 - INFO - Training window 5: 2006-12-28 to 2007-12-14
2025-10-04 21:05:23,784 - INFO - Fitting HMM with 3 states on 252 samples
2025-10-04 21:05:23,784 - INFO - Fitting HMM model with 3 states
2025-10-04 21:05:23,873 - INFO - Model fitted. Log-likelihood: -1166.5119
2025-10-04 21:05:23,886 - INFO - Saved model artifact: models\hmm_EUR_USD_3_win252_end20071214.joblib
2025-10-04 21:05:23,887 - INFO - Window 5 complete. Train LL: -1166.5119
2025-10-04 21:05:23,888 - INFO - Training window 6: 2007-01-26 to 2008-01-14
2025-10-04 21:05:23,899 - INFO - Fitting HMM with 3 states on 252 samples
2025-10-04 21:05:23,899 - INFO - Fitting HMM model with 3 states
2025-10-04 21:05:23,964 - INFO - Model fitted. Log-likelihood: -1162.8001
2025-10-04 21:05:23,975 - INFO - Saved model artifact: models\hmm_EUR_USD_3_win252_end20080114.joblib
2025-10-04 21:05:23,975 - INFO - Window 6 complete. Train LL: -1162.8001
2025-10-04 21:05:23,976 - INFO - Training window 7: 2007-02-26 to 2008-02-12
2025-10-04 21:05:23,988 - INFO - Fitting HMM with 3 states on 252 samples
2025-10-04 21:05:23,989 - INFO - Fitting HMM model with 3 states
2025-10-04 21:05:24,053 - INFO - Model fitted. Log-likelihood: -1120.5666
2025-10-04 21:05:24,067 - INFO - Saved model artifact: models\hmm_EUR_USD_3_win252_end20080212.joblib
2025-10-04 21:05:24,068 - INFO - Window 7 complete. Train LL: -1120.5666
2025-10-04 21:05:24,068 - INFO - Training window 8: 2007-03-27 to 2008-03-12
2025-10-04 21:05:24,093 - INFO - Fitting HMM with 3 states on 252 samples
2025-10-04 21:05:24,094 - INFO - Fitting HMM model with 3 states
2025-10-04 21:05:24,194 - INFO - Model fitted. Log-likelihood: -1090.6806
2025-10-04 21:05:24,210 - INFO - Saved model artifact: models\hmm_EUR_USD_3_win252_end20080312.joblib
2025-10-04 21:05:24,212 - INFO - Window 8 complete. Train LL: -1090.6806
2025-10-04 21:05:24,213 - INFO - Training window 9: 2007-04-25 to 2008-04-10
2025-10-04 21:05:24,228 - INFO - Fitting HMM with 3 states on 252 samples
2025-10-04 21:05:24,228 - INFO - Fitting HMM model with 3 states
2025-10-04 21:05:24,283 - INFO - Model fitted. Log-likelihood: -1117.1867
2025-10-04 21:05:24,294 - INFO - Saved model artifact: models\hmm_EUR_USD_3_win252_end20080410.joblib
2025-10-04 21:05:24,294 - INFO - Window 9 complete. Train LL: -1117.1867
2025-10-04 21:05:24,294 - INFO - Training window 10: 2007-05-24 to 2008-05-09
2025-10-04 21:05:24,310 - INFO - Fitting HMM with 3 states on 252 samples
2025-10-04 21:05:24,310 - INFO - Fitting HMM model with 3 states
2025-10-04 21:05:24,381 - INFO - Model fitted. Log-likelihood: -1102.7117
2025-10-04 21:05:24,393 - INFO - Saved model artifact: models\hmm_EUR_USD_3_win252_end20080509.joblib
2025-10-04 21:05:24,393 - INFO - Window 10 complete. Train LL: -1102.7117
2025-10-04 21:05:24,394 - INFO - Training window 11: 2007-06-22 to 2008-06-09
2025-10-04 21:05:24,404 - INFO - Fitting HMM with 3 states on 252 samples
2025-10-04 21:05:24,405 - INFO - Fitting HMM model with 3 states
2025-10-04 21:05:24,491 - INFO - Model fitted. Log-likelihood: -1185.0108
2025-10-04 21:05:24,500 - INFO - Saved model artifact: models\hmm_EUR_USD_3_win252_end20080609.joblib
2025-10-04 21:05:24,501 - INFO - Window 11 complete. Train LL: -1185.0108
2025-10-04 21:05:24,502 - INFO - Training window 12: 2007-07-23 to 2008-07-08
2025-10-04 21:05:24,513 - INFO - Fitting HMM with 3 states on 252 samples
2025-10-04 21:05:24,514 - INFO - Fitting HMM model with 3 states
2025-10-04 21:05:24,615 - INFO - Model fitted. Log-likelihood: -1252.5410
2025-10-04 21:05:24,625 - INFO - Saved model artifact: models\hmm_EUR_USD_3_win252_end20080708.joblib
2025-10-04 21:05:24,626 - INFO - Window 12 complete. Train LL: -1252.5410
2025-10-04 21:05:24,626 - INFO - Training window 13: 2007-08-21 to 2008-08-06
2025-10-04 21:05:24,645 - INFO - Fitting HMM with 3 states on 252 samples
2025-10-04 21:05:24,645 - INFO - Fitting HMM model with 3 states
2025-10-04 21:05:24,710 - INFO - Model fitted. Log-likelihood: -1261.3590
2025-10-04 21:05:24,719 - INFO - Saved model artifact: models\hmm_EUR_USD_3_win252_end20080806.joblib
2025-10-04 21:05:24,719 - INFO - Window 13 complete. Train LL: -1261.3590
2025-10-04 21:05:24,721 - INFO - Training window 14: 2007-09-19 to 2008-09-04
2025-10-04 21:05:24,731 - INFO - Fitting HMM with 3 states on 252 samples
2025-10-04 21:05:24,732 - INFO - Fitting HMM model with 3 states
2025-10-04 21:05:24,821 - INFO - Model fitted. Log-likelihood: -1134.4088
2025-10-04 21:05:24,832 - INFO - Saved model artifact: models\hmm_EUR_USD_3_win252_end20080904.joblib
2025-10-04 21:05:24,832 - INFO - Window 14 complete. Train LL: -1134.4088
2025-10-04 21:05:24,832 - INFO - Training window 15: 2007-10-18 to 2008-10-03
2025-10-04 21:05:24,845 - INFO - Fitting HMM with 3 states on 252 samples
2025-10-04 21:05:24,846 - INFO - Fitting HMM model with 3 states
2025-10-04 21:05:24,896 - INFO - Model fitted. Log-likelihood: -1175.0921
2025-10-04 21:05:24,906 - INFO - Saved model artifact: models\hmm_EUR_USD_3_win252_end20081003.joblib
2025-10-04 21:05:24,907 - INFO - Window 15 complete. Train LL: -1175.0921
2025-10-04 21:05:24,907 - INFO - Training window 16: 2007-11-16 to 2008-11-03
2025-10-04 21:05:24,917 - INFO - Fitting HMM with 3 states on 252 samples
2025-10-04 21:05:24,917 - INFO - Fitting HMM model with 3 states
2025-10-04 21:05:24,962 - INFO - Model fitted. Log-likelihood: -1040.8468
2025-10-04 21:05:24,973 - INFO - Saved model artifact: models\hmm_EUR_USD_3_win252_end20081103.joblib
2025-10-04 21:05:24,974 - INFO - Window 16 complete. Train LL: -1040.8468
2025-10-04 21:05:24,975 - INFO - Training window 17: 2007-12-17 to 2008-12-02
2025-10-04 21:05:24,985 - INFO - Fitting HMM with 3 states on 252 samples
2025-10-04 21:05:24,985 - INFO - Fitting HMM model with 3 states
2025-10-04 21:05:25,048 - INFO - Model fitted. Log-likelihood: -915.7215
2025-10-04 21:05:25,062 - INFO - Saved model artifact: models\hmm_EUR_USD_3_win252_end20081202.joblib
2025-10-04 21:05:25,062 - INFO - Window 17 complete. Train LL: -915.7215
2025-10-04 21:05:25,063 - INFO - Training window 18: 2008-01-15 to 2008-12-31
2025-10-04 21:05:25,078 - INFO - Fitting HMM with 3 states on 252 samples
2025-10-04 21:05:25,078 - INFO - Fitting HMM model with 3 states
2025-10-04 21:05:25,138 - INFO - Model fitted. Log-likelihood: -948.2392
2025-10-04 21:05:25,148 - INFO - Saved model artifact: models\hmm_EUR_USD_3_win252_end20081231.joblib
2025-10-04 21:05:25,149 - INFO - Window 18 complete. Train LL: -948.2392
2025-10-04 21:05:25,150 - INFO - Training window 19: 2008-02-13 to 2009-01-29
2025-10-04 21:05:25,172 - INFO - Fitting HMM with 3 states on 252 samples
2025-10-04 21:05:25,172 - INFO - Fitting HMM model with 3 states
2025-10-04 21:05:25,299 - INFO - Model fitted. Log-likelihood: -997.7851
2025-10-04 21:05:25,314 - INFO - Saved model artifact: models\hmm_EUR_USD_3_win252_end20090129.joblib
2025-10-04 21:05:25,314 - INFO - Window 19 complete. Train LL: -997.7851
2025-10-04 21:05:25,314 - INFO - Training window 20: 2008-03-13 to 2009-02-27
2025-10-04 21:05:25,328 - INFO - Fitting HMM with 3 states on 252 samples
2025-10-04 21:05:25,328 - INFO - Fitting HMM model with 3 states
2025-10-04 21:05:25,385 - INFO - Model fitted. Log-likelihood: -1090.3213
2025-10-04 21:05:25,395 - INFO - Saved model artifact: models\hmm_EUR_USD_3_win252_end20090227.joblib
2025-10-04 21:05:25,396 - INFO - Window 20 complete. Train LL: -1090.3213
2025-10-04 21:05:25,396 - INFO - Training window 21: 2008-04-11 to 2009-03-30
2025-10-04 21:05:25,409 - INFO - Fitting HMM with 3 states on 252 samples
2025-10-04 21:05:25,409 - INFO - Fitting HMM model with 3 states
2025-10-04 21:05:25,469 - INFO - Model fitted. Log-likelihood: -1020.3802
2025-10-04 21:05:25,481 - INFO - Saved model artifact: models\hmm_EUR_USD_3_win252_end20090330.joblib
2025-10-04 21:05:25,481 - INFO - Window 21 complete. Train LL: -1020.3802
2025-10-04 21:05:25,482 - INFO - Training window 22: 2008-05-12 to 2009-04-28
2025-10-04 21:05:25,495 - INFO - Fitting HMM with 3 states on 252 samples
2025-10-04 21:05:25,495 - INFO - Fitting HMM model with 3 states
2025-10-04 21:05:25,545 - INFO - Model fitted. Log-likelihood: -1114.5895
2025-10-04 21:05:25,554 - INFO - Saved model artifact: models\hmm_EUR_USD_3_win252_end20090428.joblib
2025-10-04 21:05:25,554 - INFO - Window 22 complete. Train LL: -1114.5895
2025-10-04 21:05:25,555 - INFO - Training window 23: 2008-06-10 to 2009-05-27
2025-10-04 21:05:25,567 - INFO - Fitting HMM with 3 states on 252 samples
2025-10-04 21:05:25,567 - INFO - Fitting HMM model with 3 states
2025-10-04 21:05:25,636 - INFO - Model fitted. Log-likelihood: -1117.4087
2025-10-04 21:05:25,648 - INFO - Saved model artifact: models\hmm_EUR_USD_3_win252_end20090527.joblib
2025-10-04 21:05:25,649 - INFO - Window 23 complete. Train LL: -1117.4087
2025-10-04 21:05:25,649 - INFO - Training window 24: 2008-07-09 to 2009-06-25
2025-10-04 21:05:25,664 - INFO - Fitting HMM with 3 states on 252 samples
2025-10-04 21:05:25,665 - INFO - Fitting HMM model with 3 states
2025-10-04 21:05:25,719 - INFO - Model fitted. Log-likelihood: -1232.8212
2025-10-04 21:05:25,734 - INFO - Saved model artifact: models\hmm_EUR_USD_3_win252_end20090625.joblib
2025-10-04 21:05:25,735 - INFO - Window 24 complete. Train LL: -1232.8212
2025-10-04 21:05:25,736 - INFO - Training window 25: 2008-08-07 to 2009-07-24
2025-10-04 21:05:25,754 - INFO - Fitting HMM with 3 states on 252 samples
2025-10-04 21:05:25,755 - INFO - Fitting HMM model with 3 states
2025-10-04 21:05:25,821 - INFO - Model fitted. Log-likelihood: -1178.9409
2025-10-04 21:05:25,833 - INFO - Saved model artifact: models\hmm_EUR_USD_3_win252_end20090724.joblib
2025-10-04 21:05:25,833 - INFO - Window 25 complete. Train LL: -1178.9409
2025-10-04 21:05:25,834 - INFO - Training window 26: 2008-09-05 to 2009-08-24
2025-10-04 21:05:25,850 - INFO - Fitting HMM with 3 states on 252 samples
2025-10-04 21:05:25,851 - INFO - Fitting HMM model with 3 states
2025-10-04 21:05:25,938 - INFO - Model fitted. Log-likelihood: -1188.7165
2025-10-04 21:05:25,948 - INFO - Saved model artifact: models\hmm_EUR_USD_3_win252_end20090824.joblib
2025-10-04 21:05:25,948 - INFO - Window 26 complete. Train LL: -1188.7165
2025-10-04 21:05:25,948 - INFO - Training window 27: 2008-10-06 to 2009-09-22
2025-10-04 21:05:25,962 - INFO - Fitting HMM with 3 states on 252 samples
2025-10-04 21:05:25,962 - INFO - Fitting HMM model with 3 states
2025-10-04 21:05:26,023 - INFO - Model fitted. Log-likelihood: -1059.6540
2025-10-04 21:05:26,033 - INFO - Saved model artifact: models\hmm_EUR_USD_3_win252_end20090922.joblib
2025-10-04 21:05:26,034 - INFO - Window 27 complete. Train LL: -1059.6540
2025-10-04 21:05:26,035 - INFO - Training window 28: 2008-11-04 to 2009-10-21
2025-10-04 21:05:26,049 - INFO - Fitting HMM with 3 states on 252 samples
2025-10-04 21:05:26,049 - INFO - Fitting HMM model with 3 states
2025-10-04 21:05:26,156 - INFO - Model fitted. Log-likelihood: -1100.0264
2025-10-04 21:05:26,165 - INFO - Saved model artifact: models\hmm_EUR_USD_3_win252_end20091021.joblib
2025-10-04 21:05:26,165 - INFO - Window 28 complete. Train LL: -1100.0264
2025-10-04 21:05:26,166 - INFO - Training window 29: 2008-12-03 to 2009-11-19
2025-10-04 21:05:26,182 - INFO - Fitting HMM with 3 states on 252 samples
2025-10-04 21:05:26,182 - INFO - Fitting HMM model with 3 states
2025-10-04 21:05:26,251 - INFO - Model fitted. Log-likelihood: -1017.5029
2025-10-04 21:05:26,259 - INFO - Saved model artifact: models\hmm_EUR_USD_3_win252_end20091119.joblib
2025-10-04 21:05:26,260 - INFO - Window 29 complete. Train LL: -1017.5029
2025-10-04 21:05:26,260 - INFO - Training window 30: 2009-01-01 to 2009-12-18
2025-10-04 21:05:26,270 - INFO - Fitting HMM with 3 states on 252 samples
2025-10-04 21:05:26,271 - INFO - Fitting HMM model with 3 states
2025-10-04 21:05:26,513 - INFO - Model fitted. Log-likelihood: -1059.2842
2025-10-04 21:05:26,524 - INFO - Saved model artifact: models\hmm_EUR_USD_3_win252_end20091218.joblib
2025-10-04 21:05:26,524 - INFO - Window 30 complete. Train LL: -1059.2842
2025-10-04 21:05:26,525 - INFO - Training window 31: 2009-01-30 to 2010-01-18
2025-10-04 21:05:26,542 - INFO - Fitting HMM with 3 states on 252 samples
2025-10-04 21:05:26,542 - INFO - Fitting HMM model with 3 states
2025-10-04 21:05:26,664 - INFO - Model fitted. Log-likelihood: -1202.4482
2025-10-04 21:05:26,678 - INFO - Saved model artifact: models\hmm_EUR_USD_3_win252_end20100118.joblib
2025-10-04 21:05:26,679 - INFO - Window 31 complete. Train LL: -1202.4482
2025-10-04 21:05:26,680 - INFO - Training window 32: 2009-03-02 to 2010-02-16
2025-10-04 21:05:26,692 - INFO - Fitting HMM with 3 states on 252 samples
2025-10-04 21:05:26,692 - INFO - Fitting HMM model with 3 states
2025-10-04 21:05:26,794 - INFO - Model fitted. Log-likelihood: -1284.5424
2025-10-04 21:05:26,803 - INFO - Saved model artifact: models\hmm_EUR_USD_3_win252_end20100216.joblib
2025-10-04 21:05:26,803 - INFO - Window 32 complete. Train LL: -1284.5424
2025-10-04 21:05:26,804 - INFO - Training window 33: 2009-03-31 to 2010-03-17
2025-10-04 21:05:26,820 - INFO - Fitting HMM with 3 states on 252 samples
2025-10-04 21:05:26,821 - INFO - Fitting HMM model with 3 states
2025-10-04 21:05:26,973 - INFO - Model fitted. Log-likelihood: -1155.0941
2025-10-04 21:05:26,982 - INFO - Saved model artifact: models\hmm_EUR_USD_3_win252_end20100317.joblib
2025-10-04 21:05:26,982 - INFO - Window 33 complete. Train LL: -1155.0941
2025-10-04 21:05:26,982 - INFO - Training window 34: 2009-04-29 to 2010-04-15
2025-10-04 21:05:26,995 - INFO - Fitting HMM with 3 states on 252 samples
2025-10-04 21:05:26,995 - INFO - Fitting HMM model with 3 states
2025-10-04 21:05:27,045 - INFO - Model fitted. Log-likelihood: -1161.9141
2025-10-04 21:05:27,057 - INFO - Saved model artifact: models\hmm_EUR_USD_3_win252_end20100415.joblib
2025-10-04 21:05:27,058 - INFO - Window 34 complete. Train LL: -1161.9141
2025-10-04 21:05:27,058 - INFO - Training window 35: 2009-05-28 to 2010-05-14
2025-10-04 21:05:27,070 - INFO - Fitting HMM with 3 states on 252 samples
2025-10-04 21:05:27,071 - INFO - Fitting HMM model with 3 states
2025-10-04 21:05:27,181 - INFO - Model fitted. Log-likelihood: -1364.8517
2025-10-04 21:05:27,194 - INFO - Saved model artifact: models\hmm_EUR_USD_3_win252_end20100514.joblib
2025-10-04 21:05:27,194 - INFO - Window 35 complete. Train LL: -1364.8517
2025-10-04 21:05:27,194 - INFO - Training window 36: 2009-06-26 to 2010-06-14
2025-10-04 21:05:27,212 - INFO - Fitting HMM with 3 states on 252 samples
2025-10-04 21:05:27,212 - INFO - Fitting HMM model with 3 states
2025-10-04 21:05:27,296 - INFO - Model fitted. Log-likelihood: -1115.0988
2025-10-04 21:05:27,309 - INFO - Saved model artifact: models\hmm_EUR_USD_3_win252_end20100614.joblib
2025-10-04 21:05:27,310 - INFO - Window 36 complete. Train LL: -1115.0988
2025-10-04 21:05:27,311 - INFO - Training window 37: 2009-07-27 to 2010-07-13
2025-10-04 21:05:27,333 - INFO - Fitting HMM with 3 states on 252 samples
2025-10-04 21:05:27,334 - INFO - Fitting HMM model with 3 states
2025-10-04 21:05:27,394 - INFO - Model fitted. Log-likelihood: -1097.6335
2025-10-04 21:05:27,403 - INFO - Saved model artifact: models\hmm_EUR_USD_3_win252_end20100713.joblib
2025-10-04 21:05:27,404 - INFO - Window 37 complete. Train LL: -1097.6335
2025-10-04 21:05:27,404 - INFO - Training window 38: 2009-08-25 to 2010-08-11
2025-10-04 21:05:27,416 - INFO - Fitting HMM with 3 states on 252 samples
2025-10-04 21:05:27,417 - INFO - Fitting HMM model with 3 states
2025-10-04 21:05:27,550 - INFO - Model fitted. Log-likelihood: -1086.6585
2025-10-04 21:05:27,560 - INFO - Saved model artifact: models\hmm_EUR_USD_3_win252_end20100811.joblib
2025-10-04 21:05:27,560 - INFO - Window 38 complete. Train LL: -1086.6585
2025-10-04 21:05:27,561 - INFO - Training window 39: 2009-09-23 to 2010-09-09
2025-10-04 21:05:27,571 - INFO - Fitting HMM with 3 states on 252 samples
2025-10-04 21:05:27,571 - INFO - Fitting HMM model with 3 states
2025-10-04 21:05:27,633 - INFO - Model fitted. Log-likelihood: -1151.9603
2025-10-04 21:05:27,643 - INFO - Saved model artifact: models\hmm_EUR_USD_3_win252_end20100909.joblib
2025-10-04 21:05:27,643 - INFO - Window 39 complete. Train LL: -1151.9603
2025-10-04 21:05:27,644 - INFO - Training window 40: 2009-10-22 to 2010-10-08
2025-10-04 21:05:27,655 - INFO - Fitting HMM with 3 states on 252 samples
2025-10-04 21:05:27,656 - INFO - Fitting HMM model with 3 states
2025-10-04 21:05:27,882 - INFO - Model fitted. Log-likelihood: -1269.7255
2025-10-04 21:05:27,890 - INFO - Saved model artifact: models\hmm_EUR_USD_3_win252_end20101008.joblib
2025-10-04 21:05:27,891 - INFO - Window 40 complete. Train LL: -1269.7255
2025-10-04 21:05:27,891 - INFO - Training window 41: 2009-11-20 to 2010-11-08
2025-10-04 21:05:27,904 - INFO - Fitting HMM with 3 states on 252 samples
2025-10-04 21:05:27,904 - INFO - Fitting HMM model with 3 states
2025-10-04 21:05:27,985 - INFO - Model fitted. Log-likelihood: -1141.4501
2025-10-04 21:05:27,997 - INFO - Saved model artifact: models\hmm_EUR_USD_3_win252_end20101108.joblib
2025-10-04 21:05:27,998 - INFO - Window 41 complete. Train LL: -1141.4501
2025-10-04 21:05:27,998 - INFO - Training window 42: 2009-12-21 to 2010-12-07
2025-10-04 21:05:28,015 - INFO - Fitting HMM with 3 states on 252 samples
2025-10-04 21:05:28,016 - INFO - Fitting HMM model with 3 states
2025-10-04 21:05:28,100 - INFO - Model fitted. Log-likelihood: -1136.1266
2025-10-04 21:05:28,114 - INFO - Saved model artifact: models\hmm_EUR_USD_3_win252_end20101207.joblib
2025-10-04 21:05:28,114 - INFO - Window 42 complete. Train LL: -1136.1266
2025-10-04 21:05:28,115 - INFO - Training window 43: 2010-01-19 to 2011-01-05
2025-10-04 21:05:28,127 - INFO - Fitting HMM with 3 states on 252 samples
2025-10-04 21:05:28,127 - INFO - Fitting HMM model with 3 states
2025-10-04 21:05:28,184 - INFO - Model fitted. Log-likelihood: -1177.9311
2025-10-04 21:05:28,197 - INFO - Saved model artifact: models\hmm_EUR_USD_3_win252_end20110105.joblib
2025-10-04 21:05:28,198 - INFO - Window 43 complete. Train LL: -1177.9311
2025-10-04 21:05:28,198 - INFO - Training window 44: 2010-02-17 to 2011-02-03
2025-10-04 21:05:28,209 - INFO - Fitting HMM with 3 states on 252 samples
2025-10-04 21:05:28,210 - INFO - Fitting HMM model with 3 states
2025-10-04 21:05:28,261 - INFO - Model fitted. Log-likelihood: -1134.6490
2025-10-04 21:05:28,271 - INFO - Saved model artifact: models\hmm_EUR_USD_3_win252_end20110203.joblib
2025-10-04 21:05:28,272 - INFO - Window 44 complete. Train LL: -1134.6490
2025-10-04 21:05:28,272 - INFO - Training window 45: 2010-03-18 to 2011-03-04
2025-10-04 21:05:28,283 - INFO - Fitting HMM with 3 states on 252 samples
2025-10-04 21:05:28,283 - INFO - Fitting HMM model with 3 states
2025-10-04 21:05:28,351 - INFO - Model fitted. Log-likelihood: -1172.2071
2025-10-04 21:05:28,361 - INFO - Saved model artifact: models\hmm_EUR_USD_3_win252_end20110304.joblib
2025-10-04 21:05:28,361 - INFO - Window 45 complete. Train LL: -1172.2071
2025-10-04 21:05:28,362 - INFO - Training window 46: 2010-04-16 to 2011-04-04
2025-10-04 21:05:28,377 - INFO - Fitting HMM with 3 states on 252 samples
2025-10-04 21:05:28,377 - INFO - Fitting HMM model with 3 states
2025-10-04 21:05:28,434 - INFO - Model fitted. Log-likelihood: -1196.9185
2025-10-04 21:05:28,446 - INFO - Saved model artifact: models\hmm_EUR_USD_3_win252_end20110404.joblib
2025-10-04 21:05:28,446 - INFO - Window 46 complete. Train LL: -1196.9185
2025-10-04 21:05:28,447 - INFO - Training window 47: 2010-05-17 to 2011-05-03
2025-10-04 21:05:28,461 - INFO - Fitting HMM with 3 states on 252 samples
2025-10-04 21:05:28,462 - INFO - Fitting HMM model with 3 states
2025-10-04 21:05:28,538 - INFO - Model fitted. Log-likelihood: -1146.5120
2025-10-04 21:05:28,549 - INFO - Saved model artifact: models\hmm_EUR_USD_3_win252_end20110503.joblib
2025-10-04 21:05:28,550 - INFO - Window 47 complete. Train LL: -1146.5120
2025-10-04 21:05:28,550 - INFO - Training window 48: 2010-06-15 to 2011-06-01
2025-10-04 21:05:28,569 - INFO - Fitting HMM with 3 states on 252 samples
2025-10-04 21:05:28,569 - INFO - Fitting HMM model with 3 states
2025-10-04 21:05:28,739 - INFO - Model fitted. Log-likelihood: -1145.6427
2025-10-04 21:05:28,747 - INFO - Saved model artifact: models\hmm_EUR_USD_3_win252_end20110601.joblib
2025-10-04 21:05:28,747 - INFO - Window 48 complete. Train LL: -1145.6427
2025-10-04 21:05:28,748 - INFO - Training window 49: 2010-07-14 to 2011-06-30
2025-10-04 21:05:28,761 - INFO - Fitting HMM with 3 states on 252 samples
2025-10-04 21:05:28,762 - INFO - Fitting HMM model with 3 states
2025-10-04 21:05:28,858 - INFO - Model fitted. Log-likelihood: -1178.0808
2025-10-04 21:05:28,867 - INFO - Saved model artifact: models\hmm_EUR_USD_3_win252_end20110630.joblib
2025-10-04 21:05:28,868 - INFO - Window 49 complete. Train LL: -1178.0808
2025-10-04 21:05:28,868 - INFO - Training window 50: 2010-08-12 to 2011-07-29
2025-10-04 21:05:28,880 - INFO - Fitting HMM with 3 states on 252 samples
2025-10-04 21:05:28,881 - INFO - Fitting HMM model with 3 states
2025-10-04 21:05:28,935 - INFO - Model fitted. Log-likelihood: -1177.4513
2025-10-04 21:05:28,946 - INFO - Saved model artifact: models\hmm_EUR_USD_3_win252_end20110729.joblib
2025-10-04 21:05:28,946 - INFO - Window 50 complete. Train LL: -1177.4513
2025-10-04 21:05:28,947 - INFO - Training window 51: 2010-09-10 to 2011-08-29
2025-10-04 21:05:28,958 - INFO - Fitting HMM with 3 states on 252 samples
2025-10-04 21:05:28,958 - INFO - Fitting HMM model with 3 states
2025-10-04 21:05:29,021 - INFO - Model fitted. Log-likelihood: -1179.6060
2025-10-04 21:05:29,033 - INFO - Saved model artifact: models\hmm_EUR_USD_3_win252_end20110829.joblib
2025-10-04 21:05:29,033 - INFO - Window 51 complete. Train LL: -1179.6060
2025-10-04 21:05:29,034 - INFO - Training window 52: 2010-10-11 to 2011-09-27
2025-10-04 21:05:29,046 - INFO - Fitting HMM with 3 states on 252 samples
2025-10-04 21:05:29,046 - INFO - Fitting HMM model with 3 states
2025-10-04 21:05:29,140 - WARNING - Model is not converging.  Current: -1278.5043454847892 is not greater than -1278.504340583437. Delta is -4.9013522129826015e-06
2025-10-04 21:05:29,142 - INFO - Model fitted. Log-likelihood: -1278.5045
2025-10-04 21:05:29,152 - INFO - Saved model artifact: models\hmm_EUR_USD_3_win252_end20110927.joblib
2025-10-04 21:05:29,152 - INFO - Window 52 complete. Train LL: -1278.5045
2025-10-04 21:05:29,152 - INFO - Training window 53: 2010-11-09 to 2011-10-26
2025-10-04 21:05:29,171 - INFO - Fitting HMM with 3 states on 252 samples
2025-10-04 21:05:29,171 - INFO - Fitting HMM model with 3 states
2025-10-04 21:05:29,220 - INFO - Model fitted. Log-likelihood: -1197.5302
2025-10-04 21:05:29,235 - INFO - Saved model artifact: models\hmm_EUR_USD_3_win252_end20111026.joblib
2025-10-04 21:05:29,236 - INFO - Window 53 complete. Train LL: -1197.5302
2025-10-04 21:05:29,236 - INFO - Training window 54: 2010-12-08 to 2011-11-24
2025-10-04 21:05:29,250 - INFO - Fitting HMM with 3 states on 252 samples
2025-10-04 21:05:29,250 - INFO - Fitting HMM model with 3 states
2025-10-04 21:05:29,323 - INFO - Model fitted. Log-likelihood: -1224.1182
2025-10-04 21:05:29,333 - INFO - Saved model artifact: models\hmm_EUR_USD_3_win252_end20111124.joblib
2025-10-04 21:05:29,333 - INFO - Window 54 complete. Train LL: -1224.1182
2025-10-04 21:05:29,333 - INFO - Training window 55: 2011-01-06 to 2011-12-23
2025-10-04 21:05:29,346 - INFO - Fitting HMM with 3 states on 252 samples
2025-10-04 21:05:29,346 - INFO - Fitting HMM model with 3 states
2025-10-04 21:05:29,395 - INFO - Model fitted. Log-likelihood: -1285.7129
2025-10-04 21:05:29,403 - INFO - Saved model artifact: models\hmm_EUR_USD_3_win252_end20111223.joblib
2025-10-04 21:05:29,404 - INFO - Window 55 complete. Train LL: -1285.7129
2025-10-04 21:05:29,404 - INFO - Training window 56: 2011-02-04 to 2012-01-23
2025-10-04 21:05:29,421 - INFO - Fitting HMM with 3 states on 252 samples
2025-10-04 21:05:29,422 - INFO - Fitting HMM model with 3 states
2025-10-04 21:05:29,479 - INFO - Model fitted. Log-likelihood: -1258.6811
2025-10-04 21:05:29,489 - INFO - Saved model artifact: models\hmm_EUR_USD_3_win252_end20120123.joblib
2025-10-04 21:05:29,490 - INFO - Window 56 complete. Train LL: -1258.6811
2025-10-04 21:05:29,490 - INFO - Training window 57: 2011-03-07 to 2012-02-21
2025-10-04 21:05:29,506 - INFO - Fitting HMM with 3 states on 252 samples
2025-10-04 21:05:29,507 - INFO - Fitting HMM model with 3 states
2025-10-04 21:05:29,583 - INFO - Model fitted. Log-likelihood: -1222.6399
2025-10-04 21:05:29,594 - INFO - Saved model artifact: models\hmm_EUR_USD_3_win252_end20120221.joblib
2025-10-04 21:05:29,594 - INFO - Window 57 complete. Train LL: -1222.6399
2025-10-04 21:05:29,595 - INFO - Training window 58: 2011-04-05 to 2012-03-21
2025-10-04 21:05:29,609 - INFO - Fitting HMM with 3 states on 252 samples
2025-10-04 21:05:29,609 - INFO - Fitting HMM model with 3 states
2025-10-04 21:05:29,656 - INFO - Model fitted. Log-likelihood: -1235.5027
2025-10-04 21:05:29,665 - INFO - Saved model artifact: models\hmm_EUR_USD_3_win252_end20120321.joblib
2025-10-04 21:05:29,666 - INFO - Window 58 complete. Train LL: -1235.5027
2025-10-04 21:05:29,666 - INFO - Training window 59: 2011-05-04 to 2012-04-19
2025-10-04 21:05:29,679 - INFO - Fitting HMM with 3 states on 252 samples
2025-10-04 21:05:29,679 - INFO - Fitting HMM model with 3 states
2025-10-04 21:05:29,876 - INFO - Model fitted. Log-likelihood: -1445.6000
2025-10-04 21:05:29,884 - INFO - Saved model artifact: models\hmm_EUR_USD_3_win252_end20120419.joblib
2025-10-04 21:05:29,885 - INFO - Window 59 complete. Train LL: -1445.6000
2025-10-04 21:05:29,885 - INFO - Training window 60: 2011-06-02 to 2012-05-18
2025-10-04 21:05:29,896 - INFO - Fitting HMM with 3 states on 252 samples
2025-10-04 21:05:29,897 - INFO - Fitting HMM model with 3 states
2025-10-04 21:05:29,950 - INFO - Model fitted. Log-likelihood: -1244.1330
2025-10-04 21:05:29,962 - INFO - Saved model artifact: models\hmm_EUR_USD_3_win252_end20120518.joblib
2025-10-04 21:05:29,963 - INFO - Window 60 complete. Train LL: -1244.1330
2025-10-04 21:05:29,963 - INFO - Training window 61: 2011-07-01 to 2012-06-18
2025-10-04 21:05:29,978 - INFO - Fitting HMM with 3 states on 252 samples
2025-10-04 21:05:29,978 - INFO - Fitting HMM model with 3 states
2025-10-04 21:05:30,044 - INFO - Model fitted. Log-likelihood: -1250.0343
2025-10-04 21:05:30,065 - INFO - Saved model artifact: models\hmm_EUR_USD_3_win252_end20120618.joblib
2025-10-04 21:05:30,077 - INFO - Window 61 complete. Train LL: -1250.0343
2025-10-04 21:05:30,078 - INFO - Training window 62: 2011-08-01 to 2012-07-17
2025-10-04 21:05:30,101 - INFO - Fitting HMM with 3 states on 252 samples
2025-10-04 21:05:30,140 - INFO - Fitting HMM model with 3 states
2025-10-04 21:05:30,244 - INFO - Model fitted. Log-likelihood: -1226.2037
2025-10-04 21:05:30,295 - INFO - Saved model artifact: models\hmm_EUR_USD_3_win252_end20120717.joblib
2025-10-04 21:05:30,331 - INFO - Window 62 complete. Train LL: -1226.2037
2025-10-04 21:05:30,359 - INFO - Training window 63: 2011-08-30 to 2012-08-15
2025-10-04 21:05:30,393 - INFO - Fitting HMM with 3 states on 252 samples
2025-10-04 21:05:30,396 - INFO - Fitting HMM model with 3 states
2025-10-04 21:05:30,476 - INFO - Model fitted. Log-likelihood: -1210.8890
2025-10-04 21:05:30,485 - INFO - Saved model artifact: models\hmm_EUR_USD_3_win252_end20120815.joblib
2025-10-04 21:05:30,485 - INFO - Window 63 complete. Train LL: -1210.8890
2025-10-04 21:05:30,486 - INFO - Training window 64: 2011-09-28 to 2012-09-13
2025-10-04 21:05:30,498 - INFO - Fitting HMM with 3 states on 252 samples
2025-10-04 21:05:30,499 - INFO - Fitting HMM model with 3 states
2025-10-04 21:05:30,565 - INFO - Model fitted. Log-likelihood: -1201.6190
2025-10-04 21:05:30,577 - INFO - Saved model artifact: models\hmm_EUR_USD_3_win252_end20120913.joblib
2025-10-04 21:05:30,577 - INFO - Window 64 complete. Train LL: -1201.6190
2025-10-04 21:05:30,578 - INFO - Training window 65: 2011-10-27 to 2012-10-12
2025-10-04 21:05:30,593 - INFO - Fitting HMM with 3 states on 252 samples
2025-10-04 21:05:30,594 - INFO - Fitting HMM model with 3 states
2025-10-04 21:05:30,737 - INFO - Model fitted. Log-likelihood: -1285.5247
2025-10-04 21:05:30,745 - INFO - Saved model artifact: models\hmm_EUR_USD_3_win252_end20121012.joblib
2025-10-04 21:05:30,745 - INFO - Window 65 complete. Train LL: -1285.5247
2025-10-04 21:05:30,746 - INFO - Training window 66: 2011-11-25 to 2012-11-12
2025-10-04 21:05:30,760 - INFO - Fitting HMM with 3 states on 252 samples
2025-10-04 21:05:30,761 - INFO - Fitting HMM model with 3 states
2025-10-04 21:05:30,921 - INFO - Model fitted. Log-likelihood: -1321.0007
2025-10-04 21:05:30,929 - INFO - Saved model artifact: models\hmm_EUR_USD_3_win252_end20121112.joblib
2025-10-04 21:05:30,930 - INFO - Window 66 complete. Train LL: -1321.0007
2025-10-04 21:05:30,931 - INFO - Training window 67: 2011-12-26 to 2012-12-11
2025-10-04 21:05:30,943 - INFO - Fitting HMM with 3 states on 252 samples
2025-10-04 21:05:30,943 - INFO - Fitting HMM model with 3 states
2025-10-04 21:05:31,044 - INFO - Model fitted. Log-likelihood: -1297.6574
2025-10-04 21:05:31,053 - INFO - Saved model artifact: models\hmm_EUR_USD_3_win252_end20121211.joblib
2025-10-04 21:05:31,054 - INFO - Window 67 complete. Train LL: -1297.6574
2025-10-04 21:05:31,055 - INFO - Training window 68: 2012-01-24 to 2013-01-09
2025-10-04 21:05:31,066 - INFO - Fitting HMM with 3 states on 252 samples
2025-10-04 21:05:31,067 - INFO - Fitting HMM model with 3 states
2025-10-04 21:05:31,237 - INFO - Model fitted. Log-likelihood: -1272.5381
2025-10-04 21:05:31,245 - INFO - Saved model artifact: models\hmm_EUR_USD_3_win252_end20130109.joblib
2025-10-04 21:05:31,246 - INFO - Window 68 complete. Train LL: -1272.5381
2025-10-04 21:05:31,246 - INFO - Training window 69: 2012-02-22 to 2013-02-07
2025-10-04 21:05:31,261 - INFO - Fitting HMM with 3 states on 252 samples
2025-10-04 21:05:31,261 - INFO - Fitting HMM model with 3 states
2025-10-04 21:05:31,364 - INFO - Model fitted. Log-likelihood: -1282.8900
2025-10-04 21:05:31,374 - INFO - Saved model artifact: models\hmm_EUR_USD_3_win252_end20130207.joblib
2025-10-04 21:05:31,375 - INFO - Window 69 complete. Train LL: -1282.8900
2025-10-04 21:05:31,375 - INFO - Training window 70: 2012-03-22 to 2013-03-08
2025-10-04 21:05:31,392 - INFO - Fitting HMM with 3 states on 252 samples
2025-10-04 21:05:31,392 - INFO - Fitting HMM model with 3 states
2025-10-04 21:05:31,447 - INFO - Model fitted. Log-likelihood: -1333.6794
2025-10-04 21:05:31,456 - INFO - Saved model artifact: models\hmm_EUR_USD_3_win252_end20130308.joblib
2025-10-04 21:05:31,457 - INFO - Window 70 complete. Train LL: -1333.6794
2025-10-04 21:05:31,457 - INFO - Training window 71: 2012-04-20 to 2013-04-08
2025-10-04 21:05:31,472 - INFO - Fitting HMM with 3 states on 252 samples
2025-10-04 21:05:31,472 - INFO - Fitting HMM model with 3 states
2025-10-04 21:05:31,555 - INFO - Model fitted. Log-likelihood: -1406.3979
2025-10-04 21:05:31,565 - INFO - Saved model artifact: models\hmm_EUR_USD_3_win252_end20130408.joblib
2025-10-04 21:05:31,565 - INFO - Window 71 complete. Train LL: -1406.3979
2025-10-04 21:05:31,566 - INFO - Training window 72: 2012-05-21 to 2013-05-07
2025-10-04 21:05:31,582 - INFO - Fitting HMM with 3 states on 252 samples
2025-10-04 21:05:31,582 - INFO - Fitting HMM model with 3 states
2025-10-04 21:05:31,689 - INFO - Model fitted. Log-likelihood: -1331.2804
2025-10-04 21:05:31,698 - INFO - Saved model artifact: models\hmm_EUR_USD_3_win252_end20130507.joblib
2025-10-04 21:05:31,699 - INFO - Window 72 complete. Train LL: -1331.2804
2025-10-04 21:05:31,699 - INFO - Training window 73: 2012-06-19 to 2013-06-05
2025-10-04 21:05:31,717 - INFO - Fitting HMM with 3 states on 252 samples
2025-10-04 21:05:31,717 - INFO - Fitting HMM model with 3 states
2025-10-04 21:05:31,913 - INFO - Model fitted. Log-likelihood: -1275.3034
2025-10-04 21:05:31,921 - INFO - Saved model artifact: models\hmm_EUR_USD_3_win252_end20130605.joblib
2025-10-04 21:05:31,922 - INFO - Window 73 complete. Train LL: -1275.3034
2025-10-04 21:05:31,922 - INFO - Training window 74: 2012-07-18 to 2013-07-04
2025-10-04 21:05:31,934 - INFO - Fitting HMM with 3 states on 252 samples
2025-10-04 21:05:31,934 - INFO - Fitting HMM model with 3 states
2025-10-04 21:05:32,031 - INFO - Model fitted. Log-likelihood: -1475.8406
2025-10-04 21:05:32,042 - INFO - Saved model artifact: models\hmm_EUR_USD_3_win252_end20130704.joblib
2025-10-04 21:05:32,042 - INFO - Window 74 complete. Train LL: -1475.8406
2025-10-04 21:05:32,042 - INFO - Training window 75: 2012-08-16 to 2013-08-02
2025-10-04 21:05:32,051 - INFO - Fitting HMM with 3 states on 252 samples
2025-10-04 21:05:32,052 - INFO - Fitting HMM model with 3 states
2025-10-04 21:05:32,110 - INFO - Model fitted. Log-likelihood: -1407.2666
2025-10-04 21:05:32,123 - INFO - Saved model artifact: models\hmm_EUR_USD_3_win252_end20130802.joblib
2025-10-04 21:05:32,123 - INFO - Window 75 complete. Train LL: -1407.2666
2025-10-04 21:05:32,124 - INFO - Training window 76: 2012-09-14 to 2013-09-02
2025-10-04 21:05:32,138 - INFO - Fitting HMM with 3 states on 252 samples
2025-10-04 21:05:32,138 - INFO - Fitting HMM model with 3 states
2025-10-04 21:05:32,234 - INFO - Model fitted. Log-likelihood: -1264.2987
2025-10-04 21:05:32,244 - INFO - Saved model artifact: models\hmm_EUR_USD_3_win252_end20130902.joblib
2025-10-04 21:05:32,245 - INFO - Window 76 complete. Train LL: -1264.2987
2025-10-04 21:05:32,245 - INFO - Training window 77: 2012-10-15 to 2013-10-01
2025-10-04 21:05:32,263 - INFO - Fitting HMM with 3 states on 252 samples
2025-10-04 21:05:32,263 - INFO - Fitting HMM model with 3 states
2025-10-04 21:05:32,325 - INFO - Model fitted. Log-likelihood: -1284.1877
2025-10-04 21:05:32,334 - INFO - Saved model artifact: models\hmm_EUR_USD_3_win252_end20131001.joblib
2025-10-04 21:05:32,334 - INFO - Window 77 complete. Train LL: -1284.1877
2025-10-04 21:05:32,334 - INFO - Training window 78: 2012-11-13 to 2013-10-30
2025-10-04 21:05:32,349 - INFO - Fitting HMM with 3 states on 252 samples
2025-10-04 21:05:32,349 - INFO - Fitting HMM model with 3 states
2025-10-04 21:05:32,406 - INFO - Model fitted. Log-likelihood: -1217.4804
2025-10-04 21:05:32,415 - INFO - Saved model artifact: models\hmm_EUR_USD_3_win252_end20131030.joblib
2025-10-04 21:05:32,415 - INFO - Window 78 complete. Train LL: -1217.4804
2025-10-04 21:05:32,416 - INFO - Training window 79: 2012-12-12 to 2013-11-28
2025-10-04 21:05:32,428 - INFO - Fitting HMM with 3 states on 252 samples
2025-10-04 21:05:32,429 - INFO - Fitting HMM model with 3 states
2025-10-04 21:05:32,535 - INFO - Model fitted. Log-likelihood: -1229.1510
2025-10-04 21:05:32,546 - INFO - Saved model artifact: models\hmm_EUR_USD_3_win252_end20131128.joblib
2025-10-04 21:05:32,547 - INFO - Window 79 complete. Train LL: -1229.1510
2025-10-04 21:05:32,547 - INFO - Training window 80: 2013-01-10 to 2013-12-27
2025-10-04 21:05:32,562 - INFO - Fitting HMM with 3 states on 252 samples
2025-10-04 21:05:32,562 - INFO - Fitting HMM model with 3 states
2025-10-04 21:05:32,787 - INFO - Model fitted. Log-likelihood: -1196.5435
2025-10-04 21:05:32,796 - INFO - Saved model artifact: models\hmm_EUR_USD_3_win252_end20131227.joblib
2025-10-04 21:05:32,797 - INFO - Window 80 complete. Train LL: -1196.5435
2025-10-04 21:05:32,797 - INFO - Training window 81: 2013-02-08 to 2014-01-27
2025-10-04 21:05:32,809 - INFO - Fitting HMM with 3 states on 252 samples
2025-10-04 21:05:32,809 - INFO - Fitting HMM model with 3 states
2025-10-04 21:05:32,861 - INFO - Model fitted. Log-likelihood: -1173.2634
2025-10-04 21:05:32,872 - INFO - Saved model artifact: models\hmm_EUR_USD_3_win252_end20140127.joblib
2025-10-04 21:05:32,872 - INFO - Window 81 complete. Train LL: -1173.2634
2025-10-04 21:05:32,872 - INFO - Training window 82: 2013-03-11 to 2014-02-25
2025-10-04 21:05:32,886 - INFO - Fitting HMM with 3 states on 252 samples
2025-10-04 21:05:32,887 - INFO - Fitting HMM model with 3 states
2025-10-04 21:05:33,093 - INFO - Model fitted. Log-likelihood: -1210.7129
2025-10-04 21:05:33,108 - INFO - Saved model artifact: models\hmm_EUR_USD_3_win252_end20140225.joblib
2025-10-04 21:05:33,108 - INFO - Window 82 complete. Train LL: -1210.7129
2025-10-04 21:05:33,109 - INFO - Training window 83: 2013-04-09 to 2014-03-26
2025-10-04 21:05:33,125 - INFO - Fitting HMM with 3 states on 252 samples
2025-10-04 21:05:33,125 - INFO - Fitting HMM model with 3 states
2025-10-04 21:05:33,256 - INFO - Model fitted. Log-likelihood: -1183.6887
2025-10-04 21:05:33,264 - INFO - Saved model artifact: models\hmm_EUR_USD_3_win252_end20140326.joblib
2025-10-04 21:05:33,264 - INFO - Window 83 complete. Train LL: -1183.6887
2025-10-04 21:05:33,265 - INFO - Training window 84: 2013-05-08 to 2014-04-24
2025-10-04 21:05:33,278 - INFO - Fitting HMM with 3 states on 252 samples
2025-10-04 21:05:33,279 - INFO - Fitting HMM model with 3 states
2025-10-04 21:05:33,325 - INFO - Model fitted. Log-likelihood: -1169.4355
2025-10-04 21:05:33,334 - INFO - Saved model artifact: models\hmm_EUR_USD_3_win252_end20140424.joblib
2025-10-04 21:05:33,334 - INFO - Window 84 complete. Train LL: -1169.4355
2025-10-04 21:05:33,335 - INFO - Training window 85: 2013-06-06 to 2014-05-23
2025-10-04 21:05:33,347 - INFO - Fitting HMM with 3 states on 252 samples
2025-10-04 21:05:33,347 - INFO - Fitting HMM model with 3 states
2025-10-04 21:05:33,428 - INFO - Model fitted. Log-likelihood: -1163.7096
2025-10-04 21:05:33,436 - INFO - Saved model artifact: models\hmm_EUR_USD_3_win252_end20140523.joblib
2025-10-04 21:05:33,437 - INFO - Window 85 complete. Train LL: -1163.7096
2025-10-04 21:05:33,437 - INFO - Training window 86: 2013-07-05 to 2014-06-23
2025-10-04 21:05:33,451 - INFO - Fitting HMM with 3 states on 252 samples
2025-10-04 21:05:33,451 - INFO - Fitting HMM model with 3 states
2025-10-04 21:05:33,516 - INFO - Model fitted. Log-likelihood: -1203.4111
2025-10-04 21:05:33,525 - INFO - Saved model artifact: models\hmm_EUR_USD_3_win252_end20140623.joblib
2025-10-04 21:05:33,525 - INFO - Window 86 complete. Train LL: -1203.4111
2025-10-04 21:05:33,526 - INFO - Training window 87: 2013-08-05 to 2014-07-22
2025-10-04 21:05:33,540 - INFO - Fitting HMM with 3 states on 252 samples
2025-10-04 21:05:33,541 - INFO - Fitting HMM model with 3 states
2025-10-04 21:05:33,611 - INFO - Model fitted. Log-likelihood: -1191.6975
2025-10-04 21:05:33,624 - INFO - Saved model artifact: models\hmm_EUR_USD_3_win252_end20140722.joblib
2025-10-04 21:05:33,625 - INFO - Window 87 complete. Train LL: -1191.6975
2025-10-04 21:05:33,625 - INFO - Training window 88: 2013-09-03 to 2014-08-20
2025-10-04 21:05:33,639 - INFO - Fitting HMM with 3 states on 252 samples
2025-10-04 21:05:33,639 - INFO - Fitting HMM model with 3 states
2025-10-04 21:05:33,708 - INFO - Model fitted. Log-likelihood: -1154.8552
2025-10-04 21:05:33,717 - INFO - Saved model artifact: models\hmm_EUR_USD_3_win252_end20140820.joblib
2025-10-04 21:05:33,718 - INFO - Window 88 complete. Train LL: -1154.8552
2025-10-04 21:05:33,718 - INFO - Training window 89: 2013-10-02 to 2014-09-18
2025-10-04 21:05:33,732 - INFO - Fitting HMM with 3 states on 252 samples
2025-10-04 21:05:33,733 - INFO - Fitting HMM model with 3 states
2025-10-04 21:05:33,800 - INFO - Model fitted. Log-likelihood: -1130.1091
2025-10-04 21:05:33,814 - INFO - Saved model artifact: models\hmm_EUR_USD_3_win252_end20140918.joblib
2025-10-04 21:05:33,815 - INFO - Window 89 complete. Train LL: -1130.1091
2025-10-04 21:05:33,815 - INFO - Training window 90: 2013-10-31 to 2014-10-17
2025-10-04 21:05:33,828 - INFO - Fitting HMM with 3 states on 252 samples
2025-10-04 21:05:33,829 - INFO - Fitting HMM model with 3 states
2025-10-04 21:05:33,874 - WARNING - Model is not converging.  Current: -1231.26982049085 is not greater than -1231.2633826577076. Delta is -0.0064378331423995405
2025-10-04 21:05:33,875 - INFO - Model fitted. Log-likelihood: -1231.2783
2025-10-04 21:05:33,885 - INFO - Saved model artifact: models\hmm_EUR_USD_3_win252_end20141017.joblib
2025-10-04 21:05:33,886 - INFO - Window 90 complete. Train LL: -1231.2783
2025-10-04 21:05:33,887 - INFO - Training window 91: 2013-11-29 to 2014-11-17
2025-10-04 21:05:33,902 - INFO - Fitting HMM with 3 states on 252 samples
2025-10-04 21:05:33,902 - INFO - Fitting HMM model with 3 states
2025-10-04 21:05:33,976 - INFO - Model fitted. Log-likelihood: -1096.2981
2025-10-04 21:05:33,985 - INFO - Saved model artifact: models\hmm_EUR_USD_3_win252_end20141117.joblib
2025-10-04 21:05:33,985 - INFO - Window 91 complete. Train LL: -1096.2981
2025-10-04 21:05:33,986 - INFO - Training window 92: 2013-12-30 to 2014-12-16
2025-10-04 21:05:33,998 - INFO - Fitting HMM with 3 states on 252 samples
2025-10-04 21:05:33,998 - INFO - Fitting HMM model with 3 states
2025-10-04 21:05:34,094 - INFO - Model fitted. Log-likelihood: -1083.7494
2025-10-04 21:05:34,111 - INFO - Saved model artifact: models\hmm_EUR_USD_3_win252_end20141216.joblib
2025-10-04 21:05:34,111 - INFO - Window 92 complete. Train LL: -1083.7494
2025-10-04 21:05:34,112 - INFO - Training window 93: 2014-01-28 to 2015-01-15
2025-10-04 21:05:34,130 - INFO - Fitting HMM with 3 states on 252 samples
2025-10-04 21:05:34,131 - INFO - Fitting HMM model with 3 states
2025-10-04 21:05:34,250 - INFO - Model fitted. Log-likelihood: -984.6644
2025-10-04 21:05:34,263 - INFO - Saved model artifact: models\hmm_EUR_USD_3_win252_end20150115.joblib
2025-10-04 21:05:34,263 - INFO - Window 93 complete. Train LL: -984.6644
2025-10-04 21:05:34,264 - INFO - Training window 94: 2014-02-26 to 2015-02-13
2025-10-04 21:05:34,289 - INFO - Fitting HMM with 3 states on 252 samples
2025-10-04 21:05:34,289 - INFO - Fitting HMM model with 3 states
2025-10-04 21:05:34,367 - INFO - Model fitted. Log-likelihood: -946.8711
2025-10-04 21:05:34,382 - INFO - Saved model artifact: models\hmm_EUR_USD_3_win252_end20150213.joblib
2025-10-04 21:05:34,382 - INFO - Window 94 complete. Train LL: -946.8711
2025-10-04 21:05:34,383 - INFO - Training window 95: 2014-03-27 to 2015-03-16
2025-10-04 21:05:34,401 - INFO - Fitting HMM with 3 states on 252 samples
2025-10-04 21:05:34,402 - INFO - Fitting HMM model with 3 states
2025-10-04 21:05:34,487 - INFO - Model fitted. Log-likelihood: -845.0293
2025-10-04 21:05:34,495 - INFO - Saved model artifact: models\hmm_EUR_USD_3_win252_end20150316.joblib
2025-10-04 21:05:34,495 - INFO - Window 95 complete. Train LL: -845.0293
2025-10-04 21:05:34,495 - INFO - Training window 96: 2014-04-25 to 2015-04-14
2025-10-04 21:05:34,511 - INFO - Fitting HMM with 3 states on 252 samples
2025-10-04 21:05:34,511 - INFO - Fitting HMM model with 3 states
2025-10-04 21:05:34,580 - WARNING - Model is not converging.  Current: -892.8663542952667 is not greater than -892.8659373335225. Delta is -0.00041696174412209075
2025-10-04 21:05:34,581 - INFO - Model fitted. Log-likelihood: -892.8666
2025-10-04 21:05:34,592 - INFO - Saved model artifact: models\hmm_EUR_USD_3_win252_end20150414.joblib
2025-10-04 21:05:34,593 - INFO - Window 96 complete. Train LL: -892.8666
2025-10-04 21:05:34,593 - INFO - Training window 97: 2014-05-26 to 2015-05-13
2025-10-04 21:05:34,608 - INFO - Fitting HMM with 3 states on 252 samples
2025-10-04 21:05:34,608 - INFO - Fitting HMM model with 3 states
2025-10-04 21:05:34,668 - INFO - Model fitted. Log-likelihood: -980.8268
2025-10-04 21:05:34,681 - INFO - Saved model artifact: models\hmm_EUR_USD_3_win252_end20150513.joblib
2025-10-04 21:05:34,681 - INFO - Window 97 complete. Train LL: -980.8268
2025-10-04 21:05:34,682 - INFO - Training window 98: 2014-06-24 to 2015-06-11
2025-10-04 21:05:34,697 - INFO - Fitting HMM with 3 states on 252 samples
2025-10-04 21:05:34,697 - INFO - Fitting HMM model with 3 states
2025-10-04 21:05:34,823 - INFO - Model fitted. Log-likelihood: -967.9274
2025-10-04 21:05:34,833 - INFO - Saved model artifact: models\hmm_EUR_USD_3_win252_end20150611.joblib
2025-10-04 21:05:34,833 - INFO - Window 98 complete. Train LL: -967.9274
2025-10-04 21:05:34,834 - INFO - Training window 99: 2014-07-23 to 2015-07-10
2025-10-04 21:05:34,846 - INFO - Fitting HMM with 3 states on 252 samples
2025-10-04 21:05:34,846 - INFO - Fitting HMM model with 3 states
2025-10-04 21:05:34,931 - INFO - Model fitted. Log-likelihood: -1123.5517
2025-10-04 21:05:34,942 - INFO - Saved model artifact: models\hmm_EUR_USD_3_win252_end20150710.joblib
2025-10-04 21:05:34,943 - INFO - Window 99 complete. Train LL: -1123.5517
2025-10-04 21:05:34,943 - INFO - Training window 100: 2014-08-21 to 2015-08-10
2025-10-04 21:05:34,960 - INFO - Fitting HMM with 3 states on 252 samples
2025-10-04 21:05:34,961 - INFO - Fitting HMM model with 3 states
2025-10-04 21:05:35,164 - INFO - Model fitted. Log-likelihood: -1131.3257
2025-10-04 21:05:35,174 - INFO - Saved model artifact: models\hmm_EUR_USD_3_win252_end20150810.joblib
2025-10-04 21:05:35,174 - INFO - Window 100 complete. Train LL: -1131.3257
2025-10-04 21:05:35,175 - INFO - Training window 101: 2014-09-19 to 2015-09-08
2025-10-04 21:05:35,190 - INFO - Fitting HMM with 3 states on 252 samples
2025-10-04 21:05:35,190 - INFO - Fitting HMM model with 3 states
2025-10-04 21:05:35,326 - INFO - Model fitted. Log-likelihood: -1123.5676
2025-10-04 21:05:35,335 - INFO - Saved model artifact: models\hmm_EUR_USD_3_win252_end20150908.joblib
2025-10-04 21:05:35,336 - INFO - Window 101 complete. Train LL: -1123.5676
2025-10-04 21:05:35,338 - INFO - Training window 102: 2014-10-20 to 2015-10-07
2025-10-04 21:05:35,348 - INFO - Fitting HMM with 3 states on 252 samples
2025-10-04 21:05:35,348 - INFO - Fitting HMM model with 3 states
2025-10-04 21:05:35,408 - INFO - Model fitted. Log-likelihood: -1132.3966
2025-10-04 21:05:35,417 - INFO - Saved model artifact: models\hmm_EUR_USD_3_win252_end20151007.joblib
2025-10-04 21:05:35,417 - INFO - Window 102 complete. Train LL: -1132.3966
2025-10-04 21:05:35,418 - INFO - Training window 103: 2014-11-18 to 2015-11-05
2025-10-04 21:05:35,433 - INFO - Fitting HMM with 3 states on 252 samples
2025-10-04 21:05:35,433 - INFO - Fitting HMM model with 3 states
2025-10-04 21:05:35,576 - INFO - Model fitted. Log-likelihood: -1194.8415
2025-10-04 21:05:35,584 - INFO - Saved model artifact: models\hmm_EUR_USD_3_win252_end20151105.joblib
2025-10-04 21:05:35,584 - INFO - Window 103 complete. Train LL: -1194.8415
2025-10-04 21:05:35,585 - INFO - Training window 104: 2014-12-17 to 2015-12-04
2025-10-04 21:05:35,597 - INFO - Fitting HMM with 3 states on 252 samples
2025-10-04 21:05:35,597 - INFO - Fitting HMM model with 3 states
2025-10-04 21:05:35,675 - INFO - Model fitted. Log-likelihood: -1198.2080
2025-10-04 21:05:35,687 - INFO - Saved model artifact: models\hmm_EUR_USD_3_win252_end20151204.joblib
2025-10-04 21:05:35,688 - INFO - Window 104 complete. Train LL: -1198.2080
2025-10-04 21:05:35,688 - INFO - Training window 105: 2015-01-16 to 2016-01-04
2025-10-04 21:05:35,701 - INFO - Fitting HMM with 3 states on 252 samples
2025-10-04 21:05:35,702 - INFO - Fitting HMM model with 3 states
2025-10-04 21:05:35,799 - INFO - Model fitted. Log-likelihood: -1227.9101
2025-10-04 21:05:35,810 - INFO - Saved model artifact: models\hmm_EUR_USD_3_win252_end20160104.joblib
2025-10-04 21:05:35,810 - INFO - Window 105 complete. Train LL: -1227.9101
2025-10-04 21:05:35,811 - INFO - Training window 106: 2015-02-16 to 2016-02-02
2025-10-04 21:05:35,824 - INFO - Fitting HMM with 3 states on 252 samples
2025-10-04 21:05:35,824 - INFO - Fitting HMM model with 3 states
2025-10-04 21:05:35,917 - INFO - Model fitted. Log-likelihood: -1213.9945
2025-10-04 21:05:35,926 - INFO - Saved model artifact: models\hmm_EUR_USD_3_win252_end20160202.joblib
2025-10-04 21:05:35,926 - INFO - Window 106 complete. Train LL: -1213.9945
2025-10-04 21:05:35,926 - INFO - Training window 107: 2015-03-17 to 2016-03-02
2025-10-04 21:05:35,940 - INFO - Fitting HMM with 3 states on 252 samples
2025-10-04 21:05:35,940 - INFO - Fitting HMM model with 3 states
2025-10-04 21:05:36,013 - INFO - Model fitted. Log-likelihood: -1188.8018
2025-10-04 21:05:36,026 - INFO - Saved model artifact: models\hmm_EUR_USD_3_win252_end20160302.joblib
2025-10-04 21:05:36,026 - INFO - Window 107 complete. Train LL: -1188.8018
2025-10-04 21:05:36,027 - INFO - Training window 108: 2015-04-15 to 2016-03-31
2025-10-04 21:05:36,035 - INFO - Fitting HMM with 3 states on 252 samples
2025-10-04 21:05:36,035 - INFO - Fitting HMM model with 3 states
2025-10-04 21:05:36,190 - INFO - Model fitted. Log-likelihood: -1218.3891
2025-10-04 21:05:36,200 - INFO - Saved model artifact: models\hmm_EUR_USD_3_win252_end20160331.joblib
2025-10-04 21:05:36,200 - INFO - Window 108 complete. Train LL: -1218.3891
2025-10-04 21:05:36,200 - INFO - Training window 109: 2015-05-14 to 2016-04-29
2025-10-04 21:05:36,213 - INFO - Fitting HMM with 3 states on 252 samples
2025-10-04 21:05:36,213 - INFO - Fitting HMM model with 3 states
2025-10-04 21:05:36,303 - INFO - Model fitted. Log-likelihood: -1194.3009
2025-10-04 21:05:36,312 - INFO - Saved model artifact: models\hmm_EUR_USD_3_win252_end20160429.joblib
2025-10-04 21:05:36,313 - INFO - Window 109 complete. Train LL: -1194.3009
2025-10-04 21:05:36,313 - INFO - Training window 110: 2015-06-12 to 2016-05-30
2025-10-04 21:05:36,326 - INFO - Fitting HMM with 3 states on 252 samples
2025-10-04 21:05:36,326 - INFO - Fitting HMM model with 3 states
2025-10-04 21:05:36,556 - INFO - Model fitted. Log-likelihood: -1220.9357
2025-10-04 21:05:36,565 - INFO - Saved model artifact: models\hmm_EUR_USD_3_win252_end20160530.joblib
2025-10-04 21:05:36,566 - INFO - Window 110 complete. Train LL: -1220.9357
2025-10-04 21:05:36,566 - INFO - Training window 111: 2015-07-13 to 2016-06-28
2025-10-04 21:05:36,578 - INFO - Fitting HMM with 3 states on 252 samples
2025-10-04 21:05:36,578 - INFO - Fitting HMM model with 3 states
2025-10-04 21:05:36,655 - INFO - Model fitted. Log-likelihood: -1212.5811
2025-10-04 21:05:36,667 - INFO - Saved model artifact: models\hmm_EUR_USD_3_win252_end20160628.joblib
2025-10-04 21:05:36,667 - INFO - Window 111 complete. Train LL: -1212.5811
2025-10-04 21:05:36,668 - INFO - Training window 112: 2015-08-11 to 2016-07-27
2025-10-04 21:05:36,687 - INFO - Fitting HMM with 3 states on 252 samples
2025-10-04 21:05:36,687 - INFO - Fitting HMM model with 3 states
2025-10-04 21:05:36,778 - INFO - Model fitted. Log-likelihood: -1236.3430
2025-10-04 21:05:36,791 - INFO - Saved model artifact: models\hmm_EUR_USD_3_win252_end20160727.joblib
2025-10-04 21:05:36,791 - INFO - Window 112 complete. Train LL: -1236.3430
2025-10-04 21:05:36,792 - INFO - Training window 113: 2015-09-09 to 2016-08-25
2025-10-04 21:05:36,801 - INFO - Fitting HMM with 3 states on 252 samples
2025-10-04 21:05:36,802 - INFO - Fitting HMM model with 3 states
2025-10-04 21:05:36,943 - INFO - Model fitted. Log-likelihood: -1277.1116
2025-10-04 21:05:36,951 - INFO - Saved model artifact: models\hmm_EUR_USD_3_win252_end20160825.joblib
2025-10-04 21:05:36,951 - INFO - Window 113 complete. Train LL: -1277.1116
2025-10-04 21:05:36,952 - INFO - Training window 114: 2015-10-08 to 2016-09-23
2025-10-04 21:05:36,962 - INFO - Fitting HMM with 3 states on 252 samples
2025-10-04 21:05:36,962 - INFO - Fitting HMM model with 3 states
2025-10-04 21:05:37,017 - INFO - Model fitted. Log-likelihood: -1267.6504
2025-10-04 21:05:37,030 - INFO - Saved model artifact: models\hmm_EUR_USD_3_win252_end20160923.joblib
2025-10-04 21:05:37,030 - INFO - Window 114 complete. Train LL: -1267.6504
2025-10-04 21:05:37,031 - INFO - Training window 115: 2015-11-06 to 2016-10-24
2025-10-04 21:05:37,046 - INFO - Fitting HMM with 3 states on 252 samples
2025-10-04 21:05:37,046 - INFO - Fitting HMM model with 3 states
2025-10-04 21:05:37,160 - INFO - Model fitted. Log-likelihood: -1250.6751
2025-10-04 21:05:37,172 - INFO - Saved model artifact: models\hmm_EUR_USD_3_win252_end20161024.joblib
2025-10-04 21:05:37,172 - INFO - Window 115 complete. Train LL: -1250.6751
2025-10-04 21:05:37,173 - INFO - Training window 116: 2015-12-07 to 2016-11-22
2025-10-04 21:05:37,189 - INFO - Fitting HMM with 3 states on 252 samples
2025-10-04 21:05:37,189 - INFO - Fitting HMM model with 3 states
2025-10-04 21:05:37,302 - INFO - Model fitted. Log-likelihood: -1251.3025
2025-10-04 21:05:37,312 - INFO - Saved model artifact: models\hmm_EUR_USD_3_win252_end20161122.joblib
2025-10-04 21:05:37,312 - INFO - Window 116 complete. Train LL: -1251.3025
2025-10-04 21:05:37,313 - INFO - Training window 117: 2016-01-05 to 2016-12-21
2025-10-04 21:05:37,327 - INFO - Fitting HMM with 3 states on 252 samples
2025-10-04 21:05:37,327 - INFO - Fitting HMM model with 3 states
2025-10-04 21:05:37,392 - INFO - Model fitted. Log-likelihood: -1280.7199
2025-10-04 21:05:37,403 - INFO - Saved model artifact: models\hmm_EUR_USD_3_win252_end20161221.joblib
2025-10-04 21:05:37,404 - INFO - Window 117 complete. Train LL: -1280.7199
2025-10-04 21:05:37,404 - INFO - Training window 118: 2016-02-03 to 2017-01-19
2025-10-04 21:05:37,413 - INFO - Fitting HMM with 3 states on 252 samples
2025-10-04 21:05:37,414 - INFO - Fitting HMM model with 3 states
2025-10-04 21:05:37,494 - INFO - Model fitted. Log-likelihood: -1211.1728
2025-10-04 21:05:37,507 - INFO - Saved model artifact: models\hmm_EUR_USD_3_win252_end20170119.joblib
2025-10-04 21:05:37,508 - INFO - Window 118 complete. Train LL: -1211.1728
2025-10-04 21:05:37,509 - INFO - Training window 119: 2016-03-03 to 2017-02-17
2025-10-04 21:05:37,525 - INFO - Fitting HMM with 3 states on 252 samples
2025-10-04 21:05:37,525 - INFO - Fitting HMM model with 3 states
2025-10-04 21:05:37,622 - INFO - Model fitted. Log-likelihood: -1218.7040
2025-10-04 21:05:37,630 - INFO - Saved model artifact: models\hmm_EUR_USD_3_win252_end20170217.joblib
2025-10-04 21:05:37,631 - INFO - Window 119 complete. Train LL: -1218.7040
2025-10-04 21:05:37,631 - INFO - Training window 120: 2016-04-01 to 2017-03-20
2025-10-04 21:05:37,649 - INFO - Fitting HMM with 3 states on 252 samples
2025-10-04 21:05:37,649 - INFO - Fitting HMM model with 3 states
2025-10-04 21:05:37,777 - INFO - Model fitted. Log-likelihood: -1189.9569
2025-10-04 21:05:37,787 - INFO - Saved model artifact: models\hmm_EUR_USD_3_win252_end20170320.joblib
2025-10-04 21:05:37,787 - INFO - Window 120 complete. Train LL: -1189.9569
2025-10-04 21:05:37,788 - INFO - Training window 121: 2016-05-02 to 2017-04-18
2025-10-04 21:05:37,796 - INFO - Fitting HMM with 3 states on 252 samples
2025-10-04 21:05:37,796 - INFO - Fitting HMM model with 3 states
2025-10-04 21:05:37,865 - INFO - Model fitted. Log-likelihood: -1171.8167
2025-10-04 21:05:37,875 - INFO - Saved model artifact: models\hmm_EUR_USD_3_win252_end20170418.joblib
2025-10-04 21:05:37,875 - INFO - Window 121 complete. Train LL: -1171.8167
2025-10-04 21:05:37,875 - INFO - Training window 122: 2016-05-31 to 2017-05-17
2025-10-04 21:05:37,885 - INFO - Fitting HMM with 3 states on 252 samples
2025-10-04 21:05:37,886 - INFO - Fitting HMM model with 3 states
2025-10-04 21:05:37,954 - INFO - Model fitted. Log-likelihood: -1218.0359
2025-10-04 21:05:37,964 - INFO - Saved model artifact: models\hmm_EUR_USD_3_win252_end20170517.joblib
2025-10-04 21:05:37,965 - INFO - Window 122 complete. Train LL: -1218.0359
2025-10-04 21:05:37,965 - INFO - Training window 123: 2016-06-29 to 2017-06-15
2025-10-04 21:05:37,979 - INFO - Fitting HMM with 3 states on 252 samples
2025-10-04 21:05:37,979 - INFO - Fitting HMM model with 3 states
2025-10-04 21:05:38,089 - INFO - Model fitted. Log-likelihood: -1191.8448
2025-10-04 21:05:38,102 - INFO - Saved model artifact: models\hmm_EUR_USD_3_win252_end20170615.joblib
2025-10-04 21:05:38,106 - INFO - Window 123 complete. Train LL: -1191.8448
2025-10-04 21:05:38,107 - INFO - Training window 124: 2016-07-28 to 2017-07-14
2025-10-04 21:05:38,115 - INFO - Fitting HMM with 3 states on 252 samples
2025-10-04 21:05:38,115 - INFO - Fitting HMM model with 3 states
2025-10-04 21:05:38,262 - INFO - Model fitted. Log-likelihood: -1198.7944
2025-10-04 21:05:38,270 - INFO - Saved model artifact: models\hmm_EUR_USD_3_win252_end20170714.joblib
2025-10-04 21:05:38,271 - INFO - Window 124 complete. Train LL: -1198.7944
2025-10-04 21:05:38,271 - INFO - Training window 125: 2016-08-26 to 2017-08-14
2025-10-04 21:05:38,282 - INFO - Fitting HMM with 3 states on 252 samples
2025-10-04 21:05:38,283 - INFO - Fitting HMM model with 3 states
2025-10-04 21:05:38,379 - INFO - Model fitted. Log-likelihood: -1180.0392
2025-10-04 21:05:38,391 - INFO - Saved model artifact: models\hmm_EUR_USD_3_win252_end20170814.joblib
2025-10-04 21:05:38,391 - INFO - Window 125 complete. Train LL: -1180.0392
2025-10-04 21:05:38,391 - INFO - Training window 126: 2016-09-26 to 2017-09-12
2025-10-04 21:05:38,406 - INFO - Fitting HMM with 3 states on 252 samples
2025-10-04 21:05:38,407 - INFO - Fitting HMM model with 3 states
2025-10-04 21:05:38,480 - INFO - Model fitted. Log-likelihood: -1230.1276
2025-10-04 21:05:38,489 - INFO - Saved model artifact: models\hmm_EUR_USD_3_win252_end20170912.joblib
2025-10-04 21:05:38,489 - INFO - Window 126 complete. Train LL: -1230.1276
2025-10-04 21:05:38,490 - INFO - Training window 127: 2016-10-25 to 2017-10-11
2025-10-04 21:05:38,500 - INFO - Fitting HMM with 3 states on 252 samples
2025-10-04 21:05:38,501 - INFO - Fitting HMM model with 3 states
2025-10-04 21:05:38,599 - INFO - Model fitted. Log-likelihood: -1245.6457
2025-10-04 21:05:38,610 - INFO - Saved model artifact: models\hmm_EUR_USD_3_win252_end20171011.joblib
2025-10-04 21:05:38,610 - INFO - Window 127 complete. Train LL: -1245.6457
2025-10-04 21:05:38,610 - INFO - Training window 128: 2016-11-23 to 2017-11-09
2025-10-04 21:05:38,623 - INFO - Fitting HMM with 3 states on 252 samples
2025-10-04 21:05:38,624 - INFO - Fitting HMM model with 3 states
2025-10-04 21:05:38,691 - INFO - Model fitted. Log-likelihood: -1275.7638
2025-10-04 21:05:38,700 - INFO - Saved model artifact: models\hmm_EUR_USD_3_win252_end20171109.joblib
2025-10-04 21:05:38,701 - INFO - Window 128 complete. Train LL: -1275.7638
2025-10-04 21:05:38,701 - INFO - Training window 129: 2016-12-22 to 2017-12-08
2025-10-04 21:05:38,713 - INFO - Fitting HMM with 3 states on 252 samples
2025-10-04 21:05:38,713 - INFO - Fitting HMM model with 3 states
2025-10-04 21:05:38,772 - INFO - Model fitted. Log-likelihood: -1271.4446
2025-10-04 21:05:38,784 - INFO - Saved model artifact: models\hmm_EUR_USD_3_win252_end20171208.joblib
2025-10-04 21:05:38,785 - INFO - Window 129 complete. Train LL: -1271.4446
2025-10-04 21:05:38,785 - INFO - Training window 130: 2017-01-20 to 2018-01-08
2025-10-04 21:05:38,797 - INFO - Fitting HMM with 3 states on 252 samples
2025-10-04 21:05:38,798 - INFO - Fitting HMM model with 3 states
2025-10-04 21:05:38,933 - INFO - Model fitted. Log-likelihood: -1242.2470
2025-10-04 21:05:38,942 - INFO - Saved model artifact: models\hmm_EUR_USD_3_win252_end20180108.joblib
2025-10-04 21:05:38,942 - INFO - Window 130 complete. Train LL: -1242.2470
2025-10-04 21:05:38,943 - INFO - Training window 131: 2017-02-20 to 2018-02-06
2025-10-04 21:05:38,956 - INFO - Fitting HMM with 3 states on 252 samples
2025-10-04 21:05:38,956 - INFO - Fitting HMM model with 3 states
2025-10-04 21:05:39,009 - INFO - Model fitted. Log-likelihood: -1238.4744
2025-10-04 21:05:39,021 - INFO - Saved model artifact: models\hmm_EUR_USD_3_win252_end20180206.joblib
2025-10-04 21:05:39,021 - INFO - Window 131 complete. Train LL: -1238.4744
2025-10-04 21:05:39,021 - INFO - Training window 132: 2017-03-21 to 2018-03-07
2025-10-04 21:05:39,034 - INFO - Fitting HMM with 3 states on 252 samples
2025-10-04 21:05:39,035 - INFO - Fitting HMM model with 3 states
2025-10-04 21:05:39,118 - INFO - Model fitted. Log-likelihood: -1299.1370
2025-10-04 21:05:39,128 - INFO - Saved model artifact: models\hmm_EUR_USD_3_win252_end20180307.joblib
2025-10-04 21:05:39,128 - INFO - Window 132 complete. Train LL: -1299.1370
2025-10-04 21:05:39,128 - INFO - Training window 133: 2017-04-19 to 2018-04-05
2025-10-04 21:05:39,139 - INFO - Fitting HMM with 3 states on 252 samples
2025-10-04 21:05:39,140 - INFO - Fitting HMM model with 3 states
2025-10-04 21:05:39,228 - INFO - Model fitted. Log-likelihood: -1245.3804
2025-10-04 21:05:39,240 - INFO - Saved model artifact: models\hmm_EUR_USD_3_win252_end20180405.joblib
2025-10-04 21:05:39,241 - INFO - Window 133 complete. Train LL: -1245.3804
2025-10-04 21:05:39,241 - INFO - Training window 134: 2017-05-18 to 2018-05-04
2025-10-04 21:05:39,250 - INFO - Fitting HMM with 3 states on 252 samples
2025-10-04 21:05:39,250 - INFO - Fitting HMM model with 3 states
2025-10-04 21:05:39,326 - INFO - Model fitted. Log-likelihood: -1268.6261
2025-10-04 21:05:39,337 - INFO - Saved model artifact: models\hmm_EUR_USD_3_win252_end20180504.joblib
2025-10-04 21:05:39,338 - INFO - Window 134 complete. Train LL: -1268.6261
2025-10-04 21:05:39,338 - INFO - Training window 135: 2017-06-16 to 2018-06-04
2025-10-04 21:05:39,349 - INFO - Fitting HMM with 3 states on 252 samples
2025-10-04 21:05:39,349 - INFO - Fitting HMM model with 3 states
2025-10-04 21:05:39,417 - INFO - Model fitted. Log-likelihood: -1233.9636
2025-10-04 21:05:39,431 - INFO - Saved model artifact: models\hmm_EUR_USD_3_win252_end20180604.joblib
2025-10-04 21:05:39,431 - INFO - Window 135 complete. Train LL: -1233.9636
2025-10-04 21:05:39,432 - INFO - Training window 136: 2017-07-17 to 2018-07-03
2025-10-04 21:05:39,445 - INFO - Fitting HMM with 3 states on 252 samples
2025-10-04 21:05:39,446 - INFO - Fitting HMM model with 3 states
2025-10-04 21:05:39,513 - INFO - Model fitted. Log-likelihood: -1275.8055
2025-10-04 21:05:39,523 - INFO - Saved model artifact: models\hmm_EUR_USD_3_win252_end20180703.joblib
2025-10-04 21:05:39,523 - INFO - Window 136 complete. Train LL: -1275.8055
2025-10-04 21:05:39,523 - INFO - Training window 137: 2017-08-15 to 2018-08-01
2025-10-04 21:05:39,537 - INFO - Fitting HMM with 3 states on 252 samples
2025-10-04 21:05:39,539 - INFO - Fitting HMM model with 3 states
2025-10-04 21:05:39,585 - INFO - Model fitted. Log-likelihood: -1278.6511
2025-10-04 21:05:39,600 - INFO - Saved model artifact: models\hmm_EUR_USD_3_win252_end20180801.joblib
2025-10-04 21:05:39,601 - INFO - Window 137 complete. Train LL: -1278.6511
2025-10-04 21:05:39,601 - INFO - Training window 138: 2017-09-13 to 2018-08-30
2025-10-04 21:05:39,617 - INFO - Fitting HMM with 3 states on 252 samples
2025-10-04 21:05:39,618 - INFO - Fitting HMM model with 3 states
2025-10-04 21:05:39,709 - INFO - Model fitted. Log-likelihood: -1248.1593
2025-10-04 21:05:39,723 - INFO - Saved model artifact: models\hmm_EUR_USD_3_win252_end20180830.joblib
2025-10-04 21:05:39,723 - INFO - Window 138 complete. Train LL: -1248.1593
2025-10-04 21:05:39,724 - INFO - Training window 139: 2017-10-12 to 2018-09-28
2025-10-04 21:05:39,739 - INFO - Fitting HMM with 3 states on 252 samples
2025-10-04 21:05:39,739 - INFO - Fitting HMM model with 3 states
2025-10-04 21:05:39,814 - INFO - Model fitted. Log-likelihood: -1291.4888
2025-10-04 21:05:39,826 - INFO - Saved model artifact: models\hmm_EUR_USD_3_win252_end20180928.joblib
2025-10-04 21:05:39,826 - INFO - Window 139 complete. Train LL: -1291.4888
2025-10-04 21:05:39,827 - INFO - Training window 140: 2017-11-10 to 2018-10-29
2025-10-04 21:05:39,838 - INFO - Fitting HMM with 3 states on 252 samples
2025-10-04 21:05:39,838 - INFO - Fitting HMM model with 3 states
2025-10-04 21:05:40,023 - INFO - Model fitted. Log-likelihood: -1249.4222
2025-10-04 21:05:40,031 - INFO - Saved model artifact: models\hmm_EUR_USD_3_win252_end20181029.joblib
2025-10-04 21:05:40,031 - INFO - Window 140 complete. Train LL: -1249.4222
2025-10-04 21:05:40,032 - INFO - Training window 141: 2017-12-11 to 2018-11-27
2025-10-04 21:05:40,045 - INFO - Fitting HMM with 3 states on 252 samples
2025-10-04 21:05:40,045 - INFO - Fitting HMM model with 3 states
2025-10-04 21:05:40,350 - INFO - Model fitted. Log-likelihood: -1423.6538
2025-10-04 21:05:40,360 - INFO - Saved model artifact: models\hmm_EUR_USD_3_win252_end20181127.joblib
2025-10-04 21:05:40,361 - INFO - Window 141 complete. Train LL: -1423.6538
2025-10-04 21:05:40,361 - INFO - Training window 142: 2018-01-09 to 2018-12-26
2025-10-04 21:05:40,373 - INFO - Fitting HMM with 3 states on 252 samples
2025-10-04 21:05:40,373 - INFO - Fitting HMM model with 3 states
2025-10-04 21:05:40,431 - INFO - Model fitted. Log-likelihood: -1219.7484
2025-10-04 21:05:40,443 - INFO - Saved model artifact: models\hmm_EUR_USD_3_win252_end20181226.joblib
2025-10-04 21:05:40,443 - INFO - Window 142 complete. Train LL: -1219.7484
2025-10-04 21:05:40,444 - INFO - Training window 143: 2018-02-07 to 2019-01-24
2025-10-04 21:05:40,464 - INFO - Fitting HMM with 3 states on 252 samples
2025-10-04 21:05:40,465 - INFO - Fitting HMM model with 3 states
2025-10-04 21:05:40,537 - INFO - Model fitted. Log-likelihood: -1232.2658
2025-10-04 21:05:40,546 - INFO - Saved model artifact: models\hmm_EUR_USD_3_win252_end20190124.joblib
2025-10-04 21:05:40,546 - INFO - Window 143 complete. Train LL: -1232.2658
2025-10-04 21:05:40,546 - INFO - Training window 144: 2018-03-08 to 2019-02-22
2025-10-04 21:05:40,560 - INFO - Fitting HMM with 3 states on 252 samples
2025-10-04 21:05:40,560 - INFO - Fitting HMM model with 3 states
2025-10-04 21:05:40,615 - INFO - Model fitted. Log-likelihood: -1218.2382
2025-10-04 21:05:40,626 - INFO - Saved model artifact: models\hmm_EUR_USD_3_win252_end20190222.joblib
2025-10-04 21:05:40,627 - INFO - Window 144 complete. Train LL: -1218.2382
2025-10-04 21:05:40,627 - INFO - Training window 145: 2018-04-06 to 2019-03-25
2025-10-04 21:05:40,640 - INFO - Fitting HMM with 3 states on 252 samples
2025-10-04 21:05:40,641 - INFO - Fitting HMM model with 3 states
2025-10-04 21:05:40,727 - INFO - Model fitted. Log-likelihood: -1217.2527
2025-10-04 21:05:40,737 - INFO - Saved model artifact: models\hmm_EUR_USD_3_win252_end20190325.joblib
2025-10-04 21:05:40,738 - INFO - Window 145 complete. Train LL: -1217.2527
2025-10-04 21:05:40,738 - INFO - Training window 146: 2018-05-07 to 2019-04-23
2025-10-04 21:05:40,750 - INFO - Fitting HMM with 3 states on 252 samples
2025-10-04 21:05:40,751 - INFO - Fitting HMM model with 3 states
2025-10-04 21:05:40,815 - INFO - Model fitted. Log-likelihood: -1288.4706
2025-10-04 21:05:40,824 - INFO - Saved model artifact: models\hmm_EUR_USD_3_win252_end20190423.joblib
2025-10-04 21:05:40,824 - INFO - Window 146 complete. Train LL: -1288.4706
2025-10-04 21:05:40,825 - INFO - Training window 147: 2018-06-05 to 2019-05-22
2025-10-04 21:05:40,840 - INFO - Fitting HMM with 3 states on 252 samples
2025-10-04 21:05:40,841 - INFO - Fitting HMM model with 3 states
2025-10-04 21:05:40,902 - INFO - Model fitted. Log-likelihood: -1311.3865
2025-10-04 21:05:40,912 - INFO - Saved model artifact: models\hmm_EUR_USD_3_win252_end20190522.joblib
2025-10-04 21:05:40,913 - INFO - Window 147 complete. Train LL: -1311.3865
2025-10-04 21:05:40,914 - INFO - Training window 148: 2018-07-04 to 2019-06-20
2025-10-04 21:05:40,925 - INFO - Fitting HMM with 3 states on 252 samples
2025-10-04 21:05:40,925 - INFO - Fitting HMM model with 3 states
2025-10-04 21:05:40,989 - INFO - Model fitted. Log-likelihood: -1257.6271
2025-10-04 21:05:41,035 - INFO - Saved model artifact: models\hmm_EUR_USD_3_win252_end20190620.joblib
2025-10-04 21:05:41,036 - INFO - Window 148 complete. Train LL: -1257.6271
2025-10-04 21:05:41,037 - INFO - Training window 149: 2018-08-02 to 2019-07-19
2025-10-04 21:05:41,046 - INFO - Fitting HMM with 3 states on 252 samples
2025-10-04 21:05:41,046 - INFO - Fitting HMM model with 3 states
2025-10-04 21:05:41,127 - INFO - Model fitted. Log-likelihood: -1310.5407
2025-10-04 21:05:41,138 - INFO - Saved model artifact: models\hmm_EUR_USD_3_win252_end20190719.joblib
2025-10-04 21:05:41,139 - INFO - Window 149 complete. Train LL: -1310.5407
2025-10-04 21:05:41,139 - INFO - Training window 150: 2018-08-31 to 2019-08-19
2025-10-04 21:05:41,158 - INFO - Fitting HMM with 3 states on 252 samples
2025-10-04 21:05:41,159 - INFO - Fitting HMM model with 3 states
2025-10-04 21:05:41,298 - INFO - Model fitted. Log-likelihood: -1331.5483
2025-10-04 21:05:41,309 - INFO - Saved model artifact: models\hmm_EUR_USD_3_win252_end20190819.joblib
2025-10-04 21:05:41,309 - INFO - Window 150 complete. Train LL: -1331.5483
2025-10-04 21:05:41,310 - INFO - Training window 151: 2018-10-01 to 2019-09-17
2025-10-04 21:05:41,326 - INFO - Fitting HMM with 3 states on 252 samples
2025-10-04 21:05:41,326 - INFO - Fitting HMM model with 3 states
2025-10-04 21:05:41,402 - INFO - Model fitted. Log-likelihood: -1358.3679
2025-10-04 21:05:41,412 - INFO - Saved model artifact: models\hmm_EUR_USD_3_win252_end20190917.joblib
2025-10-04 21:05:41,413 - INFO - Window 151 complete. Train LL: -1358.3679
2025-10-04 21:05:41,413 - INFO - Training window 152: 2018-10-30 to 2019-10-16
2025-10-04 21:05:41,428 - INFO - Fitting HMM with 3 states on 252 samples
2025-10-04 21:05:41,428 - INFO - Fitting HMM model with 3 states
2025-10-04 21:05:41,523 - INFO - Model fitted. Log-likelihood: -1413.0715
2025-10-04 21:05:41,533 - INFO - Saved model artifact: models\hmm_EUR_USD_3_win252_end20191016.joblib
2025-10-04 21:05:41,533 - INFO - Window 152 complete. Train LL: -1413.0715
2025-10-04 21:05:41,533 - INFO - Training window 153: 2018-11-28 to 2019-11-14
2025-10-04 21:05:41,548 - INFO - Fitting HMM with 3 states on 252 samples
2025-10-04 21:05:41,548 - INFO - Fitting HMM model with 3 states
2025-10-04 21:05:41,611 - INFO - Model fitted. Log-likelihood: -1358.3911
2025-10-04 21:05:41,622 - INFO - Saved model artifact: models\hmm_EUR_USD_3_win252_end20191114.joblib
2025-10-04 21:05:41,622 - INFO - Window 153 complete. Train LL: -1358.3911
2025-10-04 21:05:41,623 - INFO - Training window 154: 2018-12-27 to 2019-12-13
2025-10-04 21:05:41,633 - INFO - Fitting HMM with 3 states on 252 samples
2025-10-04 21:05:41,633 - INFO - Fitting HMM model with 3 states
2025-10-04 21:05:41,706 - INFO - Model fitted. Log-likelihood: -1347.2547
2025-10-04 21:05:41,717 - INFO - Saved model artifact: models\hmm_EUR_USD_3_win252_end20191213.joblib
2025-10-04 21:05:41,717 - INFO - Window 154 complete. Train LL: -1347.2547
2025-10-04 21:05:41,717 - INFO - Training window 155: 2019-01-25 to 2020-01-13
2025-10-04 21:05:41,732 - INFO - Fitting HMM with 3 states on 252 samples
2025-10-04 21:05:41,732 - INFO - Fitting HMM model with 3 states
2025-10-04 21:05:41,874 - INFO - Model fitted. Log-likelihood: -1369.9333
2025-10-04 21:05:41,884 - INFO - Saved model artifact: models\hmm_EUR_USD_3_win252_end20200113.joblib
2025-10-04 21:05:41,885 - INFO - Window 155 complete. Train LL: -1369.9333
2025-10-04 21:05:41,886 - INFO - Training window 156: 2019-02-25 to 2020-02-11
2025-10-04 21:05:41,909 - INFO - Fitting HMM with 3 states on 252 samples
2025-10-04 21:05:41,910 - INFO - Fitting HMM model with 3 states
2025-10-04 21:05:42,030 - INFO - Model fitted. Log-likelihood: -1342.8031
2025-10-04 21:05:42,041 - INFO - Saved model artifact: models\hmm_EUR_USD_3_win252_end20200211.joblib
2025-10-04 21:05:42,041 - INFO - Window 156 complete. Train LL: -1342.8031
2025-10-04 21:05:42,041 - INFO - Training window 157: 2019-03-26 to 2020-03-11
2025-10-04 21:05:42,056 - INFO - Fitting HMM with 3 states on 252 samples
2025-10-04 21:05:42,056 - INFO - Fitting HMM model with 3 states
2025-10-04 21:05:42,099 - INFO - Model fitted. Log-likelihood: -1184.3110
2025-10-04 21:05:42,110 - INFO - Saved model artifact: models\hmm_EUR_USD_3_win252_end20200311.joblib
2025-10-04 21:05:42,111 - INFO - Window 157 complete. Train LL: -1184.3110
2025-10-04 21:05:42,111 - INFO - Training window 158: 2019-04-24 to 2020-04-09
2025-10-04 21:05:42,120 - INFO - Fitting HMM with 3 states on 252 samples
2025-10-04 21:05:42,121 - INFO - Fitting HMM model with 3 states
2025-10-04 21:05:42,174 - INFO - Model fitted. Log-likelihood: -804.5787
2025-10-04 21:05:42,185 - INFO - Saved model artifact: models\hmm_EUR_USD_3_win252_end20200409.joblib
2025-10-04 21:05:42,185 - INFO - Window 158 complete. Train LL: -804.5787
2025-10-04 21:05:42,187 - INFO - Training window 159: 2019-05-23 to 2020-05-08
2025-10-04 21:05:42,199 - INFO - Fitting HMM with 3 states on 252 samples
2025-10-04 21:05:42,199 - INFO - Fitting HMM model with 3 states
2025-10-04 21:05:42,277 - WARNING - Model is not converging.  Current: -863.2179263852663 is not greater than -863.2179239365994. Delta is -2.4486669190082466e-06
2025-10-04 21:05:42,278 - INFO - Model fitted. Log-likelihood: -863.2179
2025-10-04 21:05:42,288 - INFO - Saved model artifact: models\hmm_EUR_USD_3_win252_end20200508.joblib
2025-10-04 21:05:42,288 - INFO - Window 159 complete. Train LL: -863.2179
2025-10-04 21:05:42,289 - INFO - Training window 160: 2019-06-21 to 2020-06-08
2025-10-04 21:05:42,306 - INFO - Fitting HMM with 3 states on 252 samples
2025-10-04 21:05:42,306 - INFO - Fitting HMM model with 3 states
2025-10-04 21:05:42,375 - INFO - Model fitted. Log-likelihood: -888.6171
2025-10-04 21:05:42,390 - INFO - Saved model artifact: models\hmm_EUR_USD_3_win252_end20200608.joblib
2025-10-04 21:05:42,391 - INFO - Window 160 complete. Train LL: -888.6171
2025-10-04 21:05:42,391 - INFO - Training window 161: 2019-07-22 to 2020-07-07
2025-10-04 21:05:42,404 - INFO - Fitting HMM with 3 states on 252 samples
2025-10-04 21:05:42,404 - INFO - Fitting HMM model with 3 states
2025-10-04 21:05:42,466 - INFO - Model fitted. Log-likelihood: -918.3493
2025-10-04 21:05:42,478 - INFO - Saved model artifact: models\hmm_EUR_USD_3_win252_end20200707.joblib
2025-10-04 21:05:42,479 - INFO - Window 161 complete. Train LL: -918.3493
2025-10-04 21:05:42,479 - INFO - Training window 162: 2019-08-20 to 2020-08-05
2025-10-04 21:05:42,493 - INFO - Fitting HMM with 3 states on 252 samples
2025-10-04 21:05:42,493 - INFO - Fitting HMM model with 3 states
2025-10-04 21:05:42,542 - INFO - Model fitted. Log-likelihood: -962.1927
2025-10-04 21:05:42,556 - INFO - Saved model artifact: models\hmm_EUR_USD_3_win252_end20200805.joblib
2025-10-04 21:05:42,556 - INFO - Window 162 complete. Train LL: -962.1927
2025-10-04 21:05:42,557 - INFO - Training window 163: 2019-09-18 to 2020-09-03
2025-10-04 21:05:42,569 - INFO - Fitting HMM with 3 states on 252 samples
2025-10-04 21:05:42,570 - INFO - Fitting HMM model with 3 states
2025-10-04 21:05:42,619 - INFO - Model fitted. Log-likelihood: -1015.3050
2025-10-04 21:05:42,631 - INFO - Saved model artifact: models\hmm_EUR_USD_3_win252_end20200903.joblib
2025-10-04 21:05:42,632 - INFO - Window 163 complete. Train LL: -1015.3050
2025-10-04 21:05:42,632 - INFO - Training window 164: 2019-10-17 to 2020-10-02
2025-10-04 21:05:42,647 - INFO - Fitting HMM with 3 states on 252 samples
2025-10-04 21:05:42,647 - INFO - Fitting HMM model with 3 states
2025-10-04 21:05:42,800 - WARNING - Model is not converging.  Current: -1001.5173149735613 is not greater than -1001.5168251312523. Delta is -0.0004898423089798598
2025-10-04 21:05:42,807 - INFO - Model fitted. Log-likelihood: -1001.5186
2025-10-04 21:05:42,832 - INFO - Saved model artifact: models\hmm_EUR_USD_3_win252_end20201002.joblib
2025-10-04 21:05:42,833 - INFO - Window 164 complete. Train LL: -1001.5186
2025-10-04 21:05:42,833 - INFO - Training window 165: 2019-11-15 to 2020-11-02
2025-10-04 21:05:42,848 - INFO - Fitting HMM with 3 states on 252 samples
2025-10-04 21:05:42,848 - INFO - Fitting HMM model with 3 states
2025-10-04 21:05:42,968 - INFO - Model fitted. Log-likelihood: -992.1405
2025-10-04 21:05:42,978 - INFO - Saved model artifact: models\hmm_EUR_USD_3_win252_end20201102.joblib
2025-10-04 21:05:42,979 - INFO - Window 165 complete. Train LL: -992.1405
2025-10-04 21:05:42,979 - INFO - Training window 166: 2019-12-16 to 2020-12-01
2025-10-04 21:05:42,993 - INFO - Fitting HMM with 3 states on 252 samples
2025-10-04 21:05:42,994 - INFO - Fitting HMM model with 3 states
2025-10-04 21:05:43,040 - INFO - Model fitted. Log-likelihood: -1025.0686
2025-10-04 21:05:43,049 - INFO - Saved model artifact: models\hmm_EUR_USD_3_win252_end20201201.joblib
2025-10-04 21:05:43,050 - INFO - Window 166 complete. Train LL: -1025.0686
2025-10-04 21:05:43,050 - INFO - Training window 167: 2020-01-14 to 2020-12-30
2025-10-04 21:05:43,062 - INFO - Fitting HMM with 3 states on 252 samples
2025-10-04 21:05:43,062 - INFO - Fitting HMM model with 3 states
2025-10-04 21:05:43,205 - INFO - Model fitted. Log-likelihood: -1302.1624
2025-10-04 21:05:43,214 - INFO - Saved model artifact: models\hmm_EUR_USD_3_win252_end20201230.joblib
2025-10-04 21:05:43,214 - INFO - Window 167 complete. Train LL: -1302.1624
2025-10-04 21:05:43,214 - INFO - Training window 168: 2020-02-12 to 2021-01-28
2025-10-04 21:05:43,228 - INFO - Fitting HMM with 3 states on 252 samples
2025-10-04 21:05:43,228 - INFO - Fitting HMM model with 3 states
2025-10-04 21:05:43,319 - INFO - Model fitted. Log-likelihood: -1006.9528
2025-10-04 21:05:43,328 - INFO - Saved model artifact: models\hmm_EUR_USD_3_win252_end20210128.joblib
2025-10-04 21:05:43,329 - INFO - Window 168 complete. Train LL: -1006.9528
2025-10-04 21:05:43,329 - INFO - Training window 169: 2020-03-12 to 2021-02-26
2025-10-04 21:05:43,345 - INFO - Fitting HMM with 3 states on 252 samples
2025-10-04 21:05:43,345 - INFO - Fitting HMM model with 3 states
2025-10-04 21:05:43,392 - INFO - Model fitted. Log-likelihood: -949.2437
2025-10-04 21:05:43,400 - INFO - Saved model artifact: models\hmm_EUR_USD_3_win252_end20210226.joblib
2025-10-04 21:05:43,401 - INFO - Window 169 complete. Train LL: -949.2437
2025-10-04 21:05:43,401 - INFO - Training window 170: 2020-04-10 to 2021-03-29
2025-10-04 21:05:43,417 - INFO - Fitting HMM with 3 states on 252 samples
2025-10-04 21:05:43,417 - INFO - Fitting HMM model with 3 states
2025-10-04 21:05:43,465 - INFO - Model fitted. Log-likelihood: -1139.2971
2025-10-04 21:05:43,483 - INFO - Saved model artifact: models\hmm_EUR_USD_3_win252_end20210329.joblib
2025-10-04 21:05:43,484 - INFO - Window 170 complete. Train LL: -1139.2971
2025-10-04 21:05:43,484 - INFO - Training window 171: 2020-05-11 to 2021-04-27
2025-10-04 21:05:43,500 - INFO - Fitting HMM with 3 states on 252 samples
2025-10-04 21:05:43,500 - INFO - Fitting HMM model with 3 states
2025-10-04 21:05:43,573 - INFO - Model fitted. Log-likelihood: -1160.8229
2025-10-04 21:05:43,582 - INFO - Saved model artifact: models\hmm_EUR_USD_3_win252_end20210427.joblib
2025-10-04 21:05:43,582 - INFO - Window 171 complete. Train LL: -1160.8229
2025-10-04 21:05:43,582 - INFO - Training window 172: 2020-06-09 to 2021-05-26
2025-10-04 21:05:43,595 - INFO - Fitting HMM with 3 states on 252 samples
2025-10-04 21:05:43,595 - INFO - Fitting HMM model with 3 states
2025-10-04 21:05:43,716 - INFO - Model fitted. Log-likelihood: -1200.4702
2025-10-04 21:05:43,726 - INFO - Saved model artifact: models\hmm_EUR_USD_3_win252_end20210526.joblib
2025-10-04 21:05:43,727 - INFO - Window 172 complete. Train LL: -1200.4702
2025-10-04 21:05:43,728 - INFO - Training window 173: 2020-07-08 to 2021-06-24
2025-10-04 21:05:43,742 - INFO - Fitting HMM with 3 states on 252 samples
2025-10-04 21:05:43,742 - INFO - Fitting HMM model with 3 states
2025-10-04 21:05:43,795 - INFO - Model fitted. Log-likelihood: -1199.7715
2025-10-04 21:05:43,808 - INFO - Saved model artifact: models\hmm_EUR_USD_3_win252_end20210624.joblib
2025-10-04 21:05:43,808 - INFO - Window 173 complete. Train LL: -1199.7715
2025-10-04 21:05:43,809 - INFO - Training window 174: 2020-08-06 to 2021-07-23
2025-10-04 21:05:43,820 - INFO - Fitting HMM with 3 states on 252 samples
2025-10-04 21:05:43,820 - INFO - Fitting HMM model with 3 states
2025-10-04 21:05:43,921 - INFO - Model fitted. Log-likelihood: -1270.9480
2025-10-04 21:05:43,931 - INFO - Saved model artifact: models\hmm_EUR_USD_3_win252_end20210723.joblib
2025-10-04 21:05:43,931 - INFO - Window 174 complete. Train LL: -1270.9480
2025-10-04 21:05:43,931 - INFO - Training window 175: 2020-09-04 to 2021-08-23
2025-10-04 21:05:43,947 - INFO - Fitting HMM with 3 states on 252 samples
2025-10-04 21:05:43,947 - INFO - Fitting HMM model with 3 states
2025-10-04 21:05:44,031 - INFO - Model fitted. Log-likelihood: -1322.1961
2025-10-04 21:05:44,044 - INFO - Saved model artifact: models\hmm_EUR_USD_3_win252_end20210823.joblib
2025-10-04 21:05:44,045 - INFO - Window 175 complete. Train LL: -1322.1961
2025-10-04 21:05:44,045 - INFO - Training window 176: 2020-10-05 to 2021-09-21
2025-10-04 21:05:44,059 - INFO - Fitting HMM with 3 states on 252 samples
2025-10-04 21:05:44,059 - INFO - Fitting HMM model with 3 states
2025-10-04 21:05:44,144 - INFO - Model fitted. Log-likelihood: -1244.0947
2025-10-04 21:05:44,160 - INFO - Saved model artifact: models\hmm_EUR_USD_3_win252_end20210921.joblib
2025-10-04 21:05:44,160 - INFO - Window 176 complete. Train LL: -1244.0947
2025-10-04 21:05:44,161 - INFO - Training window 177: 2020-11-03 to 2021-10-20
2025-10-04 21:05:44,177 - INFO - Fitting HMM with 3 states on 252 samples
2025-10-04 21:05:44,178 - INFO - Fitting HMM model with 3 states
2025-10-04 21:05:44,276 - INFO - Model fitted. Log-likelihood: -1298.7769
2025-10-04 21:05:44,286 - INFO - Saved model artifact: models\hmm_EUR_USD_3_win252_end20211020.joblib
2025-10-04 21:05:44,286 - INFO - Window 177 complete. Train LL: -1298.7769
2025-10-04 21:05:44,287 - INFO - Training window 178: 2020-12-02 to 2021-11-18
2025-10-04 21:05:44,304 - INFO - Fitting HMM with 3 states on 252 samples
2025-10-04 21:05:44,306 - INFO - Fitting HMM model with 3 states
2025-10-04 21:05:44,385 - INFO - Model fitted. Log-likelihood: -1249.3072
2025-10-04 21:05:44,395 - INFO - Saved model artifact: models\hmm_EUR_USD_3_win252_end20211118.joblib
2025-10-04 21:05:44,395 - INFO - Window 178 complete. Train LL: -1249.3072
2025-10-04 21:05:44,396 - INFO - Training window 179: 2020-12-31 to 2021-12-17
2025-10-04 21:05:44,411 - INFO - Fitting HMM with 3 states on 252 samples
2025-10-04 21:05:44,411 - INFO - Fitting HMM model with 3 states
2025-10-04 21:05:44,473 - WARNING - Model is not converging.  Current: -1265.8576532014672 is not greater than -1265.8576152427906. Delta is -3.795867655753682e-05
2025-10-04 21:05:44,474 - INFO - Model fitted. Log-likelihood: -1265.8577
2025-10-04 21:05:44,484 - INFO - Saved model artifact: models\hmm_EUR_USD_3_win252_end20211217.joblib
2025-10-04 21:05:44,485 - INFO - Window 179 complete. Train LL: -1265.8577
2025-10-04 21:05:44,485 - INFO - Training window 180: 2021-01-29 to 2022-01-17
2025-10-04 21:05:44,501 - INFO - Fitting HMM with 3 states on 252 samples
2025-10-04 21:05:44,502 - INFO - Fitting HMM model with 3 states
2025-10-04 21:05:44,548 - INFO - Model fitted. Log-likelihood: -1140.6561
2025-10-04 21:05:44,562 - INFO - Saved model artifact: models\hmm_EUR_USD_3_win252_end20220117.joblib
2025-10-04 21:05:44,562 - INFO - Window 180 complete. Train LL: -1140.6561
2025-10-04 21:05:44,562 - INFO - Training window 181: 2021-03-01 to 2022-02-15
2025-10-04 21:05:44,575 - INFO - Fitting HMM with 3 states on 252 samples
2025-10-04 21:05:44,575 - INFO - Fitting HMM model with 3 states
2025-10-04 21:05:44,634 - INFO - Model fitted. Log-likelihood: -1150.6112
2025-10-04 21:05:44,646 - INFO - Saved model artifact: models\hmm_EUR_USD_3_win252_end20220215.joblib
2025-10-04 21:05:44,646 - INFO - Window 181 complete. Train LL: -1150.6112
2025-10-04 21:05:44,647 - INFO - Training window 182: 2021-03-30 to 2022-03-16
2025-10-04 21:05:44,660 - INFO - Fitting HMM with 3 states on 252 samples
2025-10-04 21:05:44,661 - INFO - Fitting HMM model with 3 states
2025-10-04 21:05:44,714 - INFO - Model fitted. Log-likelihood: -1118.0350
2025-10-04 21:05:44,724 - INFO - Saved model artifact: models\hmm_EUR_USD_3_win252_end20220316.joblib
2025-10-04 21:05:44,725 - INFO - Window 182 complete. Train LL: -1118.0350
2025-10-04 21:05:44,725 - INFO - Training window 183: 2021-04-28 to 2022-04-14
2025-10-04 21:05:44,744 - INFO - Fitting HMM with 3 states on 252 samples
2025-10-04 21:05:44,744 - INFO - Fitting HMM model with 3 states
2025-10-04 21:05:44,821 - INFO - Model fitted. Log-likelihood: -1204.2022
2025-10-04 21:05:44,831 - INFO - Saved model artifact: models\hmm_EUR_USD_3_win252_end20220414.joblib
2025-10-04 21:05:44,831 - INFO - Window 183 complete. Train LL: -1204.2022
2025-10-04 21:05:44,831 - INFO - Training window 184: 2021-05-27 to 2022-05-13
2025-10-04 21:05:44,847 - INFO - Fitting HMM with 3 states on 252 samples
2025-10-04 21:05:44,847 - INFO - Fitting HMM model with 3 states
2025-10-04 21:05:44,908 - INFO - Model fitted. Log-likelihood: -1201.2296
2025-10-04 21:05:44,918 - INFO - Saved model artifact: models\hmm_EUR_USD_3_win252_end20220513.joblib
2025-10-04 21:05:44,918 - INFO - Window 184 complete. Train LL: -1201.2296
2025-10-04 21:05:44,919 - INFO - Training window 185: 2021-06-25 to 2022-06-13
2025-10-04 21:05:44,930 - INFO - Fitting HMM with 3 states on 252 samples
2025-10-04 21:05:44,930 - INFO - Fitting HMM model with 3 states
2025-10-04 21:05:45,028 - INFO - Model fitted. Log-likelihood: -1130.3113
2025-10-04 21:05:45,038 - INFO - Saved model artifact: models\hmm_EUR_USD_3_win252_end20220613.joblib
2025-10-04 21:05:45,038 - INFO - Window 185 complete. Train LL: -1130.3113
2025-10-04 21:05:45,038 - INFO - Training window 186: 2021-07-26 to 2022-07-12
2025-10-04 21:05:45,050 - INFO - Fitting HMM with 3 states on 252 samples
2025-10-04 21:05:45,050 - INFO - Fitting HMM model with 3 states
2025-10-04 21:05:45,166 - INFO - Model fitted. Log-likelihood: -1182.8153
2025-10-04 21:05:45,177 - INFO - Saved model artifact: models\hmm_EUR_USD_3_win252_end20220712.joblib
2025-10-04 21:05:45,177 - INFO - Window 186 complete. Train LL: -1182.8153
2025-10-04 21:05:45,178 - INFO - Training window 187: 2021-08-24 to 2022-08-10
2025-10-04 21:05:45,197 - INFO - Fitting HMM with 3 states on 252 samples
2025-10-04 21:05:45,199 - INFO - Fitting HMM model with 3 states
2025-10-04 21:05:45,311 - INFO - Model fitted. Log-likelihood: -1097.6367
2025-10-04 21:05:45,323 - INFO - Saved model artifact: models\hmm_EUR_USD_3_win252_end20220810.joblib
2025-10-04 21:05:45,323 - INFO - Window 187 complete. Train LL: -1097.6367
2025-10-04 21:05:45,324 - INFO - Training window 188: 2021-09-22 to 2022-09-08
2025-10-04 21:05:45,341 - INFO - Fitting HMM with 3 states on 252 samples
2025-10-04 21:05:45,341 - INFO - Fitting HMM model with 3 states
2025-10-04 21:05:45,432 - INFO - Model fitted. Log-likelihood: -1272.8036
2025-10-04 21:05:45,443 - INFO - Saved model artifact: models\hmm_EUR_USD_3_win252_end20220908.joblib
2025-10-04 21:05:45,444 - INFO - Window 188 complete. Train LL: -1272.8036
2025-10-04 21:05:45,444 - INFO - Training window 189: 2021-10-21 to 2022-10-07
2025-10-04 21:05:45,453 - INFO - Fitting HMM with 3 states on 252 samples
2025-10-04 21:05:45,456 - INFO - Fitting HMM model with 3 states
2025-10-04 21:05:45,628 - INFO - Model fitted. Log-likelihood: -1287.0970
2025-10-04 21:05:45,637 - INFO - Saved model artifact: models\hmm_EUR_USD_3_win252_end20221007.joblib
2025-10-04 21:05:45,637 - INFO - Window 189 complete. Train LL: -1287.0970
2025-10-04 21:05:45,637 - INFO - Training window 190: 2021-11-19 to 2022-11-07
2025-10-04 21:05:45,649 - INFO - Fitting HMM with 3 states on 252 samples
2025-10-04 21:05:45,649 - INFO - Fitting HMM model with 3 states
2025-10-04 21:05:45,717 - INFO - Model fitted. Log-likelihood: -1255.2002
2025-10-04 21:05:45,728 - INFO - Saved model artifact: models\hmm_EUR_USD_3_win252_end20221107.joblib
2025-10-04 21:05:45,728 - INFO - Window 190 complete. Train LL: -1255.2002
2025-10-04 21:05:45,728 - INFO - Training window 191: 2021-12-20 to 2022-12-06
2025-10-04 21:05:45,742 - INFO - Fitting HMM with 3 states on 252 samples
2025-10-04 21:05:45,742 - INFO - Fitting HMM model with 3 states
2025-10-04 21:05:45,863 - INFO - Model fitted. Log-likelihood: -1292.6951
2025-10-04 21:05:45,872 - INFO - Saved model artifact: models\hmm_EUR_USD_3_win252_end20221206.joblib
2025-10-04 21:05:45,872 - INFO - Window 191 complete. Train LL: -1292.6951
2025-10-04 21:05:45,873 - INFO - Training window 192: 2022-01-18 to 2023-01-04
2025-10-04 21:05:45,881 - INFO - Fitting HMM with 3 states on 252 samples
2025-10-04 21:05:45,881 - INFO - Fitting HMM model with 3 states
2025-10-04 21:05:45,933 - INFO - Model fitted. Log-likelihood: -1238.8189
2025-10-04 21:05:45,944 - INFO - Saved model artifact: models\hmm_EUR_USD_3_win252_end20230104.joblib
2025-10-04 21:05:45,944 - INFO - Window 192 complete. Train LL: -1238.8189
2025-10-04 21:05:45,945 - INFO - Training window 193: 2022-02-16 to 2023-02-02
2025-10-04 21:05:45,957 - INFO - Fitting HMM with 3 states on 252 samples
2025-10-04 21:05:45,957 - INFO - Fitting HMM model with 3 states
2025-10-04 21:05:45,999 - INFO - Model fitted. Log-likelihood: -1219.3085
2025-10-04 21:05:46,011 - INFO - Saved model artifact: models\hmm_EUR_USD_3_win252_end20230202.joblib
2025-10-04 21:05:46,011 - INFO - Window 193 complete. Train LL: -1219.3085
2025-10-04 21:05:46,012 - INFO - Training window 194: 2022-03-17 to 2023-03-03
2025-10-04 21:05:46,027 - INFO - Fitting HMM with 3 states on 252 samples
2025-10-04 21:05:46,027 - INFO - Fitting HMM model with 3 states
2025-10-04 21:05:46,097 - INFO - Model fitted. Log-likelihood: -1236.6406
2025-10-04 21:05:46,105 - INFO - Saved model artifact: models\hmm_EUR_USD_3_win252_end20230303.joblib
2025-10-04 21:05:46,106 - INFO - Window 194 complete. Train LL: -1236.6406
2025-10-04 21:05:46,106 - INFO - Training window 195: 2022-04-15 to 2023-04-03
2025-10-04 21:05:46,116 - INFO - Fitting HMM with 3 states on 252 samples
2025-10-04 21:05:46,117 - INFO - Fitting HMM model with 3 states
2025-10-04 21:05:46,171 - INFO - Model fitted. Log-likelihood: -1213.9129
2025-10-04 21:05:46,181 - INFO - Saved model artifact: models\hmm_EUR_USD_3_win252_end20230403.joblib
2025-10-04 21:05:46,181 - INFO - Window 195 complete. Train LL: -1213.9129
2025-10-04 21:05:46,182 - INFO - Training window 196: 2022-05-16 to 2023-05-02
2025-10-04 21:05:46,195 - INFO - Fitting HMM with 3 states on 252 samples
2025-10-04 21:05:46,195 - INFO - Fitting HMM model with 3 states
2025-10-04 21:05:46,263 - INFO - Model fitted. Log-likelihood: -1187.0585
2025-10-04 21:05:46,274 - INFO - Saved model artifact: models\hmm_EUR_USD_3_win252_end20230502.joblib
2025-10-04 21:05:46,274 - INFO - Window 196 complete. Train LL: -1187.0585
2025-10-04 21:05:46,274 - INFO - Training window 197: 2022-06-14 to 2023-05-31
2025-10-04 21:05:46,289 - INFO - Fitting HMM with 3 states on 252 samples
2025-10-04 21:05:46,290 - INFO - Fitting HMM model with 3 states
2025-10-04 21:05:46,430 - INFO - Model fitted. Log-likelihood: -1196.0007
2025-10-04 21:05:46,438 - INFO - Saved model artifact: models\hmm_EUR_USD_3_win252_end20230531.joblib
2025-10-04 21:05:46,439 - INFO - Window 197 complete. Train LL: -1196.0007
2025-10-04 21:05:46,440 - INFO - Training window 198: 2022-07-13 to 2023-06-29
2025-10-04 21:05:46,457 - INFO - Fitting HMM with 3 states on 252 samples
2025-10-04 21:05:46,457 - INFO - Fitting HMM model with 3 states
2025-10-04 21:05:46,512 - INFO - Model fitted. Log-likelihood: -1178.6697
2025-10-04 21:05:46,522 - INFO - Saved model artifact: models\hmm_EUR_USD_3_win252_end20230629.joblib
2025-10-04 21:05:46,523 - INFO - Window 198 complete. Train LL: -1178.6697
2025-10-04 21:05:46,523 - INFO - Training window 199: 2022-08-11 to 2023-07-28
2025-10-04 21:05:46,535 - INFO - Fitting HMM with 3 states on 252 samples
2025-10-04 21:05:46,536 - INFO - Fitting HMM model with 3 states
2025-10-04 21:05:46,586 - INFO - Model fitted. Log-likelihood: -1169.0205
2025-10-04 21:05:46,596 - INFO - Saved model artifact: models\hmm_EUR_USD_3_win252_end20230728.joblib
2025-10-04 21:05:46,597 - INFO - Window 199 complete. Train LL: -1169.0205
2025-10-04 21:05:46,597 - INFO - Training window 200: 2022-09-09 to 2023-08-28
2025-10-04 21:05:46,613 - INFO - Fitting HMM with 3 states on 252 samples
2025-10-04 21:05:46,613 - INFO - Fitting HMM model with 3 states
2025-10-04 21:05:46,660 - INFO - Model fitted. Log-likelihood: -1253.9914
2025-10-04 21:05:46,669 - INFO - Saved model artifact: models\hmm_EUR_USD_3_win252_end20230828.joblib
2025-10-04 21:05:46,671 - INFO - Window 200 complete. Train LL: -1253.9914
2025-10-04 21:05:46,671 - INFO - Training window 201: 2022-10-10 to 2023-09-26
2025-10-04 21:05:46,682 - INFO - Fitting HMM with 3 states on 252 samples
2025-10-04 21:05:46,683 - INFO - Fitting HMM model with 3 states
2025-10-04 21:05:46,727 - INFO - Model fitted. Log-likelihood: -1064.8824
2025-10-04 21:05:46,738 - INFO - Saved model artifact: models\hmm_EUR_USD_3_win252_end20230926.joblib
2025-10-04 21:05:46,738 - INFO - Window 201 complete. Train LL: -1064.8824
2025-10-04 21:05:46,739 - INFO - Training window 202: 2022-11-08 to 2023-10-25
2025-10-04 21:05:46,755 - INFO - Fitting HMM with 3 states on 252 samples
2025-10-04 21:05:46,755 - INFO - Fitting HMM model with 3 states
2025-10-04 21:05:46,798 - INFO - Model fitted. Log-likelihood: -1074.9710
2025-10-04 21:05:46,812 - INFO - Saved model artifact: models\hmm_EUR_USD_3_win252_end20231025.joblib
2025-10-04 21:05:46,813 - INFO - Window 202 complete. Train LL: -1074.9710
2025-10-04 21:05:46,813 - INFO - Training window 203: 2022-12-07 to 2023-11-23
2025-10-04 21:05:46,830 - INFO - Fitting HMM with 3 states on 252 samples
2025-10-04 21:05:46,831 - INFO - Fitting HMM model with 3 states
2025-10-04 21:05:46,953 - INFO - Model fitted. Log-likelihood: -1258.5556
2025-10-04 21:05:47,001 - INFO - Saved model artifact: models\hmm_EUR_USD_3_win252_end20231123.joblib
2025-10-04 21:05:47,016 - INFO - Window 203 complete. Train LL: -1258.5556
2025-10-04 21:05:47,016 - INFO - Training window 204: 2023-01-05 to 2023-12-22
2025-10-04 21:05:47,043 - INFO - Fitting HMM with 3 states on 252 samples
2025-10-04 21:05:47,056 - INFO - Fitting HMM model with 3 states
2025-10-04 21:05:47,132 - INFO - Model fitted. Log-likelihood: -1240.4384
2025-10-04 21:05:47,144 - INFO - Saved model artifact: models\hmm_EUR_USD_3_win252_end20231222.joblib
2025-10-04 21:05:47,145 - INFO - Window 204 complete. Train LL: -1240.4384
2025-10-04 21:05:47,146 - INFO - Training window 205: 2023-02-03 to 2024-01-22
2025-10-04 21:05:47,160 - INFO - Fitting HMM with 3 states on 252 samples
2025-10-04 21:05:47,160 - INFO - Fitting HMM model with 3 states
2025-10-04 21:05:47,228 - INFO - Model fitted. Log-likelihood: -1221.2787
2025-10-04 21:05:47,239 - INFO - Saved model artifact: models\hmm_EUR_USD_3_win252_end20240122.joblib
2025-10-04 21:05:47,240 - INFO - Window 205 complete. Train LL: -1221.2787
2025-10-04 21:05:47,240 - INFO - Training window 206: 2023-03-06 to 2024-02-20
2025-10-04 21:05:47,251 - INFO - Fitting HMM with 3 states on 252 samples
2025-10-04 21:05:47,251 - INFO - Fitting HMM model with 3 states
2025-10-04 21:05:47,308 - INFO - Model fitted. Log-likelihood: -1201.6561
2025-10-04 21:05:47,318 - INFO - Saved model artifact: models\hmm_EUR_USD_3_win252_end20240220.joblib
2025-10-04 21:05:47,318 - INFO - Window 206 complete. Train LL: -1201.6561
2025-10-04 21:05:47,318 - INFO - Training window 207: 2023-04-04 to 2024-03-20
2025-10-04 21:05:47,330 - INFO - Fitting HMM with 3 states on 252 samples
2025-10-04 21:05:47,331 - INFO - Fitting HMM model with 3 states
2025-10-04 21:05:47,394 - INFO - Model fitted. Log-likelihood: -1374.0537
2025-10-04 21:05:47,405 - INFO - Saved model artifact: models\hmm_EUR_USD_3_win252_end20240320.joblib
2025-10-04 21:05:47,406 - INFO - Window 207 complete. Train LL: -1374.0537
2025-10-04 21:05:47,406 - INFO - Training window 208: 2023-05-03 to 2024-04-18
2025-10-04 21:05:47,418 - INFO - Fitting HMM with 3 states on 252 samples
2025-10-04 21:05:47,420 - INFO - Fitting HMM model with 3 states
2025-10-04 21:05:47,483 - INFO - Model fitted. Log-likelihood: -1174.9762
2025-10-04 21:05:47,496 - INFO - Saved model artifact: models\hmm_EUR_USD_3_win252_end20240418.joblib
2025-10-04 21:05:47,496 - INFO - Window 208 complete. Train LL: -1174.9762
2025-10-04 21:05:47,497 - INFO - Training window 209: 2023-06-01 to 2024-05-17
2025-10-04 21:05:47,510 - INFO - Fitting HMM with 3 states on 252 samples
2025-10-04 21:05:47,511 - INFO - Fitting HMM model with 3 states
2025-10-04 21:05:47,575 - INFO - Model fitted. Log-likelihood: -1145.6451
2025-10-04 21:05:47,583 - INFO - Saved model artifact: models\hmm_EUR_USD_3_win252_end20240517.joblib
2025-10-04 21:05:47,584 - INFO - Window 209 complete. Train LL: -1145.6451
2025-10-04 21:05:47,584 - INFO - Training window 210: 2023-06-30 to 2024-06-17
2025-10-04 21:05:47,598 - INFO - Fitting HMM with 3 states on 252 samples
2025-10-04 21:05:47,598 - INFO - Fitting HMM model with 3 states
2025-10-04 21:05:47,636 - INFO - Model fitted. Log-likelihood: -1098.4489
2025-10-04 21:05:47,650 - INFO - Saved model artifact: models\hmm_EUR_USD_3_win252_end20240617.joblib
2025-10-04 21:05:47,650 - INFO - Window 210 complete. Train LL: -1098.4489
2025-10-04 21:05:47,651 - INFO - Training window 211: 2023-07-31 to 2024-07-16
2025-10-04 21:05:47,664 - INFO - Fitting HMM with 3 states on 252 samples
2025-10-04 21:05:47,665 - INFO - Fitting HMM model with 3 states
2025-10-04 21:05:47,730 - INFO - Model fitted. Log-likelihood: -1325.0953
2025-10-04 21:05:47,741 - INFO - Saved model artifact: models\hmm_EUR_USD_3_win252_end20240716.joblib
2025-10-04 21:05:47,741 - INFO - Window 211 complete. Train LL: -1325.0953
2025-10-04 21:05:47,741 - INFO - Training window 212: 2023-08-29 to 2024-08-14
2025-10-04 21:05:47,753 - INFO - Fitting HMM with 3 states on 252 samples
2025-10-04 21:05:47,753 - INFO - Fitting HMM model with 3 states
2025-10-04 21:05:47,828 - INFO - Model fitted. Log-likelihood: -1241.2716
2025-10-04 21:05:47,837 - INFO - Saved model artifact: models\hmm_EUR_USD_3_win252_end20240814.joblib
2025-10-04 21:05:47,837 - INFO - Window 212 complete. Train LL: -1241.2716
2025-10-04 21:05:47,838 - INFO - Training window 213: 2023-09-27 to 2024-09-12
2025-10-04 21:05:47,847 - INFO - Fitting HMM with 3 states on 252 samples
2025-10-04 21:05:47,847 - INFO - Fitting HMM model with 3 states
2025-10-04 21:05:47,899 - INFO - Model fitted. Log-likelihood: -1138.6575
2025-10-04 21:05:47,910 - INFO - Saved model artifact: models\hmm_EUR_USD_3_win252_end20240912.joblib
2025-10-04 21:05:47,910 - INFO - Window 213 complete. Train LL: -1138.6575
2025-10-04 21:05:47,911 - INFO - Training window 214: 2023-10-26 to 2024-10-11
2025-10-04 21:05:47,924 - INFO - Fitting HMM with 3 states on 252 samples
2025-10-04 21:05:47,925 - INFO - Fitting HMM model with 3 states
2025-10-04 21:05:48,009 - INFO - Model fitted. Log-likelihood: -1142.9646
2025-10-04 21:05:48,023 - INFO - Saved model artifact: models\hmm_EUR_USD_3_win252_end20241011.joblib
2025-10-04 21:05:48,023 - INFO - Window 214 complete. Train LL: -1142.9646
2025-10-04 21:05:48,023 - INFO - Training window 215: 2023-11-24 to 2024-11-11
2025-10-04 21:05:48,032 - INFO - Fitting HMM with 3 states on 252 samples
2025-10-04 21:05:48,032 - INFO - Fitting HMM model with 3 states
2025-10-04 21:05:48,128 - INFO - Model fitted. Log-likelihood: -1203.8490
2025-10-04 21:05:48,139 - INFO - Saved model artifact: models\hmm_EUR_USD_3_win252_end20241111.joblib
2025-10-04 21:05:48,140 - INFO - Window 215 complete. Train LL: -1203.8490
2025-10-04 21:05:48,140 - INFO - Training window 216: 2023-12-25 to 2024-12-10
2025-10-04 21:05:48,158 - INFO - Fitting HMM with 3 states on 252 samples
2025-10-04 21:05:48,159 - INFO - Fitting HMM model with 3 states
2025-10-04 21:05:48,220 - INFO - Model fitted. Log-likelihood: -1199.9275
2025-10-04 21:05:48,228 - INFO - Saved model artifact: models\hmm_EUR_USD_3_win252_end20241210.joblib
2025-10-04 21:05:48,229 - INFO - Window 216 complete. Train LL: -1199.9275
2025-10-04 21:05:48,229 - INFO - Training window 217: 2024-01-23 to 2025-01-08
2025-10-04 21:05:48,244 - INFO - Fitting HMM with 3 states on 252 samples
2025-10-04 21:05:48,245 - INFO - Fitting HMM model with 3 states
2025-10-04 21:05:48,291 - INFO - Model fitted. Log-likelihood: -1204.2041
2025-10-04 21:05:48,300 - INFO - Saved model artifact: models\hmm_EUR_USD_3_win252_end20250108.joblib
2025-10-04 21:05:48,300 - INFO - Window 217 complete. Train LL: -1204.2041
2025-10-04 21:05:48,300 - INFO - Training window 218: 2024-02-21 to 2025-02-06
2025-10-04 21:05:48,311 - INFO - Fitting HMM with 3 states on 252 samples
2025-10-04 21:05:48,312 - INFO - Fitting HMM model with 3 states
2025-10-04 21:05:48,393 - INFO - Model fitted. Log-likelihood: -1249.8556
2025-10-04 21:05:48,403 - INFO - Saved model artifact: models\hmm_EUR_USD_3_win252_end20250206.joblib
2025-10-04 21:05:48,403 - INFO - Window 218 complete. Train LL: -1249.8556
2025-10-04 21:05:48,403 - INFO - Training window 219: 2024-03-21 to 2025-03-07
2025-10-04 21:05:48,418 - INFO - Fitting HMM with 3 states on 252 samples
2025-10-04 21:05:48,419 - INFO - Fitting HMM model with 3 states
2025-10-04 21:05:48,489 - INFO - Model fitted. Log-likelihood: -1234.7729
2025-10-04 21:05:48,498 - INFO - Saved model artifact: models\hmm_EUR_USD_3_win252_end20250307.joblib
2025-10-04 21:05:48,499 - INFO - Window 219 complete. Train LL: -1234.7729
2025-10-04 21:05:48,499 - INFO - Training window 220: 2024-04-19 to 2025-04-07
2025-10-04 21:05:48,521 - INFO - Fitting HMM with 3 states on 252 samples
2025-10-04 21:05:48,522 - INFO - Fitting HMM model with 3 states
2025-10-04 21:05:48,628 - INFO - Model fitted. Log-likelihood: -1191.1176
2025-10-04 21:05:48,640 - INFO - Saved model artifact: models\hmm_EUR_USD_3_win252_end20250407.joblib
2025-10-04 21:05:48,640 - INFO - Window 220 complete. Train LL: -1191.1176
2025-10-04 21:05:48,640 - INFO - Training window 221: 2024-05-20 to 2025-05-06
2025-10-04 21:05:48,649 - INFO - Fitting HMM with 3 states on 252 samples
2025-10-04 21:05:48,650 - INFO - Fitting HMM model with 3 states
2025-10-04 21:05:48,799 - INFO - Model fitted. Log-likelihood: -1099.4837
2025-10-04 21:05:48,807 - INFO - Saved model artifact: models\hmm_EUR_USD_3_win252_end20250506.joblib
2025-10-04 21:05:48,808 - INFO - Window 221 complete. Train LL: -1099.4837
2025-10-04 21:05:48,808 - INFO - Training window 222: 2024-06-18 to 2025-06-04
2025-10-04 21:05:48,821 - INFO - Fitting HMM with 3 states on 252 samples
2025-10-04 21:05:48,822 - INFO - Fitting HMM model with 3 states
2025-10-04 21:05:48,891 - INFO - Model fitted. Log-likelihood: -1184.3670
2025-10-04 21:05:48,901 - INFO - Saved model artifact: models\hmm_EUR_USD_3_win252_end20250604.joblib
2025-10-04 21:05:48,901 - INFO - Window 222 complete. Train LL: -1184.3670
2025-10-04 21:05:48,904 - INFO - Training window 223: 2024-07-17 to 2025-07-03
2025-10-04 21:05:48,914 - INFO - Fitting HMM with 3 states on 252 samples
2025-10-04 21:05:48,915 - INFO - Fitting HMM model with 3 states
2025-10-04 21:05:48,985 - INFO - Model fitted. Log-likelihood: -1195.8122
2025-10-04 21:05:48,997 - INFO - Saved model artifact: models\hmm_EUR_USD_3_win252_end20250703.joblib
2025-10-04 21:05:48,997 - INFO - Window 223 complete. Train LL: -1195.8122
2025-10-04 21:05:48,998 - INFO - Training window 224: 2024-08-15 to 2025-08-01
2025-10-04 21:05:49,017 - INFO - Fitting HMM with 3 states on 252 samples
2025-10-04 21:05:49,018 - INFO - Fitting HMM model with 3 states
2025-10-04 21:05:49,113 - INFO - Model fitted. Log-likelihood: -1164.6932
2025-10-04 21:05:49,123 - INFO - Saved model artifact: models\hmm_EUR_USD_3_win252_end20250801.joblib
2025-10-04 21:05:49,124 - INFO - Window 224 complete. Train LL: -1164.6932
2025-10-04 21:05:49,125 - INFO - Training window 225: 2024-09-13 to 2025-09-01
2025-10-04 21:05:49,142 - INFO - Fitting HMM with 3 states on 252 samples
2025-10-04 21:05:49,142 - INFO - Fitting HMM model with 3 states
2025-10-04 21:05:49,213 - INFO - Model fitted. Log-likelihood: -1244.0944
2025-10-04 21:05:49,223 - INFO - Saved model artifact: models\hmm_EUR_USD_3_win252_end20250901.joblib
2025-10-04 21:05:49,223 - INFO - Window 225 complete. Train LL: -1244.0944
2025-10-04 21:05:49,223 - INFO - Insufficient data for window + validation at index 4725, stopping
2025-10-04 21:05:49,236 - INFO - Rolling training complete: 225/225 windows successful
2025-10-04 21:06:58,711 - INFO - Using hmmlearn backend for HMM
2025-10-04 21:11:46,734 - INFO - Using hmmlearn backend for HMM
2025-10-04 21:13:53,497 - INFO - Using hmmlearn backend for HMM
2025-10-04 21:13:53,519 - INFO - Loaded model from D:\SemV\projects\HMM_final\models\hmm_EUR_USD_3_win252_end20250901.joblib
2025-10-04 21:13:53,520 - INFO - Model: 3 states, trained on 2024-09-13 00:00:00 to 2025-09-01 00:00:00
2025-10-04 21:14:26,993 - INFO - Using hmmlearn backend for HMM
2025-10-04 21:14:31,573 - INFO - vectorbt available for advanced backtesting
2025-10-04 21:15:09,638 - INFO - Using hmmlearn backend for HMM
2025-10-04 21:15:13,288 - INFO - vectorbt available for advanced backtesting
2025-10-04 21:15:31,928 - INFO - Using hmmlearn backend for HMM
2025-10-04 21:15:35,842 - INFO - vectorbt available for advanced backtesting
2025-10-04 21:16:48,209 - INFO - Using hmmlearn backend for HMM
2025-10-04 21:16:51,591 - INFO - vectorbt available for advanced backtesting
2025-10-04 21:16:51,594 - INFO - Loaded model from D:\SemV\projects\HMM_final\models\hmm_EUR_USD_3_win252_end20250901.joblib
2025-10-04 21:16:51,595 - INFO - Model: 3 states, trained on 2024-09-13 00:00:00 to 2025-09-01 00:00:00
2025-10-04 21:16:51,693 - INFO - Running backtest with Simple Regime Strategy
2025-10-04 21:16:51,694 - INFO - Backtest period: 2006-08-04 00:00:00 to 2025-10-03 00:00:00
2025-10-04 21:16:51,694 - INFO - Computing technical features
2025-10-04 21:16:51,709 - INFO - Features computed. Dropped 20 rows with NaN
2025-10-04 21:16:51,710 - INFO - Final feature matrix shape: (4980, 5)
2025-10-04 21:16:51,748 - INFO - Computing technical features
2025-10-04 21:16:51,761 - INFO - Features computed. Dropped 20 rows with NaN
2025-10-04 21:16:51,762 - INFO - Final feature matrix shape: (4980, 5)
2025-10-04 21:16:52,596 - ERROR - Backtest failed: single positional indexer is out-of-bounds
2025-10-04 21:22:13,004 - INFO - Using hmmlearn backend for HMM
2025-10-04 21:22:16,447 - INFO - vectorbt available for advanced backtesting
2025-10-04 21:22:16,450 - INFO - Loaded model from D:\SemV\projects\HMM_final\models\hmm_EUR_USD_3_win252_end20250901.joblib
2025-10-04 21:22:16,450 - INFO - Model: 3 states, trained on 2024-09-13 00:00:00 to 2025-09-01 00:00:00
2025-10-04 21:22:16,507 - INFO - Running backtest with Simple Regime Strategy
2025-10-04 21:22:16,508 - INFO - Backtest period: 2006-08-04 00:00:00 to 2025-10-03 00:00:00
2025-10-04 21:22:16,508 - INFO - Computing technical features
2025-10-04 21:22:16,521 - INFO - Features computed. Dropped 20 rows with NaN
2025-10-04 21:22:16,522 - INFO - Final feature matrix shape: (4980, 5)
2025-10-04 21:22:16,557 - INFO - Computing technical features
2025-10-04 21:22:16,569 - INFO - Features computed. Dropped 20 rows with NaN
2025-10-04 21:22:16,569 - INFO - Final feature matrix shape: (4980, 5)
2025-10-04 21:22:16,663 - ERROR - Backtest failed: NDFrame.align() got multiple values for argument 'join'
2025-10-04 21:23:09,557 - INFO - Using hmmlearn backend for HMM
2025-10-04 21:23:13,026 - INFO - vectorbt available for advanced backtesting
2025-10-04 21:23:13,028 - INFO - Loaded model from D:\SemV\projects\HMM_final\models\hmm_EUR_USD_3_win252_end20250901.joblib
2025-10-04 21:23:13,029 - INFO - Model: 3 states, trained on 2024-09-13 00:00:00 to 2025-09-01 00:00:00
2025-10-04 21:23:13,083 - INFO - Running backtest with Simple Regime Strategy
2025-10-04 21:23:13,083 - INFO - Backtest period: 2006-08-04 00:00:00 to 2025-10-03 00:00:00
2025-10-04 21:23:13,084 - INFO - Computing technical features
2025-10-04 21:23:13,097 - INFO - Features computed. Dropped 20 rows with NaN
2025-10-04 21:23:13,098 - INFO - Final feature matrix shape: (4980, 5)
2025-10-04 21:23:13,132 - INFO - Computing technical features
2025-10-04 21:23:13,145 - INFO - Features computed. Dropped 20 rows with NaN
2025-10-04 21:23:13,146 - INFO - Final feature matrix shape: (4980, 5)
2025-10-04 21:23:13,238 - ERROR - Backtest failed: NDFrame.align() got multiple values for argument 'join'
2025-10-04 21:23:31,426 - INFO - Using hmmlearn backend for HMM
2025-10-04 21:23:34,935 - INFO - vectorbt available for advanced backtesting
2025-10-04 21:23:34,938 - INFO - Loaded model from D:\SemV\projects\HMM_final\models\hmm_EUR_USD_3_win252_end20250901.joblib
2025-10-04 21:23:34,938 - INFO - Model: 3 states, trained on 2024-09-13 00:00:00 to 2025-09-01 00:00:00
2025-10-04 21:23:34,990 - INFO - Running backtest with Simple Regime Strategy
2025-10-04 21:23:34,991 - INFO - Backtest period: 2006-08-04 00:00:00 to 2025-10-03 00:00:00
2025-10-04 21:23:34,991 - INFO - Computing technical features
2025-10-04 21:23:35,007 - INFO - Features computed. Dropped 20 rows with NaN
2025-10-04 21:23:35,007 - INFO - Final feature matrix shape: (4980, 5)
2025-10-04 21:23:35,041 - INFO - Computing technical features
2025-10-04 21:23:35,051 - INFO - Features computed. Dropped 20 rows with NaN
2025-10-04 21:23:35,052 - INFO - Final feature matrix shape: (4980, 5)
2025-10-04 21:23:35,144 - ERROR - Backtest failed: NDFrame.align() got multiple values for argument 'join'
2025-10-04 21:24:14,032 - INFO - Using hmmlearn backend for HMM
2025-10-04 21:24:17,808 - INFO - vectorbt available for advanced backtesting
2025-10-04 21:24:17,811 - INFO - Loaded model from D:\SemV\projects\HMM_final\models\hmm_EUR_USD_3_win252_end20250901.joblib
2025-10-04 21:24:17,812 - INFO - Model: 3 states, trained on 2024-09-13 00:00:00 to 2025-09-01 00:00:00
2025-10-04 21:24:17,869 - INFO - Running backtest with Simple Regime Strategy
2025-10-04 21:24:17,869 - INFO - Backtest period: 2006-08-04 00:00:00 to 2025-10-03 00:00:00
2025-10-04 21:24:17,870 - INFO - Computing technical features
2025-10-04 21:24:17,885 - INFO - Features computed. Dropped 20 rows with NaN
2025-10-04 21:24:17,885 - INFO - Final feature matrix shape: (4980, 5)
2025-10-04 21:24:17,920 - INFO - Computing technical features
2025-10-04 21:24:17,930 - INFO - Features computed. Dropped 20 rows with NaN
2025-10-04 21:24:17,931 - INFO - Final feature matrix shape: (4980, 5)
2025-10-04 21:24:18,029 - ERROR - Backtest failed: NDFrame.align() got multiple values for argument 'join'
2025-10-04 21:26:19,176 - INFO - Using hmmlearn backend for HMM
2025-10-04 21:26:22,665 - INFO - vectorbt available for advanced backtesting
2025-10-04 21:26:22,668 - INFO - Loaded model from D:\SemV\projects\HMM_final\models\hmm_EUR_USD_3_win252_end20250901.joblib
2025-10-04 21:26:22,668 - INFO - Model: 3 states, trained on 2024-09-13 00:00:00 to 2025-09-01 00:00:00
2025-10-04 21:26:22,725 - INFO - Running backtest with Simple Regime Strategy
2025-10-04 21:26:22,726 - INFO - Backtest period: 2006-08-04 00:00:00 to 2025-10-03 00:00:00
2025-10-04 21:26:22,726 - INFO - Computing technical features
2025-10-04 21:26:22,739 - INFO - Features computed. Dropped 20 rows with NaN
2025-10-04 21:26:22,739 - INFO - Final feature matrix shape: (4980, 5)
2025-10-04 21:26:22,773 - INFO - Computing technical features
2025-10-04 21:26:22,787 - INFO - Features computed. Dropped 20 rows with NaN
2025-10-04 21:26:22,787 - INFO - Final feature matrix shape: (4980, 5)
2025-10-04 21:26:22,883 - ERROR - Backtest failed: cannot concatenate object of type '<class 'list'>'; only Series and DataFrame objs are valid
2025-10-04 21:27:09,112 - INFO - Using hmmlearn backend for HMM
2025-10-04 21:27:12,812 - INFO - vectorbt available for advanced backtesting
2025-10-04 21:27:12,816 - INFO - Loaded model from D:\SemV\projects\HMM_final\models\hmm_EUR_USD_3_win252_end20250901.joblib
2025-10-04 21:27:12,817 - INFO - Model: 3 states, trained on 2024-09-13 00:00:00 to 2025-09-01 00:00:00
2025-10-04 21:27:12,872 - INFO - Running backtest with Simple Regime Strategy
2025-10-04 21:27:12,873 - INFO - Backtest period: 2006-08-04 00:00:00 to 2025-10-03 00:00:00
2025-10-04 21:27:12,874 - INFO - Computing technical features
2025-10-04 21:27:12,885 - INFO - Features computed. Dropped 20 rows with NaN
2025-10-04 21:27:12,885 - INFO - Final feature matrix shape: (4980, 5)
2025-10-04 21:27:12,920 - INFO - Computing technical features
2025-10-04 21:27:12,932 - INFO - Features computed. Dropped 20 rows with NaN
2025-10-04 21:27:12,933 - INFO - Final feature matrix shape: (4980, 5)
2025-10-04 21:27:13,398 - ERROR - Backtest failed: 'portfolio_value'
2025-10-04 21:28:22,340 - INFO - Using hmmlearn backend for HMM
2025-10-04 21:28:25,822 - INFO - vectorbt available for advanced backtesting
2025-10-04 21:28:25,825 - INFO - Loaded model from D:\SemV\projects\HMM_final\models\hmm_EUR_USD_3_win252_end20250901.joblib
2025-10-04 21:28:25,825 - INFO - Model: 3 states, trained on 2024-09-13 00:00:00 to 2025-09-01 00:00:00
2025-10-04 21:28:25,881 - INFO - Running backtest with Simple Regime Strategy
2025-10-04 21:28:25,881 - INFO - Backtest period: 2006-08-04 00:00:00 to 2025-10-03 00:00:00
2025-10-04 21:28:25,881 - INFO - Computing technical features
2025-10-04 21:28:25,896 - INFO - Features computed. Dropped 20 rows with NaN
2025-10-04 21:28:25,897 - INFO - Final feature matrix shape: (4980, 5)
2025-10-04 21:28:25,930 - INFO - Computing technical features
2025-10-04 21:28:25,942 - INFO - Features computed. Dropped 20 rows with NaN
2025-10-04 21:28:25,943 - INFO - Final feature matrix shape: (4980, 5)
2025-10-04 21:28:26,434 - INFO - Backtest complete. Total return: -9.88%, Sharpe: -11.123
2025-10-04 22:56:16,819 - INFO - Using hmmlearn backend for HMM
2025-10-04 22:56:17,013 - INFO - Training HMM models for EUR_USD
2025-10-04 22:56:17,226 - INFO - Computing technical features
2025-10-04 22:56:17,241 - INFO - Features computed. Dropped 20 rows with NaN
2025-10-04 22:56:17,241 - INFO - Final feature matrix shape: (4980, 5)
2025-10-04 22:56:17,259 - INFO - Starting rolling HMM training for EUR_USD
2025-10-04 22:56:17,260 - INFO - Window size: 252, Step size: 21
2025-10-04 22:56:17,261 - INFO - Training data: 4980 samples from 2006-09-01 00:00:00 to 2025-10-03 00:00:00
2025-10-04 22:56:17,261 - INFO - Training window 1: 2006-09-01 to 2007-08-20
2025-10-04 22:56:17,278 - INFO - Fitting HMM with 3 states on 252 samples
2025-10-04 22:56:17,279 - INFO - Fitting HMM model with 3 states
2025-10-04 22:56:20,085 - INFO - Model fitted. Log-likelihood: -1160.5895
2025-10-04 22:56:20,100 - INFO - Saved model artifact: models\hmm_EUR_USD_3_win252_end20070820.joblib
2025-10-04 22:56:20,100 - INFO - Window 1 complete. Train LL: -1160.5895
2025-10-04 22:56:20,101 - INFO - Training window 2: 2006-10-02 to 2007-09-18
2025-10-04 22:56:20,119 - INFO - Fitting HMM with 3 states on 252 samples
2025-10-04 22:56:20,119 - INFO - Fitting HMM model with 3 states
2025-10-04 22:56:20,220 - INFO - Model fitted. Log-likelihood: -1158.7317
2025-10-04 22:56:20,239 - INFO - Saved model artifact: models\hmm_EUR_USD_3_win252_end20070918.joblib
2025-10-04 22:56:20,240 - INFO - Window 2 complete. Train LL: -1158.7317
2025-10-04 22:56:20,240 - INFO - Training window 3: 2006-10-31 to 2007-10-17
2025-10-04 22:56:20,264 - INFO - Fitting HMM with 3 states on 252 samples
2025-10-04 22:56:20,264 - INFO - Fitting HMM model with 3 states
2025-10-04 22:56:20,411 - INFO - Model fitted. Log-likelihood: -1266.2386
2025-10-04 22:56:20,434 - INFO - Saved model artifact: models\hmm_EUR_USD_3_win252_end20071017.joblib
2025-10-04 22:56:20,435 - INFO - Window 3 complete. Train LL: -1266.2386
2025-10-04 22:56:20,435 - INFO - Training window 4: 2006-11-29 to 2007-11-15
2025-10-04 22:56:20,454 - INFO - Fitting HMM with 3 states on 252 samples
2025-10-04 22:56:20,454 - INFO - Fitting HMM model with 3 states
2025-10-04 22:56:20,559 - INFO - Model fitted. Log-likelihood: -1266.8122
2025-10-04 22:56:20,576 - INFO - Saved model artifact: models\hmm_EUR_USD_3_win252_end20071115.joblib
2025-10-04 22:56:20,577 - INFO - Window 4 complete. Train LL: -1266.8122
2025-10-04 22:56:20,579 - INFO - Training window 5: 2006-12-28 to 2007-12-14
2025-10-04 22:56:20,595 - INFO - Fitting HMM with 3 states on 252 samples
2025-10-04 22:56:20,595 - INFO - Fitting HMM model with 3 states
2025-10-04 22:56:20,712 - INFO - Model fitted. Log-likelihood: -1166.5119
2025-10-04 22:56:20,725 - INFO - Saved model artifact: models\hmm_EUR_USD_3_win252_end20071214.joblib
2025-10-04 22:56:20,726 - INFO - Window 5 complete. Train LL: -1166.5119
2025-10-04 22:56:20,728 - INFO - Training window 6: 2007-01-26 to 2008-01-14
2025-10-04 22:56:20,740 - INFO - Fitting HMM with 3 states on 252 samples
2025-10-04 22:56:20,743 - INFO - Fitting HMM model with 3 states
2025-10-04 22:56:20,835 - INFO - Model fitted. Log-likelihood: -1162.8001
2025-10-04 22:56:20,850 - INFO - Saved model artifact: models\hmm_EUR_USD_3_win252_end20080114.joblib
2025-10-04 22:56:20,850 - INFO - Window 6 complete. Train LL: -1162.8001
2025-10-04 22:56:20,851 - INFO - Training window 7: 2007-02-26 to 2008-02-12
2025-10-04 22:56:20,873 - INFO - Fitting HMM with 3 states on 252 samples
2025-10-04 22:56:20,873 - INFO - Fitting HMM model with 3 states
2025-10-04 22:56:20,964 - INFO - Model fitted. Log-likelihood: -1120.5666
2025-10-04 22:56:20,975 - INFO - Saved model artifact: models\hmm_EUR_USD_3_win252_end20080212.joblib
2025-10-04 22:56:20,976 - INFO - Window 7 complete. Train LL: -1120.5666
2025-10-04 22:56:20,976 - INFO - Training window 8: 2007-03-27 to 2008-03-12
2025-10-04 22:56:20,992 - INFO - Fitting HMM with 3 states on 252 samples
2025-10-04 22:56:20,993 - INFO - Fitting HMM model with 3 states
2025-10-04 22:56:21,070 - INFO - Model fitted. Log-likelihood: -1090.6806
2025-10-04 22:56:21,083 - INFO - Saved model artifact: models\hmm_EUR_USD_3_win252_end20080312.joblib
2025-10-04 22:56:21,083 - INFO - Window 8 complete. Train LL: -1090.6806
2025-10-04 22:56:21,084 - INFO - Training window 9: 2007-04-25 to 2008-04-10
2025-10-04 22:56:21,095 - INFO - Fitting HMM with 3 states on 252 samples
2025-10-04 22:56:21,095 - INFO - Fitting HMM model with 3 states
2025-10-04 22:56:21,154 - INFO - Model fitted. Log-likelihood: -1117.1867
2025-10-04 22:56:21,163 - INFO - Saved model artifact: models\hmm_EUR_USD_3_win252_end20080410.joblib
2025-10-04 22:56:21,164 - INFO - Window 9 complete. Train LL: -1117.1867
2025-10-04 22:56:21,165 - INFO - Training window 10: 2007-05-24 to 2008-05-09
2025-10-04 22:56:21,177 - INFO - Fitting HMM with 3 states on 252 samples
2025-10-04 22:56:21,178 - INFO - Fitting HMM model with 3 states
2025-10-04 22:56:21,249 - INFO - Model fitted. Log-likelihood: -1102.7117
2025-10-04 22:56:21,261 - INFO - Saved model artifact: models\hmm_EUR_USD_3_win252_end20080509.joblib
2025-10-04 22:56:21,262 - INFO - Window 10 complete. Train LL: -1102.7117
2025-10-04 22:56:21,262 - INFO - Training window 11: 2007-06-22 to 2008-06-09
2025-10-04 22:56:21,280 - INFO - Fitting HMM with 3 states on 252 samples
2025-10-04 22:56:21,280 - INFO - Fitting HMM model with 3 states
2025-10-04 22:56:21,367 - INFO - Model fitted. Log-likelihood: -1185.0108
2025-10-04 22:56:21,379 - INFO - Saved model artifact: models\hmm_EUR_USD_3_win252_end20080609.joblib
2025-10-04 22:56:21,379 - INFO - Window 11 complete. Train LL: -1185.0108
2025-10-04 22:56:21,380 - INFO - Training window 12: 2007-07-23 to 2008-07-08
2025-10-04 22:56:21,393 - INFO - Fitting HMM with 3 states on 252 samples
2025-10-04 22:56:21,393 - INFO - Fitting HMM model with 3 states
2025-10-04 22:56:21,505 - INFO - Model fitted. Log-likelihood: -1252.5410
2025-10-04 22:56:21,519 - INFO - Saved model artifact: models\hmm_EUR_USD_3_win252_end20080708.joblib
2025-10-04 22:56:21,519 - INFO - Window 12 complete. Train LL: -1252.5410
2025-10-04 22:56:21,522 - INFO - Training window 13: 2007-08-21 to 2008-08-06
2025-10-04 22:56:21,531 - INFO - Fitting HMM with 3 states on 252 samples
2025-10-04 22:56:21,533 - INFO - Fitting HMM model with 3 states
2025-10-04 22:56:21,579 - INFO - Model fitted. Log-likelihood: -1261.3590
2025-10-04 22:56:21,591 - INFO - Saved model artifact: models\hmm_EUR_USD_3_win252_end20080806.joblib
2025-10-04 22:56:21,591 - INFO - Window 13 complete. Train LL: -1261.3590
2025-10-04 22:56:21,592 - INFO - Training window 14: 2007-09-19 to 2008-09-04
2025-10-04 22:56:21,606 - INFO - Fitting HMM with 3 states on 252 samples
2025-10-04 22:56:21,606 - INFO - Fitting HMM model with 3 states
2025-10-04 22:56:21,702 - INFO - Model fitted. Log-likelihood: -1134.4088
2025-10-04 22:56:21,710 - INFO - Saved model artifact: models\hmm_EUR_USD_3_win252_end20080904.joblib
2025-10-04 22:56:21,711 - INFO - Window 14 complete. Train LL: -1134.4088
2025-10-04 22:56:21,711 - INFO - Training window 15: 2007-10-18 to 2008-10-03
2025-10-04 22:56:21,725 - INFO - Fitting HMM with 3 states on 252 samples
2025-10-04 22:56:21,725 - INFO - Fitting HMM model with 3 states
2025-10-04 22:56:21,773 - INFO - Model fitted. Log-likelihood: -1175.0921
2025-10-04 22:56:21,786 - INFO - Saved model artifact: models\hmm_EUR_USD_3_win252_end20081003.joblib
2025-10-04 22:56:21,787 - INFO - Window 15 complete. Train LL: -1175.0921
2025-10-04 22:56:21,787 - INFO - Training window 16: 2007-11-16 to 2008-11-03
2025-10-04 22:56:21,796 - INFO - Fitting HMM with 3 states on 252 samples
2025-10-04 22:56:21,796 - INFO - Fitting HMM model with 3 states
2025-10-04 22:56:21,840 - INFO - Model fitted. Log-likelihood: -1040.8468
2025-10-04 22:56:21,850 - INFO - Saved model artifact: models\hmm_EUR_USD_3_win252_end20081103.joblib
2025-10-04 22:56:21,850 - INFO - Window 16 complete. Train LL: -1040.8468
2025-10-04 22:56:21,851 - INFO - Training window 17: 2007-12-17 to 2008-12-02
2025-10-04 22:56:21,863 - INFO - Fitting HMM with 3 states on 252 samples
2025-10-04 22:56:21,863 - INFO - Fitting HMM model with 3 states
2025-10-04 22:56:21,928 - INFO - Model fitted. Log-likelihood: -915.7215
2025-10-04 22:56:21,938 - INFO - Saved model artifact: models\hmm_EUR_USD_3_win252_end20081202.joblib
2025-10-04 22:56:21,938 - INFO - Window 17 complete. Train LL: -915.7215
2025-10-04 22:56:21,938 - INFO - Training window 18: 2008-01-15 to 2008-12-31
2025-10-04 22:56:21,954 - INFO - Fitting HMM with 3 states on 252 samples
2025-10-04 22:56:21,954 - INFO - Fitting HMM model with 3 states
2025-10-04 22:56:22,017 - INFO - Model fitted. Log-likelihood: -948.2392
2025-10-04 22:56:22,030 - INFO - Saved model artifact: models\hmm_EUR_USD_3_win252_end20081231.joblib
2025-10-04 22:56:22,030 - INFO - Window 18 complete. Train LL: -948.2392
2025-10-04 22:56:22,031 - INFO - Training window 19: 2008-02-13 to 2009-01-29
2025-10-04 22:56:22,053 - INFO - Fitting HMM with 3 states on 252 samples
2025-10-04 22:56:22,053 - INFO - Fitting HMM model with 3 states
2025-10-04 22:56:22,170 - INFO - Model fitted. Log-likelihood: -997.7851
2025-10-04 22:56:22,178 - INFO - Saved model artifact: models\hmm_EUR_USD_3_win252_end20090129.joblib
2025-10-04 22:56:22,179 - INFO - Window 19 complete. Train LL: -997.7851
2025-10-04 22:56:22,179 - INFO - Training window 20: 2008-03-13 to 2009-02-27
2025-10-04 22:56:22,192 - INFO - Fitting HMM with 3 states on 252 samples
2025-10-04 22:56:22,192 - INFO - Fitting HMM model with 3 states
2025-10-04 22:56:22,258 - INFO - Model fitted. Log-likelihood: -1090.3213
2025-10-04 22:56:22,272 - INFO - Saved model artifact: models\hmm_EUR_USD_3_win252_end20090227.joblib
2025-10-04 22:56:22,273 - INFO - Window 20 complete. Train LL: -1090.3213
2025-10-04 22:56:22,273 - INFO - Training window 21: 2008-04-11 to 2009-03-30
2025-10-04 22:56:22,290 - INFO - Fitting HMM with 3 states on 252 samples
2025-10-04 22:56:22,291 - INFO - Fitting HMM model with 3 states
2025-10-04 22:56:22,347 - INFO - Model fitted. Log-likelihood: -1020.3802
2025-10-04 22:56:22,359 - INFO - Saved model artifact: models\hmm_EUR_USD_3_win252_end20090330.joblib
2025-10-04 22:56:22,359 - INFO - Window 21 complete. Train LL: -1020.3802
2025-10-04 22:56:22,360 - INFO - Training window 22: 2008-05-12 to 2009-04-28
2025-10-04 22:56:22,373 - INFO - Fitting HMM with 3 states on 252 samples
2025-10-04 22:56:22,373 - INFO - Fitting HMM model with 3 states
2025-10-04 22:56:22,421 - INFO - Model fitted. Log-likelihood: -1114.5895
2025-10-04 22:56:22,432 - INFO - Saved model artifact: models\hmm_EUR_USD_3_win252_end20090428.joblib
2025-10-04 22:56:22,433 - INFO - Window 22 complete. Train LL: -1114.5895
2025-10-04 22:56:22,434 - INFO - Training window 23: 2008-06-10 to 2009-05-27
2025-10-04 22:56:22,450 - INFO - Fitting HMM with 3 states on 252 samples
2025-10-04 22:56:22,452 - INFO - Fitting HMM model with 3 states
2025-10-04 22:56:22,521 - INFO - Model fitted. Log-likelihood: -1117.4087
2025-10-04 22:56:22,530 - INFO - Saved model artifact: models\hmm_EUR_USD_3_win252_end20090527.joblib
2025-10-04 22:56:22,532 - INFO - Window 23 complete. Train LL: -1117.4087
2025-10-04 22:56:22,533 - INFO - Training window 24: 2008-07-09 to 2009-06-25
2025-10-04 22:56:22,550 - INFO - Fitting HMM with 3 states on 252 samples
2025-10-04 22:56:22,551 - INFO - Fitting HMM model with 3 states
2025-10-04 22:56:22,606 - INFO - Model fitted. Log-likelihood: -1232.8212
2025-10-04 22:56:22,623 - INFO - Saved model artifact: models\hmm_EUR_USD_3_win252_end20090625.joblib
2025-10-04 22:56:22,624 - INFO - Window 24 complete. Train LL: -1232.8212
2025-10-04 22:56:22,624 - INFO - Training window 25: 2008-08-07 to 2009-07-24
2025-10-04 22:56:22,644 - INFO - Fitting HMM with 3 states on 252 samples
2025-10-04 22:56:22,645 - INFO - Fitting HMM model with 3 states
2025-10-04 22:56:22,705 - INFO - Model fitted. Log-likelihood: -1178.9409
2025-10-04 22:56:22,713 - INFO - Saved model artifact: models\hmm_EUR_USD_3_win252_end20090724.joblib
2025-10-04 22:56:22,713 - INFO - Window 25 complete. Train LL: -1178.9409
2025-10-04 22:56:22,714 - INFO - Training window 26: 2008-09-05 to 2009-08-24
2025-10-04 22:56:22,724 - INFO - Fitting HMM with 3 states on 252 samples
2025-10-04 22:56:22,724 - INFO - Fitting HMM model with 3 states
2025-10-04 22:56:22,804 - INFO - Model fitted. Log-likelihood: -1188.7165
2025-10-04 22:56:22,812 - INFO - Saved model artifact: models\hmm_EUR_USD_3_win252_end20090824.joblib
2025-10-04 22:56:22,812 - INFO - Window 26 complete. Train LL: -1188.7165
2025-10-04 22:56:22,812 - INFO - Training window 27: 2008-10-06 to 2009-09-22
2025-10-04 22:56:22,825 - INFO - Fitting HMM with 3 states on 252 samples
2025-10-04 22:56:22,825 - INFO - Fitting HMM model with 3 states
2025-10-04 22:56:22,878 - INFO - Model fitted. Log-likelihood: -1059.6540
2025-10-04 22:56:22,888 - INFO - Saved model artifact: models\hmm_EUR_USD_3_win252_end20090922.joblib
2025-10-04 22:56:22,888 - INFO - Window 27 complete. Train LL: -1059.6540
2025-10-04 22:56:22,889 - INFO - Training window 28: 2008-11-04 to 2009-10-21
2025-10-04 22:56:22,905 - INFO - Fitting HMM with 3 states on 252 samples
2025-10-04 22:56:22,905 - INFO - Fitting HMM model with 3 states
2025-10-04 22:56:23,020 - INFO - Model fitted. Log-likelihood: -1100.0264
2025-10-04 22:56:23,033 - INFO - Saved model artifact: models\hmm_EUR_USD_3_win252_end20091021.joblib
2025-10-04 22:56:23,035 - INFO - Window 28 complete. Train LL: -1100.0264
2025-10-04 22:56:23,036 - INFO - Training window 29: 2008-12-03 to 2009-11-19
2025-10-04 22:56:23,050 - INFO - Fitting HMM with 3 states on 252 samples
2025-10-04 22:56:23,050 - INFO - Fitting HMM model with 3 states
2025-10-04 22:56:23,268 - INFO - Model fitted. Log-likelihood: -1017.5029
2025-10-04 22:56:23,280 - INFO - Saved model artifact: models\hmm_EUR_USD_3_win252_end20091119.joblib
2025-10-04 22:56:23,288 - INFO - Window 29 complete. Train LL: -1017.5029
2025-10-04 22:56:23,289 - INFO - Training window 30: 2009-01-01 to 2009-12-18
2025-10-04 22:56:23,313 - INFO - Fitting HMM with 3 states on 252 samples
2025-10-04 22:56:23,317 - INFO - Fitting HMM model with 3 states
2025-10-04 22:56:23,385 - INFO - Model fitted. Log-likelihood: -1059.2842
2025-10-04 22:56:23,396 - INFO - Saved model artifact: models\hmm_EUR_USD_3_win252_end20091218.joblib
2025-10-04 22:56:23,396 - INFO - Window 30 complete. Train LL: -1059.2842
2025-10-04 22:56:23,397 - INFO - Training window 31: 2009-01-30 to 2010-01-18
2025-10-04 22:56:23,410 - INFO - Fitting HMM with 3 states on 252 samples
2025-10-04 22:56:23,410 - INFO - Fitting HMM model with 3 states
2025-10-04 22:56:23,525 - INFO - Model fitted. Log-likelihood: -1202.4482
2025-10-04 22:56:23,538 - INFO - Saved model artifact: models\hmm_EUR_USD_3_win252_end20100118.joblib
2025-10-04 22:56:23,538 - INFO - Window 31 complete. Train LL: -1202.4482
2025-10-04 22:56:23,538 - INFO - Training window 32: 2009-03-02 to 2010-02-16
2025-10-04 22:56:23,547 - INFO - Fitting HMM with 3 states on 252 samples
2025-10-04 22:56:23,547 - INFO - Fitting HMM model with 3 states
2025-10-04 22:56:23,673 - INFO - Model fitted. Log-likelihood: -1284.5424
2025-10-04 22:56:23,686 - INFO - Saved model artifact: models\hmm_EUR_USD_3_win252_end20100216.joblib
2025-10-04 22:56:23,686 - INFO - Window 32 complete. Train LL: -1284.5424
2025-10-04 22:56:23,687 - INFO - Training window 33: 2009-03-31 to 2010-03-17
2025-10-04 22:56:23,695 - INFO - Fitting HMM with 3 states on 252 samples
2025-10-04 22:56:23,696 - INFO - Fitting HMM model with 3 states
2025-10-04 22:56:23,835 - INFO - Model fitted. Log-likelihood: -1155.0941
2025-10-04 22:56:23,845 - INFO - Saved model artifact: models\hmm_EUR_USD_3_win252_end20100317.joblib
2025-10-04 22:56:23,845 - INFO - Window 33 complete. Train LL: -1155.0941
2025-10-04 22:56:23,846 - INFO - Training window 34: 2009-04-29 to 2010-04-15
2025-10-04 22:56:23,859 - INFO - Fitting HMM with 3 states on 252 samples
2025-10-04 22:56:23,859 - INFO - Fitting HMM model with 3 states
2025-10-04 22:56:23,909 - INFO - Model fitted. Log-likelihood: -1161.9141
2025-10-04 22:56:23,920 - INFO - Saved model artifact: models\hmm_EUR_USD_3_win252_end20100415.joblib
2025-10-04 22:56:23,920 - INFO - Window 34 complete. Train LL: -1161.9141
2025-10-04 22:56:23,921 - INFO - Training window 35: 2009-05-28 to 2010-05-14
2025-10-04 22:56:23,938 - INFO - Fitting HMM with 3 states on 252 samples
2025-10-04 22:56:23,939 - INFO - Fitting HMM model with 3 states
2025-10-04 22:56:24,029 - INFO - Model fitted. Log-likelihood: -1364.8517
2025-10-04 22:56:24,042 - INFO - Saved model artifact: models\hmm_EUR_USD_3_win252_end20100514.joblib
2025-10-04 22:56:24,043 - INFO - Window 35 complete. Train LL: -1364.8517
2025-10-04 22:56:24,043 - INFO - Training window 36: 2009-06-26 to 2010-06-14
2025-10-04 22:56:24,060 - INFO - Fitting HMM with 3 states on 252 samples
2025-10-04 22:56:24,060 - INFO - Fitting HMM model with 3 states
2025-10-04 22:56:24,127 - INFO - Model fitted. Log-likelihood: -1115.0988
2025-10-04 22:56:24,139 - INFO - Saved model artifact: models\hmm_EUR_USD_3_win252_end20100614.joblib
2025-10-04 22:56:24,140 - INFO - Window 36 complete. Train LL: -1115.0988
2025-10-04 22:56:24,141 - INFO - Training window 37: 2009-07-27 to 2010-07-13
2025-10-04 22:56:24,155 - INFO - Fitting HMM with 3 states on 252 samples
2025-10-04 22:56:24,155 - INFO - Fitting HMM model with 3 states
2025-10-04 22:56:24,206 - INFO - Model fitted. Log-likelihood: -1097.6335
2025-10-04 22:56:24,214 - INFO - Saved model artifact: models\hmm_EUR_USD_3_win252_end20100713.joblib
2025-10-04 22:56:24,217 - INFO - Window 37 complete. Train LL: -1097.6335
2025-10-04 22:56:24,218 - INFO - Training window 38: 2009-08-25 to 2010-08-11
2025-10-04 22:56:24,228 - INFO - Fitting HMM with 3 states on 252 samples
2025-10-04 22:56:24,229 - INFO - Fitting HMM model with 3 states
2025-10-04 22:56:24,341 - INFO - Model fitted. Log-likelihood: -1086.6585
2025-10-04 22:56:24,353 - INFO - Saved model artifact: models\hmm_EUR_USD_3_win252_end20100811.joblib
2025-10-04 22:56:24,353 - INFO - Window 38 complete. Train LL: -1086.6585
2025-10-04 22:56:24,353 - INFO - Training window 39: 2009-09-23 to 2010-09-09
2025-10-04 22:56:24,362 - INFO - Fitting HMM with 3 states on 252 samples
2025-10-04 22:56:24,362 - INFO - Fitting HMM model with 3 states
2025-10-04 22:56:24,426 - INFO - Model fitted. Log-likelihood: -1151.9603
2025-10-04 22:56:24,439 - INFO - Saved model artifact: models\hmm_EUR_USD_3_win252_end20100909.joblib
2025-10-04 22:56:24,439 - INFO - Window 39 complete. Train LL: -1151.9603
2025-10-04 22:56:24,439 - INFO - Training window 40: 2009-10-22 to 2010-10-08
2025-10-04 22:56:24,449 - INFO - Fitting HMM with 3 states on 252 samples
2025-10-04 22:56:24,450 - INFO - Fitting HMM model with 3 states
2025-10-04 22:56:24,680 - INFO - Model fitted. Log-likelihood: -1269.7255
2025-10-04 22:56:24,688 - INFO - Saved model artifact: models\hmm_EUR_USD_3_win252_end20101008.joblib
2025-10-04 22:56:24,689 - INFO - Window 40 complete. Train LL: -1269.7255
2025-10-04 22:56:24,689 - INFO - Training window 41: 2009-11-20 to 2010-11-08
2025-10-04 22:56:24,703 - INFO - Fitting HMM with 3 states on 252 samples
2025-10-04 22:56:24,703 - INFO - Fitting HMM model with 3 states
2025-10-04 22:56:24,774 - INFO - Model fitted. Log-likelihood: -1141.4501
2025-10-04 22:56:24,784 - INFO - Saved model artifact: models\hmm_EUR_USD_3_win252_end20101108.joblib
2025-10-04 22:56:24,785 - INFO - Window 41 complete. Train LL: -1141.4501
2025-10-04 22:56:24,786 - INFO - Training window 42: 2009-12-21 to 2010-12-07
2025-10-04 22:56:24,794 - INFO - Fitting HMM with 3 states on 252 samples
2025-10-04 22:56:24,795 - INFO - Fitting HMM model with 3 states
2025-10-04 22:56:24,908 - INFO - Model fitted. Log-likelihood: -1136.1266
2025-10-04 22:56:24,917 - INFO - Saved model artifact: models\hmm_EUR_USD_3_win252_end20101207.joblib
2025-10-04 22:56:24,918 - INFO - Window 42 complete. Train LL: -1136.1266
2025-10-04 22:56:24,918 - INFO - Training window 43: 2010-01-19 to 2011-01-05
2025-10-04 22:56:24,929 - INFO - Fitting HMM with 3 states on 252 samples
2025-10-04 22:56:24,930 - INFO - Fitting HMM model with 3 states
2025-10-04 22:56:24,976 - INFO - Model fitted. Log-likelihood: -1177.9311
2025-10-04 22:56:24,988 - INFO - Saved model artifact: models\hmm_EUR_USD_3_win252_end20110105.joblib
2025-10-04 22:56:24,988 - INFO - Window 43 complete. Train LL: -1177.9311
2025-10-04 22:56:24,989 - INFO - Training window 44: 2010-02-17 to 2011-02-03
2025-10-04 22:56:25,006 - INFO - Fitting HMM with 3 states on 252 samples
2025-10-04 22:56:25,006 - INFO - Fitting HMM model with 3 states
2025-10-04 22:56:25,059 - INFO - Model fitted. Log-likelihood: -1134.6490
2025-10-04 22:56:25,072 - INFO - Saved model artifact: models\hmm_EUR_USD_3_win252_end20110203.joblib
2025-10-04 22:56:25,073 - INFO - Window 44 complete. Train LL: -1134.6490
2025-10-04 22:56:25,073 - INFO - Training window 45: 2010-03-18 to 2011-03-04
2025-10-04 22:56:25,089 - INFO - Fitting HMM with 3 states on 252 samples
2025-10-04 22:56:25,089 - INFO - Fitting HMM model with 3 states
2025-10-04 22:56:25,162 - INFO - Model fitted. Log-likelihood: -1172.2071
2025-10-04 22:56:25,173 - INFO - Saved model artifact: models\hmm_EUR_USD_3_win252_end20110304.joblib
2025-10-04 22:56:25,173 - INFO - Window 45 complete. Train LL: -1172.2071
2025-10-04 22:56:25,173 - INFO - Training window 46: 2010-04-16 to 2011-04-04
2025-10-04 22:56:25,190 - INFO - Fitting HMM with 3 states on 252 samples
2025-10-04 22:56:25,191 - INFO - Fitting HMM model with 3 states
2025-10-04 22:56:25,252 - INFO - Model fitted. Log-likelihood: -1196.9185
2025-10-04 22:56:25,262 - INFO - Saved model artifact: models\hmm_EUR_USD_3_win252_end20110404.joblib
2025-10-04 22:56:25,262 - INFO - Window 46 complete. Train LL: -1196.9185
2025-10-04 22:56:25,262 - INFO - Training window 47: 2010-05-17 to 2011-05-03
2025-10-04 22:56:25,277 - INFO - Fitting HMM with 3 states on 252 samples
2025-10-04 22:56:25,278 - INFO - Fitting HMM model with 3 states
2025-10-04 22:56:25,354 - INFO - Model fitted. Log-likelihood: -1146.5120
2025-10-04 22:56:25,362 - INFO - Saved model artifact: models\hmm_EUR_USD_3_win252_end20110503.joblib
2025-10-04 22:56:25,363 - INFO - Window 47 complete. Train LL: -1146.5120
2025-10-04 22:56:25,363 - INFO - Training window 48: 2010-06-15 to 2011-06-01
2025-10-04 22:56:25,375 - INFO - Fitting HMM with 3 states on 252 samples
2025-10-04 22:56:25,375 - INFO - Fitting HMM model with 3 states
2025-10-04 22:56:25,526 - INFO - Model fitted. Log-likelihood: -1145.6427
2025-10-04 22:56:25,535 - INFO - Saved model artifact: models\hmm_EUR_USD_3_win252_end20110601.joblib
2025-10-04 22:56:25,535 - INFO - Window 48 complete. Train LL: -1145.6427
2025-10-04 22:56:25,535 - INFO - Training window 49: 2010-07-14 to 2011-06-30
2025-10-04 22:56:25,554 - INFO - Fitting HMM with 3 states on 252 samples
2025-10-04 22:56:25,554 - INFO - Fitting HMM model with 3 states
2025-10-04 22:56:25,637 - INFO - Model fitted. Log-likelihood: -1178.0808
2025-10-04 22:56:25,645 - INFO - Saved model artifact: models\hmm_EUR_USD_3_win252_end20110630.joblib
2025-10-04 22:56:25,645 - INFO - Window 49 complete. Train LL: -1178.0808
2025-10-04 22:56:25,646 - INFO - Training window 50: 2010-08-12 to 2011-07-29
2025-10-04 22:56:25,662 - INFO - Fitting HMM with 3 states on 252 samples
2025-10-04 22:56:25,662 - INFO - Fitting HMM model with 3 states
2025-10-04 22:56:25,716 - INFO - Model fitted. Log-likelihood: -1177.4513
2025-10-04 22:56:25,725 - INFO - Saved model artifact: models\hmm_EUR_USD_3_win252_end20110729.joblib
2025-10-04 22:56:25,725 - INFO - Window 50 complete. Train LL: -1177.4513
2025-10-04 22:56:25,726 - INFO - Training window 51: 2010-09-10 to 2011-08-29
2025-10-04 22:56:25,737 - INFO - Fitting HMM with 3 states on 252 samples
2025-10-04 22:56:25,737 - INFO - Fitting HMM model with 3 states
2025-10-04 22:56:25,796 - INFO - Model fitted. Log-likelihood: -1179.6060
2025-10-04 22:56:25,808 - INFO - Saved model artifact: models\hmm_EUR_USD_3_win252_end20110829.joblib
2025-10-04 22:56:25,808 - INFO - Window 51 complete. Train LL: -1179.6060
2025-10-04 22:56:25,809 - INFO - Training window 52: 2010-10-11 to 2011-09-27
2025-10-04 22:56:25,821 - INFO - Fitting HMM with 3 states on 252 samples
2025-10-04 22:56:25,821 - INFO - Fitting HMM model with 3 states
2025-10-04 22:56:25,887 - WARNING - Model is not converging.  Current: -1278.5043454847892 is not greater than -1278.504340583437. Delta is -4.9013522129826015e-06
2025-10-04 22:56:25,889 - INFO - Model fitted. Log-likelihood: -1278.5045
2025-10-04 22:56:25,897 - INFO - Saved model artifact: models\hmm_EUR_USD_3_win252_end20110927.joblib
2025-10-04 22:56:25,897 - INFO - Window 52 complete. Train LL: -1278.5045
2025-10-04 22:56:25,899 - INFO - Training window 53: 2010-11-09 to 2011-10-26
2025-10-04 22:56:25,911 - INFO - Fitting HMM with 3 states on 252 samples
2025-10-04 22:56:25,911 - INFO - Fitting HMM model with 3 states
2025-10-04 22:56:25,959 - INFO - Model fitted. Log-likelihood: -1197.5302
2025-10-04 22:56:25,971 - INFO - Saved model artifact: models\hmm_EUR_USD_3_win252_end20111026.joblib
2025-10-04 22:56:25,971 - INFO - Window 53 complete. Train LL: -1197.5302
2025-10-04 22:56:25,972 - INFO - Training window 54: 2010-12-08 to 2011-11-24
2025-10-04 22:56:25,990 - INFO - Fitting HMM with 3 states on 252 samples
2025-10-04 22:56:25,990 - INFO - Fitting HMM model with 3 states
2025-10-04 22:56:26,068 - INFO - Model fitted. Log-likelihood: -1224.1182
2025-10-04 22:56:26,076 - INFO - Saved model artifact: models\hmm_EUR_USD_3_win252_end20111124.joblib
2025-10-04 22:56:26,076 - INFO - Window 54 complete. Train LL: -1224.1182
2025-10-04 22:56:26,077 - INFO - Training window 55: 2011-01-06 to 2011-12-23
2025-10-04 22:56:26,097 - INFO - Fitting HMM with 3 states on 252 samples
2025-10-04 22:56:26,098 - INFO - Fitting HMM model with 3 states
2025-10-04 22:56:26,162 - INFO - Model fitted. Log-likelihood: -1285.7129
2025-10-04 22:56:26,175 - INFO - Saved model artifact: models\hmm_EUR_USD_3_win252_end20111223.joblib
2025-10-04 22:56:26,175 - INFO - Window 55 complete. Train LL: -1285.7129
2025-10-04 22:56:26,176 - INFO - Training window 56: 2011-02-04 to 2012-01-23
2025-10-04 22:56:26,194 - INFO - Fitting HMM with 3 states on 252 samples
2025-10-04 22:56:26,194 - INFO - Fitting HMM model with 3 states
2025-10-04 22:56:26,266 - INFO - Model fitted. Log-likelihood: -1258.6811
2025-10-04 22:56:26,280 - INFO - Saved model artifact: models\hmm_EUR_USD_3_win252_end20120123.joblib
2025-10-04 22:56:26,280 - INFO - Window 56 complete. Train LL: -1258.6811
2025-10-04 22:56:26,282 - INFO - Training window 57: 2011-03-07 to 2012-02-21
2025-10-04 22:56:26,301 - INFO - Fitting HMM with 3 states on 252 samples
2025-10-04 22:56:26,302 - INFO - Fitting HMM model with 3 states
2025-10-04 22:56:26,399 - INFO - Model fitted. Log-likelihood: -1222.6399
2025-10-04 22:56:26,407 - INFO - Saved model artifact: models\hmm_EUR_USD_3_win252_end20120221.joblib
2025-10-04 22:56:26,408 - INFO - Window 57 complete. Train LL: -1222.6399
2025-10-04 22:56:26,408 - INFO - Training window 58: 2011-04-05 to 2012-03-21
2025-10-04 22:56:26,423 - INFO - Fitting HMM with 3 states on 252 samples
2025-10-04 22:56:26,423 - INFO - Fitting HMM model with 3 states
2025-10-04 22:56:26,470 - INFO - Model fitted. Log-likelihood: -1235.5027
2025-10-04 22:56:26,485 - INFO - Saved model artifact: models\hmm_EUR_USD_3_win252_end20120321.joblib
2025-10-04 22:56:26,485 - INFO - Window 58 complete. Train LL: -1235.5027
2025-10-04 22:56:26,485 - INFO - Training window 59: 2011-05-04 to 2012-04-19
2025-10-04 22:56:26,494 - INFO - Fitting HMM with 3 states on 252 samples
2025-10-04 22:56:26,494 - INFO - Fitting HMM model with 3 states
2025-10-04 22:56:26,685 - INFO - Model fitted. Log-likelihood: -1445.6000
2025-10-04 22:56:26,693 - INFO - Saved model artifact: models\hmm_EUR_USD_3_win252_end20120419.joblib
2025-10-04 22:56:26,694 - INFO - Window 59 complete. Train LL: -1445.6000
2025-10-04 22:56:26,695 - INFO - Training window 60: 2011-06-02 to 2012-05-18
2025-10-04 22:56:26,707 - INFO - Fitting HMM with 3 states on 252 samples
2025-10-04 22:56:26,708 - INFO - Fitting HMM model with 3 states
2025-10-04 22:56:26,761 - INFO - Model fitted. Log-likelihood: -1244.1330
2025-10-04 22:56:26,770 - INFO - Saved model artifact: models\hmm_EUR_USD_3_win252_end20120518.joblib
2025-10-04 22:56:26,771 - INFO - Window 60 complete. Train LL: -1244.1330
2025-10-04 22:56:26,771 - INFO - Training window 61: 2011-07-01 to 2012-06-18
2025-10-04 22:56:26,788 - INFO - Fitting HMM with 3 states on 252 samples
2025-10-04 22:56:26,789 - INFO - Fitting HMM model with 3 states
2025-10-04 22:56:26,839 - INFO - Model fitted. Log-likelihood: -1250.0343
2025-10-04 22:56:26,847 - INFO - Saved model artifact: models\hmm_EUR_USD_3_win252_end20120618.joblib
2025-10-04 22:56:26,850 - INFO - Window 61 complete. Train LL: -1250.0343
2025-10-04 22:56:26,851 - INFO - Training window 62: 2011-08-01 to 2012-07-17
2025-10-04 22:56:26,860 - INFO - Fitting HMM with 3 states on 252 samples
2025-10-04 22:56:26,860 - INFO - Fitting HMM model with 3 states
2025-10-04 22:56:26,911 - INFO - Model fitted. Log-likelihood: -1226.2037
2025-10-04 22:56:26,923 - INFO - Saved model artifact: models\hmm_EUR_USD_3_win252_end20120717.joblib
2025-10-04 22:56:26,924 - INFO - Window 62 complete. Train LL: -1226.2037
2025-10-04 22:56:26,924 - INFO - Training window 63: 2011-08-30 to 2012-08-15
2025-10-04 22:56:26,941 - INFO - Fitting HMM with 3 states on 252 samples
2025-10-04 22:56:26,942 - INFO - Fitting HMM model with 3 states
2025-10-04 22:56:27,013 - INFO - Model fitted. Log-likelihood: -1210.8890
2025-10-04 22:56:27,026 - INFO - Saved model artifact: models\hmm_EUR_USD_3_win252_end20120815.joblib
2025-10-04 22:56:27,027 - INFO - Window 63 complete. Train LL: -1210.8890
2025-10-04 22:56:27,027 - INFO - Training window 64: 2011-09-28 to 2012-09-13
2025-10-04 22:56:27,054 - INFO - Fitting HMM with 3 states on 252 samples
2025-10-04 22:56:27,055 - INFO - Fitting HMM model with 3 states
2025-10-04 22:56:27,134 - INFO - Model fitted. Log-likelihood: -1201.6190
2025-10-04 22:56:27,142 - INFO - Saved model artifact: models\hmm_EUR_USD_3_win252_end20120913.joblib
2025-10-04 22:56:27,142 - INFO - Window 64 complete. Train LL: -1201.6190
2025-10-04 22:56:27,143 - INFO - Training window 65: 2011-10-27 to 2012-10-12
2025-10-04 22:56:27,155 - INFO - Fitting HMM with 3 states on 252 samples
2025-10-04 22:56:27,156 - INFO - Fitting HMM model with 3 states
2025-10-04 22:56:27,304 - INFO - Model fitted. Log-likelihood: -1285.5247
2025-10-04 22:56:27,312 - INFO - Saved model artifact: models\hmm_EUR_USD_3_win252_end20121012.joblib
2025-10-04 22:56:27,312 - INFO - Window 65 complete. Train LL: -1285.5247
2025-10-04 22:56:27,312 - INFO - Training window 66: 2011-11-25 to 2012-11-12
2025-10-04 22:56:27,323 - INFO - Fitting HMM with 3 states on 252 samples
2025-10-04 22:56:27,323 - INFO - Fitting HMM model with 3 states
2025-10-04 22:56:27,464 - INFO - Model fitted. Log-likelihood: -1321.0007
2025-10-04 22:56:27,472 - INFO - Saved model artifact: models\hmm_EUR_USD_3_win252_end20121112.joblib
2025-10-04 22:56:27,472 - INFO - Window 66 complete. Train LL: -1321.0007
2025-10-04 22:56:27,473 - INFO - Training window 67: 2011-12-26 to 2012-12-11
2025-10-04 22:56:27,488 - INFO - Fitting HMM with 3 states on 252 samples
2025-10-04 22:56:27,488 - INFO - Fitting HMM model with 3 states
2025-10-04 22:56:27,574 - INFO - Model fitted. Log-likelihood: -1297.6574
2025-10-04 22:56:27,584 - INFO - Saved model artifact: models\hmm_EUR_USD_3_win252_end20121211.joblib
2025-10-04 22:56:27,585 - INFO - Window 67 complete. Train LL: -1297.6574
2025-10-04 22:56:27,585 - INFO - Training window 68: 2012-01-24 to 2013-01-09
2025-10-04 22:56:27,602 - INFO - Fitting HMM with 3 states on 252 samples
2025-10-04 22:56:27,603 - INFO - Fitting HMM model with 3 states
2025-10-04 22:56:27,737 - INFO - Model fitted. Log-likelihood: -1272.5381
2025-10-04 22:56:27,744 - INFO - Saved model artifact: models\hmm_EUR_USD_3_win252_end20130109.joblib
2025-10-04 22:56:27,745 - INFO - Window 68 complete. Train LL: -1272.5381
2025-10-04 22:56:27,745 - INFO - Training window 69: 2012-02-22 to 2013-02-07
2025-10-04 22:56:27,758 - INFO - Fitting HMM with 3 states on 252 samples
2025-10-04 22:56:27,758 - INFO - Fitting HMM model with 3 states
2025-10-04 22:56:27,868 - INFO - Model fitted. Log-likelihood: -1282.8900
2025-10-04 22:56:27,878 - INFO - Saved model artifact: models\hmm_EUR_USD_3_win252_end20130207.joblib
2025-10-04 22:56:27,878 - INFO - Window 69 complete. Train LL: -1282.8900
2025-10-04 22:56:27,879 - INFO - Training window 70: 2012-03-22 to 2013-03-08
2025-10-04 22:56:27,893 - INFO - Fitting HMM with 3 states on 252 samples
2025-10-04 22:56:27,893 - INFO - Fitting HMM model with 3 states
2025-10-04 22:56:27,952 - INFO - Model fitted. Log-likelihood: -1333.6794
2025-10-04 22:56:27,959 - INFO - Saved model artifact: models\hmm_EUR_USD_3_win252_end20130308.joblib
2025-10-04 22:56:27,960 - INFO - Window 70 complete. Train LL: -1333.6794
2025-10-04 22:56:27,960 - INFO - Training window 71: 2012-04-20 to 2013-04-08
2025-10-04 22:56:27,972 - INFO - Fitting HMM with 3 states on 252 samples
2025-10-04 22:56:27,973 - INFO - Fitting HMM model with 3 states
2025-10-04 22:56:28,047 - INFO - Model fitted. Log-likelihood: -1406.3979
2025-10-04 22:56:28,056 - INFO - Saved model artifact: models\hmm_EUR_USD_3_win252_end20130408.joblib
2025-10-04 22:56:28,057 - INFO - Window 71 complete. Train LL: -1406.3979
2025-10-04 22:56:28,057 - INFO - Training window 72: 2012-05-21 to 2013-05-07
2025-10-04 22:56:28,074 - INFO - Fitting HMM with 3 states on 252 samples
2025-10-04 22:56:28,074 - INFO - Fitting HMM model with 3 states
2025-10-04 22:56:28,162 - INFO - Model fitted. Log-likelihood: -1331.2804
2025-10-04 22:56:28,171 - INFO - Saved model artifact: models\hmm_EUR_USD_3_win252_end20130507.joblib
2025-10-04 22:56:28,172 - INFO - Window 72 complete. Train LL: -1331.2804
2025-10-04 22:56:28,172 - INFO - Training window 73: 2012-06-19 to 2013-06-05
2025-10-04 22:56:28,187 - INFO - Fitting HMM with 3 states on 252 samples
2025-10-04 22:56:28,188 - INFO - Fitting HMM model with 3 states
2025-10-04 22:56:28,385 - INFO - Model fitted. Log-likelihood: -1275.3034
2025-10-04 22:56:28,392 - INFO - Saved model artifact: models\hmm_EUR_USD_3_win252_end20130605.joblib
2025-10-04 22:56:28,393 - INFO - Window 73 complete. Train LL: -1275.3034
2025-10-04 22:56:28,393 - INFO - Training window 74: 2012-07-18 to 2013-07-04
2025-10-04 22:56:28,406 - INFO - Fitting HMM with 3 states on 252 samples
2025-10-04 22:56:28,407 - INFO - Fitting HMM model with 3 states
2025-10-04 22:56:28,498 - INFO - Model fitted. Log-likelihood: -1475.8406
2025-10-04 22:56:28,507 - INFO - Saved model artifact: models\hmm_EUR_USD_3_win252_end20130704.joblib
2025-10-04 22:56:28,507 - INFO - Window 74 complete. Train LL: -1475.8406
2025-10-04 22:56:28,507 - INFO - Training window 75: 2012-08-16 to 2013-08-02
2025-10-04 22:56:28,523 - INFO - Fitting HMM with 3 states on 252 samples
2025-10-04 22:56:28,523 - INFO - Fitting HMM model with 3 states
2025-10-04 22:56:28,576 - INFO - Model fitted. Log-likelihood: -1407.2666
2025-10-04 22:56:28,587 - INFO - Saved model artifact: models\hmm_EUR_USD_3_win252_end20130802.joblib
2025-10-04 22:56:28,587 - INFO - Window 75 complete. Train LL: -1407.2666
2025-10-04 22:56:28,588 - INFO - Training window 76: 2012-09-14 to 2013-09-02
2025-10-04 22:56:28,596 - INFO - Fitting HMM with 3 states on 252 samples
2025-10-04 22:56:28,597 - INFO - Fitting HMM model with 3 states
2025-10-04 22:56:28,683 - INFO - Model fitted. Log-likelihood: -1264.2987
2025-10-04 22:56:28,691 - INFO - Saved model artifact: models\hmm_EUR_USD_3_win252_end20130902.joblib
2025-10-04 22:56:28,691 - INFO - Window 76 complete. Train LL: -1264.2987
2025-10-04 22:56:28,691 - INFO - Training window 77: 2012-10-15 to 2013-10-01
2025-10-04 22:56:28,703 - INFO - Fitting HMM with 3 states on 252 samples
2025-10-04 22:56:28,704 - INFO - Fitting HMM model with 3 states
2025-10-04 22:56:28,775 - INFO - Model fitted. Log-likelihood: -1284.1877
2025-10-04 22:56:28,787 - INFO - Saved model artifact: models\hmm_EUR_USD_3_win252_end20131001.joblib
2025-10-04 22:56:28,788 - INFO - Window 77 complete. Train LL: -1284.1877
2025-10-04 22:56:28,788 - INFO - Training window 78: 2012-11-13 to 2013-10-30
2025-10-04 22:56:28,804 - INFO - Fitting HMM with 3 states on 252 samples
2025-10-04 22:56:28,804 - INFO - Fitting HMM model with 3 states
2025-10-04 22:56:28,862 - INFO - Model fitted. Log-likelihood: -1217.4804
2025-10-04 22:56:28,872 - INFO - Saved model artifact: models\hmm_EUR_USD_3_win252_end20131030.joblib
2025-10-04 22:56:28,873 - INFO - Window 78 complete. Train LL: -1217.4804
2025-10-04 22:56:28,873 - INFO - Training window 79: 2012-12-12 to 2013-11-28
2025-10-04 22:56:28,886 - INFO - Fitting HMM with 3 states on 252 samples
2025-10-04 22:56:28,886 - INFO - Fitting HMM model with 3 states
2025-10-04 22:56:29,002 - INFO - Model fitted. Log-likelihood: -1229.1510
2025-10-04 22:56:29,010 - INFO - Saved model artifact: models\hmm_EUR_USD_3_win252_end20131128.joblib
2025-10-04 22:56:29,010 - INFO - Window 79 complete. Train LL: -1229.1510
2025-10-04 22:56:29,010 - INFO - Training window 80: 2013-01-10 to 2013-12-27
2025-10-04 22:56:29,025 - INFO - Fitting HMM with 3 states on 252 samples
2025-10-04 22:56:29,026 - INFO - Fitting HMM model with 3 states
2025-10-04 22:56:29,237 - INFO - Model fitted. Log-likelihood: -1196.5435
2025-10-04 22:56:29,251 - INFO - Saved model artifact: models\hmm_EUR_USD_3_win252_end20131227.joblib
2025-10-04 22:56:29,252 - INFO - Window 80 complete. Train LL: -1196.5435
2025-10-04 22:56:29,252 - INFO - Training window 81: 2013-02-08 to 2014-01-27
2025-10-04 22:56:29,273 - INFO - Fitting HMM with 3 states on 252 samples
2025-10-04 22:56:29,273 - INFO - Fitting HMM model with 3 states
2025-10-04 22:56:29,337 - INFO - Model fitted. Log-likelihood: -1173.2634
2025-10-04 22:56:29,345 - INFO - Saved model artifact: models\hmm_EUR_USD_3_win252_end20140127.joblib
2025-10-04 22:56:29,345 - INFO - Window 81 complete. Train LL: -1173.2634
2025-10-04 22:56:29,345 - INFO - Training window 82: 2013-03-11 to 2014-02-25
2025-10-04 22:56:29,357 - INFO - Fitting HMM with 3 states on 252 samples
2025-10-04 22:56:29,358 - INFO - Fitting HMM model with 3 states
2025-10-04 22:56:29,552 - INFO - Model fitted. Log-likelihood: -1210.7129
2025-10-04 22:56:29,559 - INFO - Saved model artifact: models\hmm_EUR_USD_3_win252_end20140225.joblib
2025-10-04 22:56:29,560 - INFO - Window 82 complete. Train LL: -1210.7129
2025-10-04 22:56:29,560 - INFO - Training window 83: 2013-04-09 to 2014-03-26
2025-10-04 22:56:29,574 - INFO - Fitting HMM with 3 states on 252 samples
2025-10-04 22:56:29,574 - INFO - Fitting HMM model with 3 states
2025-10-04 22:56:29,678 - INFO - Model fitted. Log-likelihood: -1183.6887
2025-10-04 22:56:29,687 - INFO - Saved model artifact: models\hmm_EUR_USD_3_win252_end20140326.joblib
2025-10-04 22:56:29,687 - INFO - Window 83 complete. Train LL: -1183.6887
2025-10-04 22:56:29,688 - INFO - Training window 84: 2013-05-08 to 2014-04-24
2025-10-04 22:56:29,703 - INFO - Fitting HMM with 3 states on 252 samples
2025-10-04 22:56:29,703 - INFO - Fitting HMM model with 3 states
2025-10-04 22:56:29,750 - INFO - Model fitted. Log-likelihood: -1169.4355
2025-10-04 22:56:29,765 - INFO - Saved model artifact: models\hmm_EUR_USD_3_win252_end20140424.joblib
2025-10-04 22:56:29,767 - INFO - Window 84 complete. Train LL: -1169.4355
2025-10-04 22:56:29,768 - INFO - Training window 85: 2013-06-06 to 2014-05-23
2025-10-04 22:56:29,777 - INFO - Fitting HMM with 3 states on 252 samples
2025-10-04 22:56:29,777 - INFO - Fitting HMM model with 3 states
2025-10-04 22:56:29,851 - INFO - Model fitted. Log-likelihood: -1163.7096
2025-10-04 22:56:29,858 - INFO - Saved model artifact: models\hmm_EUR_USD_3_win252_end20140523.joblib
2025-10-04 22:56:29,859 - INFO - Window 85 complete. Train LL: -1163.7096
2025-10-04 22:56:29,859 - INFO - Training window 86: 2013-07-05 to 2014-06-23
2025-10-04 22:56:29,908 - INFO - Fitting HMM with 3 states on 252 samples
2025-10-04 22:56:29,975 - INFO - Fitting HMM model with 3 states
2025-10-04 22:56:30,099 - INFO - Model fitted. Log-likelihood: -1203.4111
2025-10-04 22:56:30,107 - INFO - Saved model artifact: models\hmm_EUR_USD_3_win252_end20140623.joblib
2025-10-04 22:56:30,108 - INFO - Window 86 complete. Train LL: -1203.4111
2025-10-04 22:56:30,108 - INFO - Training window 87: 2013-08-05 to 2014-07-22
2025-10-04 22:56:30,125 - INFO - Fitting HMM with 3 states on 252 samples
2025-10-04 22:56:30,126 - INFO - Fitting HMM model with 3 states
2025-10-04 22:56:30,195 - INFO - Model fitted. Log-likelihood: -1191.6975
2025-10-04 22:56:30,207 - INFO - Saved model artifact: models\hmm_EUR_USD_3_win252_end20140722.joblib
2025-10-04 22:56:30,207 - INFO - Window 87 complete. Train LL: -1191.6975
2025-10-04 22:56:30,208 - INFO - Training window 88: 2013-09-03 to 2014-08-20
2025-10-04 22:56:30,226 - INFO - Fitting HMM with 3 states on 252 samples
2025-10-04 22:56:30,227 - INFO - Fitting HMM model with 3 states
2025-10-04 22:56:30,292 - INFO - Model fitted. Log-likelihood: -1154.8552
2025-10-04 22:56:30,305 - INFO - Saved model artifact: models\hmm_EUR_USD_3_win252_end20140820.joblib
2025-10-04 22:56:30,305 - INFO - Window 88 complete. Train LL: -1154.8552
2025-10-04 22:56:30,306 - INFO - Training window 89: 2013-10-02 to 2014-09-18
2025-10-04 22:56:30,314 - INFO - Fitting HMM with 3 states on 252 samples
2025-10-04 22:56:30,315 - INFO - Fitting HMM model with 3 states
2025-10-04 22:56:30,360 - INFO - Model fitted. Log-likelihood: -1130.1091
2025-10-04 22:56:30,375 - INFO - Saved model artifact: models\hmm_EUR_USD_3_win252_end20140918.joblib
2025-10-04 22:56:30,375 - INFO - Window 89 complete. Train LL: -1130.1091
2025-10-04 22:56:30,376 - INFO - Training window 90: 2013-10-31 to 2014-10-17
2025-10-04 22:56:30,390 - INFO - Fitting HMM with 3 states on 252 samples
2025-10-04 22:56:30,391 - INFO - Fitting HMM model with 3 states
2025-10-04 22:56:30,430 - WARNING - Model is not converging.  Current: -1231.26982049085 is not greater than -1231.2633826577076. Delta is -0.0064378331423995405
2025-10-04 22:56:30,434 - INFO - Model fitted. Log-likelihood: -1231.2783
2025-10-04 22:56:30,444 - INFO - Saved model artifact: models\hmm_EUR_USD_3_win252_end20141017.joblib
2025-10-04 22:56:30,445 - INFO - Window 90 complete. Train LL: -1231.2783
2025-10-04 22:56:30,445 - INFO - Training window 91: 2013-11-29 to 2014-11-17
2025-10-04 22:56:30,460 - INFO - Fitting HMM with 3 states on 252 samples
2025-10-04 22:56:30,460 - INFO - Fitting HMM model with 3 states
2025-10-04 22:56:30,530 - INFO - Model fitted. Log-likelihood: -1096.2981
2025-10-04 22:56:30,540 - INFO - Saved model artifact: models\hmm_EUR_USD_3_win252_end20141117.joblib
2025-10-04 22:56:30,540 - INFO - Window 91 complete. Train LL: -1096.2981
2025-10-04 22:56:30,541 - INFO - Training window 92: 2013-12-30 to 2014-12-16
2025-10-04 22:56:30,559 - INFO - Fitting HMM with 3 states on 252 samples
2025-10-04 22:56:30,559 - INFO - Fitting HMM model with 3 states
2025-10-04 22:56:30,647 - INFO - Model fitted. Log-likelihood: -1083.7494
2025-10-04 22:56:30,656 - INFO - Saved model artifact: models\hmm_EUR_USD_3_win252_end20141216.joblib
2025-10-04 22:56:30,657 - INFO - Window 92 complete. Train LL: -1083.7494
2025-10-04 22:56:30,657 - INFO - Training window 93: 2014-01-28 to 2015-01-15
2025-10-04 22:56:30,673 - INFO - Fitting HMM with 3 states on 252 samples
2025-10-04 22:56:30,674 - INFO - Fitting HMM model with 3 states
2025-10-04 22:56:30,752 - INFO - Model fitted. Log-likelihood: -984.6644
2025-10-04 22:56:30,762 - INFO - Saved model artifact: models\hmm_EUR_USD_3_win252_end20150115.joblib
2025-10-04 22:56:30,762 - INFO - Window 93 complete. Train LL: -984.6644
2025-10-04 22:56:30,762 - INFO - Training window 94: 2014-02-26 to 2015-02-13
2025-10-04 22:56:30,774 - INFO - Fitting HMM with 3 states on 252 samples
2025-10-04 22:56:30,774 - INFO - Fitting HMM model with 3 states
2025-10-04 22:56:30,821 - INFO - Model fitted. Log-likelihood: -946.8711
2025-10-04 22:56:30,829 - INFO - Saved model artifact: models\hmm_EUR_USD_3_win252_end20150213.joblib
2025-10-04 22:56:30,829 - INFO - Window 94 complete. Train LL: -946.8711
2025-10-04 22:56:30,830 - INFO - Training window 95: 2014-03-27 to 2015-03-16
2025-10-04 22:56:30,847 - INFO - Fitting HMM with 3 states on 252 samples
2025-10-04 22:56:30,848 - INFO - Fitting HMM model with 3 states
2025-10-04 22:56:30,909 - INFO - Model fitted. Log-likelihood: -845.0293
2025-10-04 22:56:30,921 - INFO - Saved model artifact: models\hmm_EUR_USD_3_win252_end20150316.joblib
2025-10-04 22:56:30,921 - INFO - Window 95 complete. Train LL: -845.0293
2025-10-04 22:56:30,921 - INFO - Training window 96: 2014-04-25 to 2015-04-14
2025-10-04 22:56:30,937 - INFO - Fitting HMM with 3 states on 252 samples
2025-10-04 22:56:30,937 - INFO - Fitting HMM model with 3 states
2025-10-04 22:56:31,007 - WARNING - Model is not converging.  Current: -892.8663542952667 is not greater than -892.8659373335225. Delta is -0.00041696174412209075
2025-10-04 22:56:31,009 - INFO - Model fitted. Log-likelihood: -892.8666
2025-10-04 22:56:31,020 - INFO - Saved model artifact: models\hmm_EUR_USD_3_win252_end20150414.joblib
2025-10-04 22:56:31,021 - INFO - Window 96 complete. Train LL: -892.8666
2025-10-04 22:56:31,021 - INFO - Training window 97: 2014-05-26 to 2015-05-13
2025-10-04 22:56:31,038 - INFO - Fitting HMM with 3 states on 252 samples
2025-10-04 22:56:31,038 - INFO - Fitting HMM model with 3 states
2025-10-04 22:56:31,107 - INFO - Model fitted. Log-likelihood: -980.8268
2025-10-04 22:56:31,117 - INFO - Saved model artifact: models\hmm_EUR_USD_3_win252_end20150513.joblib
2025-10-04 22:56:31,118 - INFO - Window 97 complete. Train LL: -980.8268
2025-10-04 22:56:31,118 - INFO - Training window 98: 2014-06-24 to 2015-06-11
2025-10-04 22:56:31,129 - INFO - Fitting HMM with 3 states on 252 samples
2025-10-04 22:56:31,129 - INFO - Fitting HMM model with 3 states
2025-10-04 22:56:31,253 - INFO - Model fitted. Log-likelihood: -967.9274
2025-10-04 22:56:31,265 - INFO - Saved model artifact: models\hmm_EUR_USD_3_win252_end20150611.joblib
2025-10-04 22:56:31,265 - INFO - Window 98 complete. Train LL: -967.9274
2025-10-04 22:56:31,266 - INFO - Training window 99: 2014-07-23 to 2015-07-10
2025-10-04 22:56:31,277 - INFO - Fitting HMM with 3 states on 252 samples
2025-10-04 22:56:31,277 - INFO - Fitting HMM model with 3 states
2025-10-04 22:56:31,351 - INFO - Model fitted. Log-likelihood: -1123.5517
2025-10-04 22:56:31,359 - INFO - Saved model artifact: models\hmm_EUR_USD_3_win252_end20150710.joblib
2025-10-04 22:56:31,359 - INFO - Window 99 complete. Train LL: -1123.5517
2025-10-04 22:56:31,360 - INFO - Training window 100: 2014-08-21 to 2015-08-10
2025-10-04 22:56:31,378 - INFO - Fitting HMM with 3 states on 252 samples
2025-10-04 22:56:31,378 - INFO - Fitting HMM model with 3 states
2025-10-04 22:56:31,463 - INFO - Model fitted. Log-likelihood: -1131.3257
2025-10-04 22:56:31,477 - INFO - Saved model artifact: models\hmm_EUR_USD_3_win252_end20150810.joblib
2025-10-04 22:56:31,478 - INFO - Window 100 complete. Train LL: -1131.3257
2025-10-04 22:56:31,478 - INFO - Training window 101: 2014-09-19 to 2015-09-08
2025-10-04 22:56:31,492 - INFO - Fitting HMM with 3 states on 252 samples
2025-10-04 22:56:31,493 - INFO - Fitting HMM model with 3 states
2025-10-04 22:56:31,615 - INFO - Model fitted. Log-likelihood: -1123.5676
2025-10-04 22:56:31,624 - INFO - Saved model artifact: models\hmm_EUR_USD_3_win252_end20150908.joblib
2025-10-04 22:56:31,624 - INFO - Window 101 complete. Train LL: -1123.5676
2025-10-04 22:56:31,625 - INFO - Training window 102: 2014-10-20 to 2015-10-07
2025-10-04 22:56:31,642 - INFO - Fitting HMM with 3 states on 252 samples
2025-10-04 22:56:31,643 - INFO - Fitting HMM model with 3 states
2025-10-04 22:56:31,703 - INFO - Model fitted. Log-likelihood: -1132.3966
2025-10-04 22:56:31,712 - INFO - Saved model artifact: models\hmm_EUR_USD_3_win252_end20151007.joblib
2025-10-04 22:56:31,713 - INFO - Window 102 complete. Train LL: -1132.3966
2025-10-04 22:56:31,713 - INFO - Training window 103: 2014-11-18 to 2015-11-05
2025-10-04 22:56:31,725 - INFO - Fitting HMM with 3 states on 252 samples
2025-10-04 22:56:31,725 - INFO - Fitting HMM model with 3 states
2025-10-04 22:56:31,843 - INFO - Model fitted. Log-likelihood: -1194.8415
2025-10-04 22:56:31,854 - INFO - Saved model artifact: models\hmm_EUR_USD_3_win252_end20151105.joblib
2025-10-04 22:56:31,854 - INFO - Window 103 complete. Train LL: -1194.8415
2025-10-04 22:56:31,854 - INFO - Training window 104: 2014-12-17 to 2015-12-04
2025-10-04 22:56:31,863 - INFO - Fitting HMM with 3 states on 252 samples
2025-10-04 22:56:31,863 - INFO - Fitting HMM model with 3 states
2025-10-04 22:56:31,933 - INFO - Model fitted. Log-likelihood: -1198.2080
2025-10-04 22:56:31,943 - INFO - Saved model artifact: models\hmm_EUR_USD_3_win252_end20151204.joblib
2025-10-04 22:56:31,943 - INFO - Window 104 complete. Train LL: -1198.2080
2025-10-04 22:56:31,943 - INFO - Training window 105: 2015-01-16 to 2016-01-04
2025-10-04 22:56:31,961 - INFO - Fitting HMM with 3 states on 252 samples
2025-10-04 22:56:31,961 - INFO - Fitting HMM model with 3 states
2025-10-04 22:56:32,056 - INFO - Model fitted. Log-likelihood: -1227.9101
2025-10-04 22:56:32,065 - INFO - Saved model artifact: models\hmm_EUR_USD_3_win252_end20160104.joblib
2025-10-04 22:56:32,065 - INFO - Window 105 complete. Train LL: -1227.9101
2025-10-04 22:56:32,066 - INFO - Training window 106: 2015-02-16 to 2016-02-02
2025-10-04 22:56:32,089 - INFO - Fitting HMM with 3 states on 252 samples
2025-10-04 22:56:32,089 - INFO - Fitting HMM model with 3 states
2025-10-04 22:56:32,181 - INFO - Model fitted. Log-likelihood: -1213.9945
2025-10-04 22:56:32,190 - INFO - Saved model artifact: models\hmm_EUR_USD_3_win252_end20160202.joblib
2025-10-04 22:56:32,190 - INFO - Window 106 complete. Train LL: -1213.9945
2025-10-04 22:56:32,191 - INFO - Training window 107: 2015-03-17 to 2016-03-02
2025-10-04 22:56:32,208 - INFO - Fitting HMM with 3 states on 252 samples
2025-10-04 22:56:32,209 - INFO - Fitting HMM model with 3 states
2025-10-04 22:56:32,280 - INFO - Model fitted. Log-likelihood: -1188.8018
2025-10-04 22:56:32,295 - INFO - Saved model artifact: models\hmm_EUR_USD_3_win252_end20160302.joblib
2025-10-04 22:56:32,296 - INFO - Window 107 complete. Train LL: -1188.8018
2025-10-04 22:56:32,296 - INFO - Training window 108: 2015-04-15 to 2016-03-31
2025-10-04 22:56:32,309 - INFO - Fitting HMM with 3 states on 252 samples
2025-10-04 22:56:32,309 - INFO - Fitting HMM model with 3 states
2025-10-04 22:56:32,440 - INFO - Model fitted. Log-likelihood: -1218.3891
2025-10-04 22:56:32,450 - INFO - Saved model artifact: models\hmm_EUR_USD_3_win252_end20160331.joblib
2025-10-04 22:56:32,450 - INFO - Window 108 complete. Train LL: -1218.3891
2025-10-04 22:56:32,451 - INFO - Training window 109: 2015-05-14 to 2016-04-29
2025-10-04 22:56:32,459 - INFO - Fitting HMM with 3 states on 252 samples
2025-10-04 22:56:32,460 - INFO - Fitting HMM model with 3 states
2025-10-04 22:56:32,536 - INFO - Model fitted. Log-likelihood: -1194.3009
2025-10-04 22:56:32,544 - INFO - Saved model artifact: models\hmm_EUR_USD_3_win252_end20160429.joblib
2025-10-04 22:56:32,544 - INFO - Window 109 complete. Train LL: -1194.3009
2025-10-04 22:56:32,545 - INFO - Training window 110: 2015-06-12 to 2016-05-30
2025-10-04 22:56:32,560 - INFO - Fitting HMM with 3 states on 252 samples
2025-10-04 22:56:32,560 - INFO - Fitting HMM model with 3 states
2025-10-04 22:56:32,779 - INFO - Model fitted. Log-likelihood: -1220.9357
2025-10-04 22:56:32,788 - INFO - Saved model artifact: models\hmm_EUR_USD_3_win252_end20160530.joblib
2025-10-04 22:56:32,788 - INFO - Window 110 complete. Train LL: -1220.9357
2025-10-04 22:56:32,788 - INFO - Training window 111: 2015-07-13 to 2016-06-28
2025-10-04 22:56:32,802 - INFO - Fitting HMM with 3 states on 252 samples
2025-10-04 22:56:32,802 - INFO - Fitting HMM model with 3 states
2025-10-04 22:56:32,879 - INFO - Model fitted. Log-likelihood: -1212.5811
2025-10-04 22:56:32,888 - INFO - Saved model artifact: models\hmm_EUR_USD_3_win252_end20160628.joblib
2025-10-04 22:56:32,888 - INFO - Window 111 complete. Train LL: -1212.5811
2025-10-04 22:56:32,889 - INFO - Training window 112: 2015-08-11 to 2016-07-27
2025-10-04 22:56:32,909 - INFO - Fitting HMM with 3 states on 252 samples
2025-10-04 22:56:32,909 - INFO - Fitting HMM model with 3 states
2025-10-04 22:56:32,983 - INFO - Model fitted. Log-likelihood: -1236.3430
2025-10-04 22:56:32,994 - INFO - Saved model artifact: models\hmm_EUR_USD_3_win252_end20160727.joblib
2025-10-04 22:56:32,994 - INFO - Window 112 complete. Train LL: -1236.3430
2025-10-04 22:56:32,994 - INFO - Training window 113: 2015-09-09 to 2016-08-25
2025-10-04 22:56:33,007 - INFO - Fitting HMM with 3 states on 252 samples
2025-10-04 22:56:33,008 - INFO - Fitting HMM model with 3 states
2025-10-04 22:56:33,162 - INFO - Model fitted. Log-likelihood: -1277.1116
2025-10-04 22:56:33,173 - INFO - Saved model artifact: models\hmm_EUR_USD_3_win252_end20160825.joblib
2025-10-04 22:56:33,173 - INFO - Window 113 complete. Train LL: -1277.1116
2025-10-04 22:56:33,174 - INFO - Training window 114: 2015-10-08 to 2016-09-23
2025-10-04 22:56:33,187 - INFO - Fitting HMM with 3 states on 252 samples
2025-10-04 22:56:33,187 - INFO - Fitting HMM model with 3 states
2025-10-04 22:56:33,252 - INFO - Model fitted. Log-likelihood: -1267.6504
2025-10-04 22:56:33,263 - INFO - Saved model artifact: models\hmm_EUR_USD_3_win252_end20160923.joblib
2025-10-04 22:56:33,263 - INFO - Window 114 complete. Train LL: -1267.6504
2025-10-04 22:56:33,265 - INFO - Training window 115: 2015-11-06 to 2016-10-24
2025-10-04 22:56:33,278 - INFO - Fitting HMM with 3 states on 252 samples
2025-10-04 22:56:33,279 - INFO - Fitting HMM model with 3 states
2025-10-04 22:56:33,396 - INFO - Model fitted. Log-likelihood: -1250.6751
2025-10-04 22:56:33,407 - INFO - Saved model artifact: models\hmm_EUR_USD_3_win252_end20161024.joblib
2025-10-04 22:56:33,407 - INFO - Window 115 complete. Train LL: -1250.6751
2025-10-04 22:56:33,408 - INFO - Training window 116: 2015-12-07 to 2016-11-22
2025-10-04 22:56:33,422 - INFO - Fitting HMM with 3 states on 252 samples
2025-10-04 22:56:33,422 - INFO - Fitting HMM model with 3 states
2025-10-04 22:56:33,527 - INFO - Model fitted. Log-likelihood: -1251.3025
2025-10-04 22:56:33,536 - INFO - Saved model artifact: models\hmm_EUR_USD_3_win252_end20161122.joblib
2025-10-04 22:56:33,536 - INFO - Window 116 complete. Train LL: -1251.3025
2025-10-04 22:56:33,537 - INFO - Training window 117: 2016-01-05 to 2016-12-21
2025-10-04 22:56:33,549 - INFO - Fitting HMM with 3 states on 252 samples
2025-10-04 22:56:33,551 - INFO - Fitting HMM model with 3 states
2025-10-04 22:56:33,611 - INFO - Model fitted. Log-likelihood: -1280.7199
2025-10-04 22:56:33,626 - INFO - Saved model artifact: models\hmm_EUR_USD_3_win252_end20161221.joblib
2025-10-04 22:56:33,626 - INFO - Window 117 complete. Train LL: -1280.7199
2025-10-04 22:56:33,627 - INFO - Training window 118: 2016-02-03 to 2017-01-19
2025-10-04 22:56:33,642 - INFO - Fitting HMM with 3 states on 252 samples
2025-10-04 22:56:33,642 - INFO - Fitting HMM model with 3 states
2025-10-04 22:56:33,736 - INFO - Model fitted. Log-likelihood: -1211.1728
2025-10-04 22:56:33,747 - INFO - Saved model artifact: models\hmm_EUR_USD_3_win252_end20170119.joblib
2025-10-04 22:56:33,748 - INFO - Window 118 complete. Train LL: -1211.1728
2025-10-04 22:56:33,749 - INFO - Training window 119: 2016-03-03 to 2017-02-17
2025-10-04 22:56:33,763 - INFO - Fitting HMM with 3 states on 252 samples
2025-10-04 22:56:33,764 - INFO - Fitting HMM model with 3 states
2025-10-04 22:56:33,871 - INFO - Model fitted. Log-likelihood: -1218.7040
2025-10-04 22:56:33,883 - INFO - Saved model artifact: models\hmm_EUR_USD_3_win252_end20170217.joblib
2025-10-04 22:56:33,883 - INFO - Window 119 complete. Train LL: -1218.7040
2025-10-04 22:56:33,884 - INFO - Training window 120: 2016-04-01 to 2017-03-20
2025-10-04 22:56:33,895 - INFO - Fitting HMM with 3 states on 252 samples
2025-10-04 22:56:33,896 - INFO - Fitting HMM model with 3 states
2025-10-04 22:56:34,018 - INFO - Model fitted. Log-likelihood: -1189.9569
2025-10-04 22:56:34,027 - INFO - Saved model artifact: models\hmm_EUR_USD_3_win252_end20170320.joblib
2025-10-04 22:56:34,028 - INFO - Window 120 complete. Train LL: -1189.9569
2025-10-04 22:56:34,028 - INFO - Training window 121: 2016-05-02 to 2017-04-18
2025-10-04 22:56:34,044 - INFO - Fitting HMM with 3 states on 252 samples
2025-10-04 22:56:34,045 - INFO - Fitting HMM model with 3 states
2025-10-04 22:56:34,107 - INFO - Model fitted. Log-likelihood: -1171.8167
2025-10-04 22:56:34,118 - INFO - Saved model artifact: models\hmm_EUR_USD_3_win252_end20170418.joblib
2025-10-04 22:56:34,118 - INFO - Window 121 complete. Train LL: -1171.8167
2025-10-04 22:56:34,119 - INFO - Training window 122: 2016-05-31 to 2017-05-17
2025-10-04 22:56:34,128 - INFO - Fitting HMM with 3 states on 252 samples
2025-10-04 22:56:34,128 - INFO - Fitting HMM model with 3 states
2025-10-04 22:56:34,193 - INFO - Model fitted. Log-likelihood: -1218.0359
2025-10-04 22:56:34,205 - INFO - Saved model artifact: models\hmm_EUR_USD_3_win252_end20170517.joblib
2025-10-04 22:56:34,206 - INFO - Window 122 complete. Train LL: -1218.0359
2025-10-04 22:56:34,206 - INFO - Training window 123: 2016-06-29 to 2017-06-15
2025-10-04 22:56:34,223 - INFO - Fitting HMM with 3 states on 252 samples
2025-10-04 22:56:34,224 - INFO - Fitting HMM model with 3 states
2025-10-04 22:56:34,328 - INFO - Model fitted. Log-likelihood: -1191.8448
2025-10-04 22:56:34,338 - INFO - Saved model artifact: models\hmm_EUR_USD_3_win252_end20170615.joblib
2025-10-04 22:56:34,338 - INFO - Window 123 complete. Train LL: -1191.8448
2025-10-04 22:56:34,338 - INFO - Training window 124: 2016-07-28 to 2017-07-14
2025-10-04 22:56:34,356 - INFO - Fitting HMM with 3 states on 252 samples
2025-10-04 22:56:34,357 - INFO - Fitting HMM model with 3 states
2025-10-04 22:56:34,505 - INFO - Model fitted. Log-likelihood: -1198.7944
2025-10-04 22:56:34,515 - INFO - Saved model artifact: models\hmm_EUR_USD_3_win252_end20170714.joblib
2025-10-04 22:56:34,515 - INFO - Window 124 complete. Train LL: -1198.7944
2025-10-04 22:56:34,516 - INFO - Training window 125: 2016-08-26 to 2017-08-14
2025-10-04 22:56:34,525 - INFO - Fitting HMM with 3 states on 252 samples
2025-10-04 22:56:34,525 - INFO - Fitting HMM model with 3 states
2025-10-04 22:56:34,619 - INFO - Model fitted. Log-likelihood: -1180.0392
2025-10-04 22:56:34,627 - INFO - Saved model artifact: models\hmm_EUR_USD_3_win252_end20170814.joblib
2025-10-04 22:56:34,628 - INFO - Window 125 complete. Train LL: -1180.0392
2025-10-04 22:56:34,628 - INFO - Training window 126: 2016-09-26 to 2017-09-12
2025-10-04 22:56:34,640 - INFO - Fitting HMM with 3 states on 252 samples
2025-10-04 22:56:34,641 - INFO - Fitting HMM model with 3 states
2025-10-04 22:56:34,707 - INFO - Model fitted. Log-likelihood: -1230.1276
2025-10-04 22:56:34,718 - INFO - Saved model artifact: models\hmm_EUR_USD_3_win252_end20170912.joblib
2025-10-04 22:56:34,718 - INFO - Window 126 complete. Train LL: -1230.1276
2025-10-04 22:56:34,719 - INFO - Training window 127: 2016-10-25 to 2017-10-11
2025-10-04 22:56:34,728 - INFO - Fitting HMM with 3 states on 252 samples
2025-10-04 22:56:34,728 - INFO - Fitting HMM model with 3 states
2025-10-04 22:56:34,824 - INFO - Model fitted. Log-likelihood: -1245.6457
2025-10-04 22:56:34,834 - INFO - Saved model artifact: models\hmm_EUR_USD_3_win252_end20171011.joblib
2025-10-04 22:56:34,835 - INFO - Window 127 complete. Train LL: -1245.6457
2025-10-04 22:56:34,835 - INFO - Training window 128: 2016-11-23 to 2017-11-09
2025-10-04 22:56:34,847 - INFO - Fitting HMM with 3 states on 252 samples
2025-10-04 22:56:34,848 - INFO - Fitting HMM model with 3 states
2025-10-04 22:56:34,913 - INFO - Model fitted. Log-likelihood: -1275.7638
2025-10-04 22:56:34,924 - INFO - Saved model artifact: models\hmm_EUR_USD_3_win252_end20171109.joblib
2025-10-04 22:56:34,924 - INFO - Window 128 complete. Train LL: -1275.7638
2025-10-04 22:56:34,925 - INFO - Training window 129: 2016-12-22 to 2017-12-08
2025-10-04 22:56:34,943 - INFO - Fitting HMM with 3 states on 252 samples
2025-10-04 22:56:34,943 - INFO - Fitting HMM model with 3 states
2025-10-04 22:56:34,994 - INFO - Model fitted. Log-likelihood: -1271.4446
2025-10-04 22:56:35,006 - INFO - Saved model artifact: models\hmm_EUR_USD_3_win252_end20171208.joblib
2025-10-04 22:56:35,006 - INFO - Window 129 complete. Train LL: -1271.4446
2025-10-04 22:56:35,006 - INFO - Training window 130: 2017-01-20 to 2018-01-08
2025-10-04 22:56:35,019 - INFO - Fitting HMM with 3 states on 252 samples
2025-10-04 22:56:35,020 - INFO - Fitting HMM model with 3 states
2025-10-04 22:56:35,144 - INFO - Model fitted. Log-likelihood: -1242.2470
2025-10-04 22:56:35,154 - INFO - Saved model artifact: models\hmm_EUR_USD_3_win252_end20180108.joblib
2025-10-04 22:56:35,154 - INFO - Window 130 complete. Train LL: -1242.2470
2025-10-04 22:56:35,154 - INFO - Training window 131: 2017-02-20 to 2018-02-06
2025-10-04 22:56:35,169 - INFO - Fitting HMM with 3 states on 252 samples
2025-10-04 22:56:35,170 - INFO - Fitting HMM model with 3 states
2025-10-04 22:56:35,221 - INFO - Model fitted. Log-likelihood: -1238.4744
2025-10-04 22:56:35,229 - INFO - Saved model artifact: models\hmm_EUR_USD_3_win252_end20180206.joblib
2025-10-04 22:56:35,229 - INFO - Window 131 complete. Train LL: -1238.4744
2025-10-04 22:56:35,230 - INFO - Training window 132: 2017-03-21 to 2018-03-07
2025-10-04 22:56:35,246 - INFO - Fitting HMM with 3 states on 252 samples
2025-10-04 22:56:35,247 - INFO - Fitting HMM model with 3 states
2025-10-04 22:56:35,326 - INFO - Model fitted. Log-likelihood: -1299.1370
2025-10-04 22:56:35,340 - INFO - Saved model artifact: models\hmm_EUR_USD_3_win252_end20180307.joblib
2025-10-04 22:56:35,341 - INFO - Window 132 complete. Train LL: -1299.1370
2025-10-04 22:56:35,341 - INFO - Training window 133: 2017-04-19 to 2018-04-05
2025-10-04 22:56:35,355 - INFO - Fitting HMM with 3 states on 252 samples
2025-10-04 22:56:35,356 - INFO - Fitting HMM model with 3 states
2025-10-04 22:56:35,440 - INFO - Model fitted. Log-likelihood: -1245.3804
2025-10-04 22:56:35,451 - INFO - Saved model artifact: models\hmm_EUR_USD_3_win252_end20180405.joblib
2025-10-04 22:56:35,451 - INFO - Window 133 complete. Train LL: -1245.3804
2025-10-04 22:56:35,451 - INFO - Training window 134: 2017-05-18 to 2018-05-04
2025-10-04 22:56:35,460 - INFO - Fitting HMM with 3 states on 252 samples
2025-10-04 22:56:35,460 - INFO - Fitting HMM model with 3 states
2025-10-04 22:56:35,540 - INFO - Model fitted. Log-likelihood: -1268.6261
2025-10-04 22:56:35,554 - INFO - Saved model artifact: models\hmm_EUR_USD_3_win252_end20180504.joblib
2025-10-04 22:56:35,555 - INFO - Window 134 complete. Train LL: -1268.6261
2025-10-04 22:56:35,555 - INFO - Training window 135: 2017-06-16 to 2018-06-04
2025-10-04 22:56:35,572 - INFO - Fitting HMM with 3 states on 252 samples
2025-10-04 22:56:35,572 - INFO - Fitting HMM model with 3 states
2025-10-04 22:56:35,640 - INFO - Model fitted. Log-likelihood: -1233.9636
2025-10-04 22:56:35,650 - INFO - Saved model artifact: models\hmm_EUR_USD_3_win252_end20180604.joblib
2025-10-04 22:56:35,650 - INFO - Window 135 complete. Train LL: -1233.9636
2025-10-04 22:56:35,651 - INFO - Training window 136: 2017-07-17 to 2018-07-03
2025-10-04 22:56:35,661 - INFO - Fitting HMM with 3 states on 252 samples
2025-10-04 22:56:35,661 - INFO - Fitting HMM model with 3 states
2025-10-04 22:56:35,725 - INFO - Model fitted. Log-likelihood: -1275.8055
2025-10-04 22:56:35,739 - INFO - Saved model artifact: models\hmm_EUR_USD_3_win252_end20180703.joblib
2025-10-04 22:56:35,740 - INFO - Window 136 complete. Train LL: -1275.8055
2025-10-04 22:56:35,740 - INFO - Training window 137: 2017-08-15 to 2018-08-01
2025-10-04 22:56:35,753 - INFO - Fitting HMM with 3 states on 252 samples
2025-10-04 22:56:35,753 - INFO - Fitting HMM model with 3 states
2025-10-04 22:56:35,802 - INFO - Model fitted. Log-likelihood: -1278.6511
2025-10-04 22:56:35,811 - INFO - Saved model artifact: models\hmm_EUR_USD_3_win252_end20180801.joblib
2025-10-04 22:56:35,811 - INFO - Window 137 complete. Train LL: -1278.6511
2025-10-04 22:56:35,812 - INFO - Training window 138: 2017-09-13 to 2018-08-30
2025-10-04 22:56:35,829 - INFO - Fitting HMM with 3 states on 252 samples
2025-10-04 22:56:35,830 - INFO - Fitting HMM model with 3 states
2025-10-04 22:56:35,915 - INFO - Model fitted. Log-likelihood: -1248.1593
2025-10-04 22:56:35,925 - INFO - Saved model artifact: models\hmm_EUR_USD_3_win252_end20180830.joblib
2025-10-04 22:56:35,926 - INFO - Window 138 complete. Train LL: -1248.1593
2025-10-04 22:56:35,927 - INFO - Training window 139: 2017-10-12 to 2018-09-28
2025-10-04 22:56:35,945 - INFO - Fitting HMM with 3 states on 252 samples
2025-10-04 22:56:35,946 - INFO - Fitting HMM model with 3 states
2025-10-04 22:56:36,008 - INFO - Model fitted. Log-likelihood: -1291.4888
2025-10-04 22:56:36,021 - INFO - Saved model artifact: models\hmm_EUR_USD_3_win252_end20180928.joblib
2025-10-04 22:56:36,021 - INFO - Window 139 complete. Train LL: -1291.4888
2025-10-04 22:56:36,022 - INFO - Training window 140: 2017-11-10 to 2018-10-29
2025-10-04 22:56:36,032 - INFO - Fitting HMM with 3 states on 252 samples
2025-10-04 22:56:36,032 - INFO - Fitting HMM model with 3 states
2025-10-04 22:56:36,144 - INFO - Model fitted. Log-likelihood: -1249.4222
2025-10-04 22:56:36,156 - INFO - Saved model artifact: models\hmm_EUR_USD_3_win252_end20181029.joblib
2025-10-04 22:56:36,157 - INFO - Window 140 complete. Train LL: -1249.4222
2025-10-04 22:56:36,157 - INFO - Training window 141: 2017-12-11 to 2018-11-27
2025-10-04 22:56:36,172 - INFO - Fitting HMM with 3 states on 252 samples
2025-10-04 22:56:36,172 - INFO - Fitting HMM model with 3 states
2025-10-04 22:56:36,464 - INFO - Model fitted. Log-likelihood: -1423.6538
2025-10-04 22:56:36,473 - INFO - Saved model artifact: models\hmm_EUR_USD_3_win252_end20181127.joblib
2025-10-04 22:56:36,473 - INFO - Window 141 complete. Train LL: -1423.6538
2025-10-04 22:56:36,474 - INFO - Training window 142: 2018-01-09 to 2018-12-26
2025-10-04 22:56:36,525 - INFO - Fitting HMM with 3 states on 252 samples
2025-10-04 22:56:36,560 - INFO - Fitting HMM model with 3 states
2025-10-04 22:56:36,703 - INFO - Model fitted. Log-likelihood: -1219.7484
2025-10-04 22:56:36,714 - INFO - Saved model artifact: models\hmm_EUR_USD_3_win252_end20181226.joblib
2025-10-04 22:56:36,715 - INFO - Window 142 complete. Train LL: -1219.7484
2025-10-04 22:56:36,715 - INFO - Training window 143: 2018-02-07 to 2019-01-24
2025-10-04 22:56:36,727 - INFO - Fitting HMM with 3 states on 252 samples
2025-10-04 22:56:36,727 - INFO - Fitting HMM model with 3 states
2025-10-04 22:56:36,806 - INFO - Model fitted. Log-likelihood: -1232.2658
2025-10-04 22:56:36,821 - INFO - Saved model artifact: models\hmm_EUR_USD_3_win252_end20190124.joblib
2025-10-04 22:56:36,822 - INFO - Window 143 complete. Train LL: -1232.2658
2025-10-04 22:56:36,822 - INFO - Training window 144: 2018-03-08 to 2019-02-22
2025-10-04 22:56:36,839 - INFO - Fitting HMM with 3 states on 252 samples
2025-10-04 22:56:36,839 - INFO - Fitting HMM model with 3 states
2025-10-04 22:56:36,896 - INFO - Model fitted. Log-likelihood: -1218.2382
2025-10-04 22:56:36,910 - INFO - Saved model artifact: models\hmm_EUR_USD_3_win252_end20190222.joblib
2025-10-04 22:56:36,910 - INFO - Window 144 complete. Train LL: -1218.2382
2025-10-04 22:56:36,911 - INFO - Training window 145: 2018-04-06 to 2019-03-25
2025-10-04 22:56:36,924 - INFO - Fitting HMM with 3 states on 252 samples
2025-10-04 22:56:36,924 - INFO - Fitting HMM model with 3 states
2025-10-04 22:56:37,007 - INFO - Model fitted. Log-likelihood: -1217.2527
2025-10-04 22:56:37,018 - INFO - Saved model artifact: models\hmm_EUR_USD_3_win252_end20190325.joblib
2025-10-04 22:56:37,018 - INFO - Window 145 complete. Train LL: -1217.2527
2025-10-04 22:56:37,018 - INFO - Training window 146: 2018-05-07 to 2019-04-23
2025-10-04 22:56:37,035 - INFO - Fitting HMM with 3 states on 252 samples
2025-10-04 22:56:37,036 - INFO - Fitting HMM model with 3 states
2025-10-04 22:56:37,101 - INFO - Model fitted. Log-likelihood: -1288.4706
2025-10-04 22:56:37,110 - INFO - Saved model artifact: models\hmm_EUR_USD_3_win252_end20190423.joblib
2025-10-04 22:56:37,111 - INFO - Window 146 complete. Train LL: -1288.4706
2025-10-04 22:56:37,111 - INFO - Training window 147: 2018-06-05 to 2019-05-22
2025-10-04 22:56:37,127 - INFO - Fitting HMM with 3 states on 252 samples
2025-10-04 22:56:37,127 - INFO - Fitting HMM model with 3 states
2025-10-04 22:56:37,193 - INFO - Model fitted. Log-likelihood: -1311.3865
2025-10-04 22:56:37,204 - INFO - Saved model artifact: models\hmm_EUR_USD_3_win252_end20190522.joblib
2025-10-04 22:56:37,205 - INFO - Window 147 complete. Train LL: -1311.3865
2025-10-04 22:56:37,205 - INFO - Training window 148: 2018-07-04 to 2019-06-20
2025-10-04 22:56:37,219 - INFO - Fitting HMM with 3 states on 252 samples
2025-10-04 22:56:37,220 - INFO - Fitting HMM model with 3 states
2025-10-04 22:56:37,288 - INFO - Model fitted. Log-likelihood: -1257.6271
2025-10-04 22:56:37,296 - INFO - Saved model artifact: models\hmm_EUR_USD_3_win252_end20190620.joblib
2025-10-04 22:56:37,296 - INFO - Window 148 complete. Train LL: -1257.6271
2025-10-04 22:56:37,297 - INFO - Training window 149: 2018-08-02 to 2019-07-19
2025-10-04 22:56:37,312 - INFO - Fitting HMM with 3 states on 252 samples
2025-10-04 22:56:37,312 - INFO - Fitting HMM model with 3 states
2025-10-04 22:56:37,386 - INFO - Model fitted. Log-likelihood: -1310.5407
2025-10-04 22:56:37,393 - INFO - Saved model artifact: models\hmm_EUR_USD_3_win252_end20190719.joblib
2025-10-04 22:56:37,394 - INFO - Window 149 complete. Train LL: -1310.5407
2025-10-04 22:56:37,394 - INFO - Training window 150: 2018-08-31 to 2019-08-19
2025-10-04 22:56:37,410 - INFO - Fitting HMM with 3 states on 252 samples
2025-10-04 22:56:37,410 - INFO - Fitting HMM model with 3 states
2025-10-04 22:56:37,507 - INFO - Model fitted. Log-likelihood: -1331.5483
2025-10-04 22:56:37,518 - INFO - Saved model artifact: models\hmm_EUR_USD_3_win252_end20190819.joblib
2025-10-04 22:56:37,518 - INFO - Window 150 complete. Train LL: -1331.5483
2025-10-04 22:56:37,518 - INFO - Training window 151: 2018-10-01 to 2019-09-17
2025-10-04 22:56:37,531 - INFO - Fitting HMM with 3 states on 252 samples
2025-10-04 22:56:37,532 - INFO - Fitting HMM model with 3 states
2025-10-04 22:56:37,602 - INFO - Model fitted. Log-likelihood: -1358.3679
2025-10-04 22:56:37,610 - INFO - Saved model artifact: models\hmm_EUR_USD_3_win252_end20190917.joblib
2025-10-04 22:56:37,610 - INFO - Window 151 complete. Train LL: -1358.3679
2025-10-04 22:56:37,611 - INFO - Training window 152: 2018-10-30 to 2019-10-16
2025-10-04 22:56:37,625 - INFO - Fitting HMM with 3 states on 252 samples
2025-10-04 22:56:37,626 - INFO - Fitting HMM model with 3 states
2025-10-04 22:56:37,719 - INFO - Model fitted. Log-likelihood: -1413.0715
2025-10-04 22:56:37,729 - INFO - Saved model artifact: models\hmm_EUR_USD_3_win252_end20191016.joblib
2025-10-04 22:56:37,729 - INFO - Window 152 complete. Train LL: -1413.0715
2025-10-04 22:56:37,729 - INFO - Training window 153: 2018-11-28 to 2019-11-14
2025-10-04 22:56:37,740 - INFO - Fitting HMM with 3 states on 252 samples
2025-10-04 22:56:37,740 - INFO - Fitting HMM model with 3 states
2025-10-04 22:56:37,796 - INFO - Model fitted. Log-likelihood: -1358.3911
2025-10-04 22:56:37,808 - INFO - Saved model artifact: models\hmm_EUR_USD_3_win252_end20191114.joblib
2025-10-04 22:56:37,808 - INFO - Window 153 complete. Train LL: -1358.3911
2025-10-04 22:56:37,809 - INFO - Training window 154: 2018-12-27 to 2019-12-13
2025-10-04 22:56:37,822 - INFO - Fitting HMM with 3 states on 252 samples
2025-10-04 22:56:37,822 - INFO - Fitting HMM model with 3 states
2025-10-04 22:56:37,899 - INFO - Model fitted. Log-likelihood: -1347.2547
2025-10-04 22:56:37,908 - INFO - Saved model artifact: models\hmm_EUR_USD_3_win252_end20191213.joblib
2025-10-04 22:56:37,909 - INFO - Window 154 complete. Train LL: -1347.2547
2025-10-04 22:56:37,909 - INFO - Training window 155: 2019-01-25 to 2020-01-13
2025-10-04 22:56:37,924 - INFO - Fitting HMM with 3 states on 252 samples
2025-10-04 22:56:37,924 - INFO - Fitting HMM model with 3 states
2025-10-04 22:56:38,069 - INFO - Model fitted. Log-likelihood: -1369.9333
2025-10-04 22:56:38,077 - INFO - Saved model artifact: models\hmm_EUR_USD_3_win252_end20200113.joblib
2025-10-04 22:56:38,077 - INFO - Window 155 complete. Train LL: -1369.9333
2025-10-04 22:56:38,077 - INFO - Training window 156: 2019-02-25 to 2020-02-11
2025-10-04 22:56:38,095 - INFO - Fitting HMM with 3 states on 252 samples
2025-10-04 22:56:38,095 - INFO - Fitting HMM model with 3 states
2025-10-04 22:56:38,221 - INFO - Model fitted. Log-likelihood: -1342.8031
2025-10-04 22:56:38,230 - INFO - Saved model artifact: models\hmm_EUR_USD_3_win252_end20200211.joblib
2025-10-04 22:56:38,231 - INFO - Window 156 complete. Train LL: -1342.8031
2025-10-04 22:56:38,232 - INFO - Training window 157: 2019-03-26 to 2020-03-11
2025-10-04 22:56:38,240 - INFO - Fitting HMM with 3 states on 252 samples
2025-10-04 22:56:38,240 - INFO - Fitting HMM model with 3 states
2025-10-04 22:56:38,278 - INFO - Model fitted. Log-likelihood: -1184.3110
2025-10-04 22:56:38,291 - INFO - Saved model artifact: models\hmm_EUR_USD_3_win252_end20200311.joblib
2025-10-04 22:56:38,291 - INFO - Window 157 complete. Train LL: -1184.3110
2025-10-04 22:56:38,292 - INFO - Training window 158: 2019-04-24 to 2020-04-09
2025-10-04 22:56:38,304 - INFO - Fitting HMM with 3 states on 252 samples
2025-10-04 22:56:38,305 - INFO - Fitting HMM model with 3 states
2025-10-04 22:56:38,365 - INFO - Model fitted. Log-likelihood: -804.5787
2025-10-04 22:56:38,376 - INFO - Saved model artifact: models\hmm_EUR_USD_3_win252_end20200409.joblib
2025-10-04 22:56:38,377 - INFO - Window 158 complete. Train LL: -804.5787
2025-10-04 22:56:38,377 - INFO - Training window 159: 2019-05-23 to 2020-05-08
2025-10-04 22:56:38,389 - INFO - Fitting HMM with 3 states on 252 samples
2025-10-04 22:56:38,389 - INFO - Fitting HMM model with 3 states
2025-10-04 22:56:38,469 - WARNING - Model is not converging.  Current: -863.2179263852663 is not greater than -863.2179239365994. Delta is -2.4486669190082466e-06
2025-10-04 22:56:38,470 - INFO - Model fitted. Log-likelihood: -863.2179
2025-10-04 22:56:38,480 - INFO - Saved model artifact: models\hmm_EUR_USD_3_win252_end20200508.joblib
2025-10-04 22:56:38,481 - INFO - Window 159 complete. Train LL: -863.2179
2025-10-04 22:56:38,482 - INFO - Training window 160: 2019-06-21 to 2020-06-08
2025-10-04 22:56:38,492 - INFO - Fitting HMM with 3 states on 252 samples
2025-10-04 22:56:38,493 - INFO - Fitting HMM model with 3 states
2025-10-04 22:56:38,556 - INFO - Model fitted. Log-likelihood: -888.6171
2025-10-04 22:56:38,568 - INFO - Saved model artifact: models\hmm_EUR_USD_3_win252_end20200608.joblib
2025-10-04 22:56:38,569 - INFO - Window 160 complete. Train LL: -888.6171
2025-10-04 22:56:38,569 - INFO - Training window 161: 2019-07-22 to 2020-07-07
2025-10-04 22:56:38,584 - INFO - Fitting HMM with 3 states on 252 samples
2025-10-04 22:56:38,584 - INFO - Fitting HMM model with 3 states
2025-10-04 22:56:38,638 - INFO - Model fitted. Log-likelihood: -918.3493
2025-10-04 22:56:38,649 - INFO - Saved model artifact: models\hmm_EUR_USD_3_win252_end20200707.joblib
2025-10-04 22:56:38,650 - INFO - Window 161 complete. Train LL: -918.3493
2025-10-04 22:56:38,650 - INFO - Training window 162: 2019-08-20 to 2020-08-05
2025-10-04 22:56:38,662 - INFO - Fitting HMM with 3 states on 252 samples
2025-10-04 22:56:38,662 - INFO - Fitting HMM model with 3 states
2025-10-04 22:56:38,709 - INFO - Model fitted. Log-likelihood: -962.1927
2025-10-04 22:56:38,722 - INFO - Saved model artifact: models\hmm_EUR_USD_3_win252_end20200805.joblib
2025-10-04 22:56:38,722 - INFO - Window 162 complete. Train LL: -962.1927
2025-10-04 22:56:38,723 - INFO - Training window 163: 2019-09-18 to 2020-09-03
2025-10-04 22:56:38,738 - INFO - Fitting HMM with 3 states on 252 samples
2025-10-04 22:56:38,738 - INFO - Fitting HMM model with 3 states
2025-10-04 22:56:38,789 - INFO - Model fitted. Log-likelihood: -1015.3050
2025-10-04 22:56:38,798 - INFO - Saved model artifact: models\hmm_EUR_USD_3_win252_end20200903.joblib
2025-10-04 22:56:38,798 - INFO - Window 163 complete. Train LL: -1015.3050
2025-10-04 22:56:38,799 - INFO - Training window 164: 2019-10-17 to 2020-10-02
2025-10-04 22:56:38,811 - INFO - Fitting HMM with 3 states on 252 samples
2025-10-04 22:56:38,811 - INFO - Fitting HMM model with 3 states
2025-10-04 22:56:38,906 - WARNING - Model is not converging.  Current: -1001.5173149735613 is not greater than -1001.5168251312523. Delta is -0.0004898423089798598
2025-10-04 22:56:38,908 - INFO - Model fitted. Log-likelihood: -1001.5186
2025-10-04 22:56:38,922 - INFO - Saved model artifact: models\hmm_EUR_USD_3_win252_end20201002.joblib
2025-10-04 22:56:38,923 - INFO - Window 164 complete. Train LL: -1001.5186
2025-10-04 22:56:38,923 - INFO - Training window 165: 2019-11-15 to 2020-11-02
2025-10-04 22:56:38,937 - INFO - Fitting HMM with 3 states on 252 samples
2025-10-04 22:56:38,937 - INFO - Fitting HMM model with 3 states
2025-10-04 22:56:39,044 - INFO - Model fitted. Log-likelihood: -992.1405
2025-10-04 22:56:39,053 - INFO - Saved model artifact: models\hmm_EUR_USD_3_win252_end20201102.joblib
2025-10-04 22:56:39,054 - INFO - Window 165 complete. Train LL: -992.1405
2025-10-04 22:56:39,054 - INFO - Training window 166: 2019-12-16 to 2020-12-01
2025-10-04 22:56:39,070 - INFO - Fitting HMM with 3 states on 252 samples
2025-10-04 22:56:39,070 - INFO - Fitting HMM model with 3 states
2025-10-04 22:56:39,125 - INFO - Model fitted. Log-likelihood: -1025.0686
2025-10-04 22:56:39,137 - INFO - Saved model artifact: models\hmm_EUR_USD_3_win252_end20201201.joblib
2025-10-04 22:56:39,138 - INFO - Window 166 complete. Train LL: -1025.0686
2025-10-04 22:56:39,138 - INFO - Training window 167: 2020-01-14 to 2020-12-30
2025-10-04 22:56:39,154 - INFO - Fitting HMM with 3 states on 252 samples
2025-10-04 22:56:39,154 - INFO - Fitting HMM model with 3 states
2025-10-04 22:56:39,298 - INFO - Model fitted. Log-likelihood: -1302.1624
2025-10-04 22:56:39,306 - INFO - Saved model artifact: models\hmm_EUR_USD_3_win252_end20201230.joblib
2025-10-04 22:56:39,306 - INFO - Window 167 complete. Train LL: -1302.1624
2025-10-04 22:56:39,306 - INFO - Training window 168: 2020-02-12 to 2021-01-28
2025-10-04 22:56:39,320 - INFO - Fitting HMM with 3 states on 252 samples
2025-10-04 22:56:39,320 - INFO - Fitting HMM model with 3 states
2025-10-04 22:56:39,408 - INFO - Model fitted. Log-likelihood: -1006.9528
2025-10-04 22:56:39,418 - INFO - Saved model artifact: models\hmm_EUR_USD_3_win252_end20210128.joblib
2025-10-04 22:56:39,418 - INFO - Window 168 complete. Train LL: -1006.9528
2025-10-04 22:56:39,419 - INFO - Training window 169: 2020-03-12 to 2021-02-26
2025-10-04 22:56:39,434 - INFO - Fitting HMM with 3 states on 252 samples
2025-10-04 22:56:39,434 - INFO - Fitting HMM model with 3 states
2025-10-04 22:56:39,481 - INFO - Model fitted. Log-likelihood: -949.2437
2025-10-04 22:56:39,496 - INFO - Saved model artifact: models\hmm_EUR_USD_3_win252_end20210226.joblib
2025-10-04 22:56:39,496 - INFO - Window 169 complete. Train LL: -949.2437
2025-10-04 22:56:39,497 - INFO - Training window 170: 2020-04-10 to 2021-03-29
2025-10-04 22:56:39,509 - INFO - Fitting HMM with 3 states on 252 samples
2025-10-04 22:56:39,509 - INFO - Fitting HMM model with 3 states
2025-10-04 22:56:39,563 - INFO - Model fitted. Log-likelihood: -1139.2971
2025-10-04 22:56:39,577 - INFO - Saved model artifact: models\hmm_EUR_USD_3_win252_end20210329.joblib
2025-10-04 22:56:39,577 - INFO - Window 170 complete. Train LL: -1139.2971
2025-10-04 22:56:39,578 - INFO - Training window 171: 2020-05-11 to 2021-04-27
2025-10-04 22:56:39,595 - INFO - Fitting HMM with 3 states on 252 samples
2025-10-04 22:56:39,596 - INFO - Fitting HMM model with 3 states
2025-10-04 22:56:39,660 - INFO - Model fitted. Log-likelihood: -1160.8229
2025-10-04 22:56:39,673 - INFO - Saved model artifact: models\hmm_EUR_USD_3_win252_end20210427.joblib
2025-10-04 22:56:39,673 - INFO - Window 171 complete. Train LL: -1160.8229
2025-10-04 22:56:39,673 - INFO - Training window 172: 2020-06-09 to 2021-05-26
2025-10-04 22:56:39,688 - INFO - Fitting HMM with 3 states on 252 samples
2025-10-04 22:56:39,689 - INFO - Fitting HMM model with 3 states
2025-10-04 22:56:39,805 - INFO - Model fitted. Log-likelihood: -1200.4702
2025-10-04 22:56:39,813 - INFO - Saved model artifact: models\hmm_EUR_USD_3_win252_end20210526.joblib
2025-10-04 22:56:39,813 - INFO - Window 172 complete. Train LL: -1200.4702
2025-10-04 22:56:39,815 - INFO - Training window 173: 2020-07-08 to 2021-06-24
2025-10-04 22:56:39,827 - INFO - Fitting HMM with 3 states on 252 samples
2025-10-04 22:56:39,827 - INFO - Fitting HMM model with 3 states
2025-10-04 22:56:39,886 - INFO - Model fitted. Log-likelihood: -1199.7715
2025-10-04 22:56:39,894 - INFO - Saved model artifact: models\hmm_EUR_USD_3_win252_end20210624.joblib
2025-10-04 22:56:39,895 - INFO - Window 173 complete. Train LL: -1199.7715
2025-10-04 22:56:39,895 - INFO - Training window 174: 2020-08-06 to 2021-07-23
2025-10-04 22:56:39,907 - INFO - Fitting HMM with 3 states on 252 samples
2025-10-04 22:56:39,907 - INFO - Fitting HMM model with 3 states
2025-10-04 22:56:40,007 - INFO - Model fitted. Log-likelihood: -1270.9480
2025-10-04 22:56:40,018 - INFO - Saved model artifact: models\hmm_EUR_USD_3_win252_end20210723.joblib
2025-10-04 22:56:40,018 - INFO - Window 174 complete. Train LL: -1270.9480
2025-10-04 22:56:40,019 - INFO - Training window 175: 2020-09-04 to 2021-08-23
2025-10-04 22:56:40,029 - INFO - Fitting HMM with 3 states on 252 samples
2025-10-04 22:56:40,029 - INFO - Fitting HMM model with 3 states
2025-10-04 22:56:40,134 - INFO - Model fitted. Log-likelihood: -1322.1961
2025-10-04 22:56:40,148 - INFO - Saved model artifact: models\hmm_EUR_USD_3_win252_end20210823.joblib
2025-10-04 22:56:40,148 - INFO - Window 175 complete. Train LL: -1322.1961
2025-10-04 22:56:40,149 - INFO - Training window 176: 2020-10-05 to 2021-09-21
2025-10-04 22:56:40,161 - INFO - Fitting HMM with 3 states on 252 samples
2025-10-04 22:56:40,161 - INFO - Fitting HMM model with 3 states
2025-10-04 22:56:40,253 - INFO - Model fitted. Log-likelihood: -1244.0947
2025-10-04 22:56:40,266 - INFO - Saved model artifact: models\hmm_EUR_USD_3_win252_end20210921.joblib
2025-10-04 22:56:40,267 - INFO - Window 176 complete. Train LL: -1244.0947
2025-10-04 22:56:40,268 - INFO - Training window 177: 2020-11-03 to 2021-10-20
2025-10-04 22:56:40,278 - INFO - Fitting HMM with 3 states on 252 samples
2025-10-04 22:56:40,279 - INFO - Fitting HMM model with 3 states
2025-10-04 22:56:40,411 - INFO - Model fitted. Log-likelihood: -1298.7769
2025-10-04 22:56:40,424 - INFO - Saved model artifact: models\hmm_EUR_USD_3_win252_end20211020.joblib
2025-10-04 22:56:40,424 - INFO - Window 177 complete. Train LL: -1298.7769
2025-10-04 22:56:40,425 - INFO - Training window 178: 2020-12-02 to 2021-11-18
2025-10-04 22:56:40,439 - INFO - Fitting HMM with 3 states on 252 samples
2025-10-04 22:56:40,439 - INFO - Fitting HMM model with 3 states
2025-10-04 22:56:40,521 - INFO - Model fitted. Log-likelihood: -1249.3072
2025-10-04 22:56:40,529 - INFO - Saved model artifact: models\hmm_EUR_USD_3_win252_end20211118.joblib
2025-10-04 22:56:40,530 - INFO - Window 178 complete. Train LL: -1249.3072
2025-10-04 22:56:40,532 - INFO - Training window 179: 2020-12-31 to 2021-12-17
2025-10-04 22:56:40,542 - INFO - Fitting HMM with 3 states on 252 samples
2025-10-04 22:56:40,543 - INFO - Fitting HMM model with 3 states
2025-10-04 22:56:40,616 - WARNING - Model is not converging.  Current: -1265.8576532014672 is not greater than -1265.8576152427906. Delta is -3.795867655753682e-05
2025-10-04 22:56:40,618 - INFO - Model fitted. Log-likelihood: -1265.8577
2025-10-04 22:56:40,631 - INFO - Saved model artifact: models\hmm_EUR_USD_3_win252_end20211217.joblib
2025-10-04 22:56:40,633 - INFO - Window 179 complete. Train LL: -1265.8577
2025-10-04 22:56:40,633 - INFO - Training window 180: 2021-01-29 to 2022-01-17
2025-10-04 22:56:40,644 - INFO - Fitting HMM with 3 states on 252 samples
2025-10-04 22:56:40,644 - INFO - Fitting HMM model with 3 states
2025-10-04 22:56:40,692 - INFO - Model fitted. Log-likelihood: -1140.6561
2025-10-04 22:56:40,705 - INFO - Saved model artifact: models\hmm_EUR_USD_3_win252_end20220117.joblib
2025-10-04 22:56:40,705 - INFO - Window 180 complete. Train LL: -1140.6561
2025-10-04 22:56:40,706 - INFO - Training window 181: 2021-03-01 to 2022-02-15
2025-10-04 22:56:40,717 - INFO - Fitting HMM with 3 states on 252 samples
2025-10-04 22:56:40,718 - INFO - Fitting HMM model with 3 states
2025-10-04 22:56:40,775 - INFO - Model fitted. Log-likelihood: -1150.6112
2025-10-04 22:56:40,788 - INFO - Saved model artifact: models\hmm_EUR_USD_3_win252_end20220215.joblib
2025-10-04 22:56:40,789 - INFO - Window 181 complete. Train LL: -1150.6112
2025-10-04 22:56:40,789 - INFO - Training window 182: 2021-03-30 to 2022-03-16
2025-10-04 22:56:40,799 - INFO - Fitting HMM with 3 states on 252 samples
2025-10-04 22:56:40,800 - INFO - Fitting HMM model with 3 states
2025-10-04 22:56:40,848 - INFO - Model fitted. Log-likelihood: -1118.0350
2025-10-04 22:56:40,862 - INFO - Saved model artifact: models\hmm_EUR_USD_3_win252_end20220316.joblib
2025-10-04 22:56:40,862 - INFO - Window 182 complete. Train LL: -1118.0350
2025-10-04 22:56:40,863 - INFO - Training window 183: 2021-04-28 to 2022-04-14
2025-10-04 22:56:40,875 - INFO - Fitting HMM with 3 states on 252 samples
2025-10-04 22:56:40,875 - INFO - Fitting HMM model with 3 states
2025-10-04 22:56:40,960 - INFO - Model fitted. Log-likelihood: -1204.2022
2025-10-04 22:56:40,972 - INFO - Saved model artifact: models\hmm_EUR_USD_3_win252_end20220414.joblib
2025-10-04 22:56:40,972 - INFO - Window 183 complete. Train LL: -1204.2022
2025-10-04 22:56:40,973 - INFO - Training window 184: 2021-05-27 to 2022-05-13
2025-10-04 22:56:40,986 - INFO - Fitting HMM with 3 states on 252 samples
2025-10-04 22:56:40,986 - INFO - Fitting HMM model with 3 states
2025-10-04 22:56:41,049 - INFO - Model fitted. Log-likelihood: -1201.2296
2025-10-04 22:56:41,060 - INFO - Saved model artifact: models\hmm_EUR_USD_3_win252_end20220513.joblib
2025-10-04 22:56:41,061 - INFO - Window 184 complete. Train LL: -1201.2296
2025-10-04 22:56:41,061 - INFO - Training window 185: 2021-06-25 to 2022-06-13
2025-10-04 22:56:41,074 - INFO - Fitting HMM with 3 states on 252 samples
2025-10-04 22:56:41,075 - INFO - Fitting HMM model with 3 states
2025-10-04 22:56:41,186 - INFO - Model fitted. Log-likelihood: -1130.3113
2025-10-04 22:56:41,194 - INFO - Saved model artifact: models\hmm_EUR_USD_3_win252_end20220613.joblib
2025-10-04 22:56:41,194 - INFO - Window 185 complete. Train LL: -1130.3113
2025-10-04 22:56:41,194 - INFO - Training window 186: 2021-07-26 to 2022-07-12
2025-10-04 22:56:41,208 - INFO - Fitting HMM with 3 states on 252 samples
2025-10-04 22:56:41,209 - INFO - Fitting HMM model with 3 states
2025-10-04 22:56:41,326 - INFO - Model fitted. Log-likelihood: -1182.8153
2025-10-04 22:56:41,336 - INFO - Saved model artifact: models\hmm_EUR_USD_3_win252_end20220712.joblib
2025-10-04 22:56:41,336 - INFO - Window 186 complete. Train LL: -1182.8153
2025-10-04 22:56:41,336 - INFO - Training window 187: 2021-08-24 to 2022-08-10
2025-10-04 22:56:41,349 - INFO - Fitting HMM with 3 states on 252 samples
2025-10-04 22:56:41,350 - INFO - Fitting HMM model with 3 states
2025-10-04 22:56:41,421 - INFO - Model fitted. Log-likelihood: -1097.6367
2025-10-04 22:56:41,429 - INFO - Saved model artifact: models\hmm_EUR_USD_3_win252_end20220810.joblib
2025-10-04 22:56:41,430 - INFO - Window 187 complete. Train LL: -1097.6367
2025-10-04 22:56:41,432 - INFO - Training window 188: 2021-09-22 to 2022-09-08
2025-10-04 22:56:41,441 - INFO - Fitting HMM with 3 states on 252 samples
2025-10-04 22:56:41,442 - INFO - Fitting HMM model with 3 states
2025-10-04 22:56:41,531 - INFO - Model fitted. Log-likelihood: -1272.8036
2025-10-04 22:56:41,541 - INFO - Saved model artifact: models\hmm_EUR_USD_3_win252_end20220908.joblib
2025-10-04 22:56:41,541 - INFO - Window 188 complete. Train LL: -1272.8036
2025-10-04 22:56:41,541 - INFO - Training window 189: 2021-10-21 to 2022-10-07
2025-10-04 22:56:41,553 - INFO - Fitting HMM with 3 states on 252 samples
2025-10-04 22:56:41,554 - INFO - Fitting HMM model with 3 states
2025-10-04 22:56:41,742 - INFO - Model fitted. Log-likelihood: -1287.0970
2025-10-04 22:56:41,751 - INFO - Saved model artifact: models\hmm_EUR_USD_3_win252_end20221007.joblib
2025-10-04 22:56:41,752 - INFO - Window 189 complete. Train LL: -1287.0970
2025-10-04 22:56:41,752 - INFO - Training window 190: 2021-11-19 to 2022-11-07
2025-10-04 22:56:41,765 - INFO - Fitting HMM with 3 states on 252 samples
2025-10-04 22:56:41,767 - INFO - Fitting HMM model with 3 states
2025-10-04 22:56:41,835 - INFO - Model fitted. Log-likelihood: -1255.2002
2025-10-04 22:56:41,842 - INFO - Saved model artifact: models\hmm_EUR_USD_3_win252_end20221107.joblib
2025-10-04 22:56:41,843 - INFO - Window 190 complete. Train LL: -1255.2002
2025-10-04 22:56:41,843 - INFO - Training window 191: 2021-12-20 to 2022-12-06
2025-10-04 22:56:41,858 - INFO - Fitting HMM with 3 states on 252 samples
2025-10-04 22:56:41,859 - INFO - Fitting HMM model with 3 states
2025-10-04 22:56:41,963 - INFO - Model fitted. Log-likelihood: -1292.6951
2025-10-04 22:56:41,972 - INFO - Saved model artifact: models\hmm_EUR_USD_3_win252_end20221206.joblib
2025-10-04 22:56:41,972 - INFO - Window 191 complete. Train LL: -1292.6951
2025-10-04 22:56:41,973 - INFO - Training window 192: 2022-01-18 to 2023-01-04
2025-10-04 22:56:41,988 - INFO - Fitting HMM with 3 states on 252 samples
2025-10-04 22:56:41,988 - INFO - Fitting HMM model with 3 states
2025-10-04 22:56:42,044 - INFO - Model fitted. Log-likelihood: -1238.8189
2025-10-04 22:56:42,053 - INFO - Saved model artifact: models\hmm_EUR_USD_3_win252_end20230104.joblib
2025-10-04 22:56:42,054 - INFO - Window 192 complete. Train LL: -1238.8189
2025-10-04 22:56:42,054 - INFO - Training window 193: 2022-02-16 to 2023-02-02
2025-10-04 22:56:42,071 - INFO - Fitting HMM with 3 states on 252 samples
2025-10-04 22:56:42,072 - INFO - Fitting HMM model with 3 states
2025-10-04 22:56:42,112 - INFO - Model fitted. Log-likelihood: -1219.3085
2025-10-04 22:56:42,175 - INFO - Saved model artifact: models\hmm_EUR_USD_3_win252_end20230202.joblib
2025-10-04 22:56:42,204 - INFO - Window 193 complete. Train LL: -1219.3085
2025-10-04 22:56:42,231 - INFO - Training window 194: 2022-03-17 to 2023-03-03
2025-10-04 22:56:42,274 - INFO - Fitting HMM with 3 states on 252 samples
2025-10-04 22:56:42,275 - INFO - Fitting HMM model with 3 states
2025-10-04 22:56:42,366 - INFO - Model fitted. Log-likelihood: -1236.6406
2025-10-04 22:56:42,375 - INFO - Saved model artifact: models\hmm_EUR_USD_3_win252_end20230303.joblib
2025-10-04 22:56:42,375 - INFO - Window 194 complete. Train LL: -1236.6406
2025-10-04 22:56:42,376 - INFO - Training window 195: 2022-04-15 to 2023-04-03
2025-10-04 22:56:42,389 - INFO - Fitting HMM with 3 states on 252 samples
2025-10-04 22:56:42,389 - INFO - Fitting HMM model with 3 states
2025-10-04 22:56:42,441 - INFO - Model fitted. Log-likelihood: -1213.9129
2025-10-04 22:56:42,452 - INFO - Saved model artifact: models\hmm_EUR_USD_3_win252_end20230403.joblib
2025-10-04 22:56:42,452 - INFO - Window 195 complete. Train LL: -1213.9129
2025-10-04 22:56:42,453 - INFO - Training window 196: 2022-05-16 to 2023-05-02
2025-10-04 22:56:42,461 - INFO - Fitting HMM with 3 states on 252 samples
2025-10-04 22:56:42,462 - INFO - Fitting HMM model with 3 states
2025-10-04 22:56:42,551 - INFO - Model fitted. Log-likelihood: -1187.0585
2025-10-04 22:56:42,567 - INFO - Saved model artifact: models\hmm_EUR_USD_3_win252_end20230502.joblib
2025-10-04 22:56:42,568 - INFO - Window 196 complete. Train LL: -1187.0585
2025-10-04 22:56:42,569 - INFO - Training window 197: 2022-06-14 to 2023-05-31
2025-10-04 22:56:42,588 - INFO - Fitting HMM with 3 states on 252 samples
2025-10-04 22:56:42,588 - INFO - Fitting HMM model with 3 states
2025-10-04 22:56:42,689 - INFO - Model fitted. Log-likelihood: -1196.0007
2025-10-04 22:56:42,702 - INFO - Saved model artifact: models\hmm_EUR_USD_3_win252_end20230531.joblib
2025-10-04 22:56:42,702 - INFO - Window 197 complete. Train LL: -1196.0007
2025-10-04 22:56:42,703 - INFO - Training window 198: 2022-07-13 to 2023-06-29
2025-10-04 22:56:42,716 - INFO - Fitting HMM with 3 states on 252 samples
2025-10-04 22:56:42,718 - INFO - Fitting HMM model with 3 states
2025-10-04 22:56:42,770 - INFO - Model fitted. Log-likelihood: -1178.6697
2025-10-04 22:56:42,778 - INFO - Saved model artifact: models\hmm_EUR_USD_3_win252_end20230629.joblib
2025-10-04 22:56:42,779 - INFO - Window 198 complete. Train LL: -1178.6697
2025-10-04 22:56:42,779 - INFO - Training window 199: 2022-08-11 to 2023-07-28
2025-10-04 22:56:42,791 - INFO - Fitting HMM with 3 states on 252 samples
2025-10-04 22:56:42,791 - INFO - Fitting HMM model with 3 states
2025-10-04 22:56:42,842 - INFO - Model fitted. Log-likelihood: -1169.0205
2025-10-04 22:56:42,856 - INFO - Saved model artifact: models\hmm_EUR_USD_3_win252_end20230728.joblib
2025-10-04 22:56:42,856 - INFO - Window 199 complete. Train LL: -1169.0205
2025-10-04 22:56:42,857 - INFO - Training window 200: 2022-09-09 to 2023-08-28
2025-10-04 22:56:42,873 - INFO - Fitting HMM with 3 states on 252 samples
2025-10-04 22:56:42,874 - INFO - Fitting HMM model with 3 states
2025-10-04 22:56:42,929 - INFO - Model fitted. Log-likelihood: -1253.9914
2025-10-04 22:56:42,943 - INFO - Saved model artifact: models\hmm_EUR_USD_3_win252_end20230828.joblib
2025-10-04 22:56:42,944 - INFO - Window 200 complete. Train LL: -1253.9914
2025-10-04 22:56:42,944 - INFO - Training window 201: 2022-10-10 to 2023-09-26
2025-10-04 22:56:42,959 - INFO - Fitting HMM with 3 states on 252 samples
2025-10-04 22:56:42,960 - INFO - Fitting HMM model with 3 states
2025-10-04 22:56:43,011 - INFO - Model fitted. Log-likelihood: -1064.8824
2025-10-04 22:56:43,025 - INFO - Saved model artifact: models\hmm_EUR_USD_3_win252_end20230926.joblib
2025-10-04 22:56:43,025 - INFO - Window 201 complete. Train LL: -1064.8824
2025-10-04 22:56:43,026 - INFO - Training window 202: 2022-11-08 to 2023-10-25
2025-10-04 22:56:43,043 - INFO - Fitting HMM with 3 states on 252 samples
2025-10-04 22:56:43,043 - INFO - Fitting HMM model with 3 states
2025-10-04 22:56:43,098 - INFO - Model fitted. Log-likelihood: -1074.9710
2025-10-04 22:56:43,113 - INFO - Saved model artifact: models\hmm_EUR_USD_3_win252_end20231025.joblib
2025-10-04 22:56:43,114 - INFO - Window 202 complete. Train LL: -1074.9710
2025-10-04 22:56:43,115 - INFO - Training window 203: 2022-12-07 to 2023-11-23
2025-10-04 22:56:43,127 - INFO - Fitting HMM with 3 states on 252 samples
2025-10-04 22:56:43,127 - INFO - Fitting HMM model with 3 states
2025-10-04 22:56:43,218 - INFO - Model fitted. Log-likelihood: -1258.5556
2025-10-04 22:56:43,230 - INFO - Saved model artifact: models\hmm_EUR_USD_3_win252_end20231123.joblib
2025-10-04 22:56:43,230 - INFO - Window 203 complete. Train LL: -1258.5556
2025-10-04 22:56:43,231 - INFO - Training window 204: 2023-01-05 to 2023-12-22
2025-10-04 22:56:43,246 - INFO - Fitting HMM with 3 states on 252 samples
2025-10-04 22:56:43,246 - INFO - Fitting HMM model with 3 states
2025-10-04 22:56:43,306 - INFO - Model fitted. Log-likelihood: -1240.4384
2025-10-04 22:56:43,315 - INFO - Saved model artifact: models\hmm_EUR_USD_3_win252_end20231222.joblib
2025-10-04 22:56:43,316 - INFO - Window 204 complete. Train LL: -1240.4384
2025-10-04 22:56:43,316 - INFO - Training window 205: 2023-02-03 to 2024-01-22
2025-10-04 22:56:43,328 - INFO - Fitting HMM with 3 states on 252 samples
2025-10-04 22:56:43,328 - INFO - Fitting HMM model with 3 states
2025-10-04 22:56:43,391 - INFO - Model fitted. Log-likelihood: -1221.2787
2025-10-04 22:56:43,402 - INFO - Saved model artifact: models\hmm_EUR_USD_3_win252_end20240122.joblib
2025-10-04 22:56:43,402 - INFO - Window 205 complete. Train LL: -1221.2787
2025-10-04 22:56:43,403 - INFO - Training window 206: 2023-03-06 to 2024-02-20
2025-10-04 22:56:43,411 - INFO - Fitting HMM with 3 states on 252 samples
2025-10-04 22:56:43,411 - INFO - Fitting HMM model with 3 states
2025-10-04 22:56:43,477 - INFO - Model fitted. Log-likelihood: -1201.6561
2025-10-04 22:56:43,486 - INFO - Saved model artifact: models\hmm_EUR_USD_3_win252_end20240220.joblib
2025-10-04 22:56:43,487 - INFO - Window 206 complete. Train LL: -1201.6561
2025-10-04 22:56:43,487 - INFO - Training window 207: 2023-04-04 to 2024-03-20
2025-10-04 22:56:43,499 - INFO - Fitting HMM with 3 states on 252 samples
2025-10-04 22:56:43,500 - INFO - Fitting HMM model with 3 states
2025-10-04 22:56:43,569 - INFO - Model fitted. Log-likelihood: -1374.0537
2025-10-04 22:56:43,577 - INFO - Saved model artifact: models\hmm_EUR_USD_3_win252_end20240320.joblib
2025-10-04 22:56:43,577 - INFO - Window 207 complete. Train LL: -1374.0537
2025-10-04 22:56:43,578 - INFO - Training window 208: 2023-05-03 to 2024-04-18
2025-10-04 22:56:43,591 - INFO - Fitting HMM with 3 states on 252 samples
2025-10-04 22:56:43,591 - INFO - Fitting HMM model with 3 states
2025-10-04 22:56:43,652 - INFO - Model fitted. Log-likelihood: -1174.9762
2025-10-04 22:56:43,660 - INFO - Saved model artifact: models\hmm_EUR_USD_3_win252_end20240418.joblib
2025-10-04 22:56:43,660 - INFO - Window 208 complete. Train LL: -1174.9762
2025-10-04 22:56:43,661 - INFO - Training window 209: 2023-06-01 to 2024-05-17
2025-10-04 22:56:43,672 - INFO - Fitting HMM with 3 states on 252 samples
2025-10-04 22:56:43,673 - INFO - Fitting HMM model with 3 states
2025-10-04 22:56:43,735 - INFO - Model fitted. Log-likelihood: -1145.6451
2025-10-04 22:56:43,744 - INFO - Saved model artifact: models\hmm_EUR_USD_3_win252_end20240517.joblib
2025-10-04 22:56:43,744 - INFO - Window 209 complete. Train LL: -1145.6451
2025-10-04 22:56:43,745 - INFO - Training window 210: 2023-06-30 to 2024-06-17
2025-10-04 22:56:43,762 - INFO - Fitting HMM with 3 states on 252 samples
2025-10-04 22:56:43,762 - INFO - Fitting HMM model with 3 states
2025-10-04 22:56:43,803 - INFO - Model fitted. Log-likelihood: -1098.4489
2025-10-04 22:56:43,811 - INFO - Saved model artifact: models\hmm_EUR_USD_3_win252_end20240617.joblib
2025-10-04 22:56:43,812 - INFO - Window 210 complete. Train LL: -1098.4489
2025-10-04 22:56:43,812 - INFO - Training window 211: 2023-07-31 to 2024-07-16
2025-10-04 22:56:43,825 - INFO - Fitting HMM with 3 states on 252 samples
2025-10-04 22:56:43,825 - INFO - Fitting HMM model with 3 states
2025-10-04 22:56:43,888 - INFO - Model fitted. Log-likelihood: -1325.0953
2025-10-04 22:56:43,896 - INFO - Saved model artifact: models\hmm_EUR_USD_3_win252_end20240716.joblib
2025-10-04 22:56:43,897 - INFO - Window 211 complete. Train LL: -1325.0953
2025-10-04 22:56:43,899 - INFO - Training window 212: 2023-08-29 to 2024-08-14
2025-10-04 22:56:43,913 - INFO - Fitting HMM with 3 states on 252 samples
2025-10-04 22:56:43,916 - INFO - Fitting HMM model with 3 states
2025-10-04 22:56:43,985 - INFO - Model fitted. Log-likelihood: -1241.2716
2025-10-04 22:56:43,994 - INFO - Saved model artifact: models\hmm_EUR_USD_3_win252_end20240814.joblib
2025-10-04 22:56:43,995 - INFO - Window 212 complete. Train LL: -1241.2716
2025-10-04 22:56:43,995 - INFO - Training window 213: 2023-09-27 to 2024-09-12
2025-10-04 22:56:44,009 - INFO - Fitting HMM with 3 states on 252 samples
2025-10-04 22:56:44,009 - INFO - Fitting HMM model with 3 states
2025-10-04 22:56:44,061 - INFO - Model fitted. Log-likelihood: -1138.6575
2025-10-04 22:56:44,074 - INFO - Saved model artifact: models\hmm_EUR_USD_3_win252_end20240912.joblib
2025-10-04 22:56:44,075 - INFO - Window 213 complete. Train LL: -1138.6575
2025-10-04 22:56:44,075 - INFO - Training window 214: 2023-10-26 to 2024-10-11
2025-10-04 22:56:44,092 - INFO - Fitting HMM with 3 states on 252 samples
2025-10-04 22:56:44,093 - INFO - Fitting HMM model with 3 states
2025-10-04 22:56:44,166 - INFO - Model fitted. Log-likelihood: -1142.9646
2025-10-04 22:56:44,174 - INFO - Saved model artifact: models\hmm_EUR_USD_3_win252_end20241011.joblib
2025-10-04 22:56:44,174 - INFO - Window 214 complete. Train LL: -1142.9646
2025-10-04 22:56:44,174 - INFO - Training window 215: 2023-11-24 to 2024-11-11
2025-10-04 22:56:44,189 - INFO - Fitting HMM with 3 states on 252 samples
2025-10-04 22:56:44,189 - INFO - Fitting HMM model with 3 states
2025-10-04 22:56:44,263 - INFO - Model fitted. Log-likelihood: -1203.8490
2025-10-04 22:56:44,272 - INFO - Saved model artifact: models\hmm_EUR_USD_3_win252_end20241111.joblib
2025-10-04 22:56:44,272 - INFO - Window 215 complete. Train LL: -1203.8490
2025-10-04 22:56:44,273 - INFO - Training window 216: 2023-12-25 to 2024-12-10
2025-10-04 22:56:44,287 - INFO - Fitting HMM with 3 states on 252 samples
2025-10-04 22:56:44,288 - INFO - Fitting HMM model with 3 states
2025-10-04 22:56:44,342 - INFO - Model fitted. Log-likelihood: -1199.9275
2025-10-04 22:56:44,354 - INFO - Saved model artifact: models\hmm_EUR_USD_3_win252_end20241210.joblib
2025-10-04 22:56:44,355 - INFO - Window 216 complete. Train LL: -1199.9275
2025-10-04 22:56:44,355 - INFO - Training window 217: 2024-01-23 to 2025-01-08
2025-10-04 22:56:44,365 - INFO - Fitting HMM with 3 states on 252 samples
2025-10-04 22:56:44,366 - INFO - Fitting HMM model with 3 states
2025-10-04 22:56:44,409 - INFO - Model fitted. Log-likelihood: -1204.2041
2025-10-04 22:56:44,422 - INFO - Saved model artifact: models\hmm_EUR_USD_3_win252_end20250108.joblib
2025-10-04 22:56:44,422 - INFO - Window 217 complete. Train LL: -1204.2041
2025-10-04 22:56:44,423 - INFO - Training window 218: 2024-02-21 to 2025-02-06
2025-10-04 22:56:44,436 - INFO - Fitting HMM with 3 states on 252 samples
2025-10-04 22:56:44,436 - INFO - Fitting HMM model with 3 states
2025-10-04 22:56:44,516 - INFO - Model fitted. Log-likelihood: -1249.8556
2025-10-04 22:56:44,525 - INFO - Saved model artifact: models\hmm_EUR_USD_3_win252_end20250206.joblib
2025-10-04 22:56:44,526 - INFO - Window 218 complete. Train LL: -1249.8556
2025-10-04 22:56:44,526 - INFO - Training window 219: 2024-03-21 to 2025-03-07
2025-10-04 22:56:44,541 - INFO - Fitting HMM with 3 states on 252 samples
2025-10-04 22:56:44,542 - INFO - Fitting HMM model with 3 states
2025-10-04 22:56:44,607 - INFO - Model fitted. Log-likelihood: -1234.7729
2025-10-04 22:56:44,620 - INFO - Saved model artifact: models\hmm_EUR_USD_3_win252_end20250307.joblib
2025-10-04 22:56:44,621 - INFO - Window 219 complete. Train LL: -1234.7729
2025-10-04 22:56:44,621 - INFO - Training window 220: 2024-04-19 to 2025-04-07
2025-10-04 22:56:44,634 - INFO - Fitting HMM with 3 states on 252 samples
2025-10-04 22:56:44,635 - INFO - Fitting HMM model with 3 states
2025-10-04 22:56:44,707 - INFO - Model fitted. Log-likelihood: -1191.1176
2025-10-04 22:56:44,717 - INFO - Saved model artifact: models\hmm_EUR_USD_3_win252_end20250407.joblib
2025-10-04 22:56:44,718 - INFO - Window 220 complete. Train LL: -1191.1176
2025-10-04 22:56:44,719 - INFO - Training window 221: 2024-05-20 to 2025-05-06
2025-10-04 22:56:44,738 - INFO - Fitting HMM with 3 states on 252 samples
2025-10-04 22:56:44,738 - INFO - Fitting HMM model with 3 states
2025-10-04 22:56:44,903 - INFO - Model fitted. Log-likelihood: -1099.4837
2025-10-04 22:56:44,912 - INFO - Saved model artifact: models\hmm_EUR_USD_3_win252_end20250506.joblib
2025-10-04 22:56:44,915 - INFO - Window 221 complete. Train LL: -1099.4837
2025-10-04 22:56:44,915 - INFO - Training window 222: 2024-06-18 to 2025-06-04
2025-10-04 22:56:44,924 - INFO - Fitting HMM with 3 states on 252 samples
2025-10-04 22:56:44,925 - INFO - Fitting HMM model with 3 states
2025-10-04 22:56:44,987 - INFO - Model fitted. Log-likelihood: -1184.3670
2025-10-04 22:56:44,995 - INFO - Saved model artifact: models\hmm_EUR_USD_3_win252_end20250604.joblib
2025-10-04 22:56:44,995 - INFO - Window 222 complete. Train LL: -1184.3670
2025-10-04 22:56:44,996 - INFO - Training window 223: 2024-07-17 to 2025-07-03
2025-10-04 22:56:45,010 - INFO - Fitting HMM with 3 states on 252 samples
2025-10-04 22:56:45,010 - INFO - Fitting HMM model with 3 states
2025-10-04 22:56:45,083 - INFO - Model fitted. Log-likelihood: -1195.8122
2025-10-04 22:56:45,092 - INFO - Saved model artifact: models\hmm_EUR_USD_3_win252_end20250703.joblib
2025-10-04 22:56:45,092 - INFO - Window 223 complete. Train LL: -1195.8122
2025-10-04 22:56:45,092 - INFO - Training window 224: 2024-08-15 to 2025-08-01
2025-10-04 22:56:45,106 - INFO - Fitting HMM with 3 states on 252 samples
2025-10-04 22:56:45,106 - INFO - Fitting HMM model with 3 states
2025-10-04 22:56:45,203 - INFO - Model fitted. Log-likelihood: -1164.6932
2025-10-04 22:56:45,211 - INFO - Saved model artifact: models\hmm_EUR_USD_3_win252_end20250801.joblib
2025-10-04 22:56:45,211 - INFO - Window 224 complete. Train LL: -1164.6932
2025-10-04 22:56:45,211 - INFO - Training window 225: 2024-09-13 to 2025-09-01
2025-10-04 22:56:45,227 - INFO - Fitting HMM with 3 states on 252 samples
2025-10-04 22:56:45,227 - INFO - Fitting HMM model with 3 states
2025-10-04 22:56:45,292 - INFO - Model fitted. Log-likelihood: -1244.0944
2025-10-04 22:56:45,304 - INFO - Saved model artifact: models\hmm_EUR_USD_3_win252_end20250901.joblib
2025-10-04 22:56:45,305 - INFO - Window 225 complete. Train LL: -1244.0944
2025-10-04 22:56:45,305 - INFO - Insufficient data for window + validation at index 4725, stopping
2025-10-04 22:56:45,319 - INFO - Rolling training complete: 225/225 windows successful
2025-10-04 22:57:13,813 - INFO - Using hmmlearn backend for HMM
2025-10-04 22:57:13,908 - INFO - Training HMM models for EUR_USD
2025-10-04 22:57:13,908 - INFO - Fetching data for EUR_USD
2025-10-04 22:57:13,909 - INFO - Making API request (attempt 1/5)
2025-10-04 22:57:20,003 - INFO - Saved raw data: data\raw\EUR_USD\EUR_USD_20251004T225719Z.json
2025-10-04 22:57:21,654 - INFO - Saved processed data: data\raw\EUR_USD\EUR_USD_20251004T225719Z.csv and data\raw\EUR_USD\EUR_USD_20251004T225719Z.parquet
2025-10-04 22:57:21,655 - INFO - Data shape: (5000, 5), Date range: 2006-08-04 00:00:00 to 2025-10-03 00:00:00
2025-10-04 22:57:33,656 - INFO - Computing technical features
2025-10-04 22:57:33,674 - INFO - Features computed. Dropped 20 rows with NaN
2025-10-04 22:57:33,675 - INFO - Final feature matrix shape: (4980, 5)
2025-10-04 22:57:33,675 - INFO - Starting rolling HMM training for EUR_USD
2025-10-04 22:57:33,676 - INFO - Window size: 252, Step size: 21
2025-10-04 22:57:33,676 - INFO - Training data: 4980 samples from 2006-09-01 00:00:00 to 2025-10-03 00:00:00
2025-10-04 22:57:33,676 - INFO - Training window 1: 2006-09-01 to 2007-08-20
2025-10-04 22:57:33,689 - INFO - Fitting HMM with 3 states on 252 samples
2025-10-04 22:57:33,689 - INFO - Fitting HMM model with 3 states
2025-10-04 22:57:35,306 - INFO - Model fitted. Log-likelihood: -1160.5895
2025-10-04 22:57:35,317 - INFO - Saved model artifact: models\hmm_EUR_USD_3_win252_end20070820.joblib
2025-10-04 22:57:35,317 - INFO - Window 1 complete. Train LL: -1160.5895
2025-10-04 22:57:35,318 - INFO - Training window 2: 2006-10-02 to 2007-09-18
2025-10-04 22:57:35,333 - INFO - Fitting HMM with 3 states on 252 samples
2025-10-04 22:57:35,333 - INFO - Fitting HMM model with 3 states
2025-10-04 22:57:35,398 - INFO - Model fitted. Log-likelihood: -1158.7317
2025-10-04 22:57:35,408 - INFO - Saved model artifact: models\hmm_EUR_USD_3_win252_end20070918.joblib
2025-10-04 22:57:35,408 - INFO - Window 2 complete. Train LL: -1158.7317
2025-10-04 22:57:35,409 - INFO - Training window 3: 2006-10-31 to 2007-10-17
2025-10-04 22:57:35,421 - INFO - Fitting HMM with 3 states on 252 samples
2025-10-04 22:57:35,422 - INFO - Fitting HMM model with 3 states
2025-10-04 22:57:35,502 - INFO - Model fitted. Log-likelihood: -1266.2386
2025-10-04 22:57:35,516 - INFO - Saved model artifact: models\hmm_EUR_USD_3_win252_end20071017.joblib
2025-10-04 22:57:35,517 - INFO - Window 3 complete. Train LL: -1266.2386
2025-10-04 22:57:35,517 - INFO - Training window 4: 2006-11-29 to 2007-11-15
2025-10-04 22:57:35,525 - INFO - Fitting HMM with 3 states on 252 samples
2025-10-04 22:57:35,525 - INFO - Fitting HMM model with 3 states
2025-10-04 22:57:35,590 - INFO - Model fitted. Log-likelihood: -1266.8122
2025-10-04 22:57:35,603 - INFO - Saved model artifact: models\hmm_EUR_USD_3_win252_end20071115.joblib
2025-10-04 22:57:35,604 - INFO - Window 4 complete. Train LL: -1266.8122
2025-10-04 22:57:35,604 - INFO - Training window 5: 2006-12-28 to 2007-12-14
2025-10-04 22:57:35,621 - INFO - Fitting HMM with 3 states on 252 samples
2025-10-04 22:57:35,621 - INFO - Fitting HMM model with 3 states
2025-10-04 22:57:35,774 - INFO - Model fitted. Log-likelihood: -1166.5119
2025-10-04 22:57:35,802 - INFO - Saved model artifact: models\hmm_EUR_USD_3_win252_end20071214.joblib
2025-10-04 22:57:35,806 - INFO - Window 5 complete. Train LL: -1166.5119
2025-10-04 22:57:35,806 - INFO - Training window 6: 2007-01-26 to 2008-01-14
2025-10-04 22:57:35,835 - INFO - Fitting HMM with 3 states on 252 samples
2025-10-04 22:57:35,836 - INFO - Fitting HMM model with 3 states
2025-10-04 22:57:35,918 - INFO - Model fitted. Log-likelihood: -1162.8001
2025-10-04 22:57:35,926 - INFO - Saved model artifact: models\hmm_EUR_USD_3_win252_end20080114.joblib
2025-10-04 22:57:35,926 - INFO - Window 6 complete. Train LL: -1162.8001
2025-10-04 22:57:35,927 - INFO - Training window 7: 2007-02-26 to 2008-02-12
2025-10-04 22:57:35,939 - INFO - Fitting HMM with 3 states on 252 samples
2025-10-04 22:57:35,940 - INFO - Fitting HMM model with 3 states
2025-10-04 22:57:35,995 - INFO - Model fitted. Log-likelihood: -1120.5666
2025-10-04 22:57:36,004 - INFO - Saved model artifact: models\hmm_EUR_USD_3_win252_end20080212.joblib
2025-10-04 22:57:36,005 - INFO - Window 7 complete. Train LL: -1120.5666
2025-10-04 22:57:36,005 - INFO - Training window 8: 2007-03-27 to 2008-03-12
2025-10-04 22:57:36,022 - INFO - Fitting HMM with 3 states on 252 samples
2025-10-04 22:57:36,023 - INFO - Fitting HMM model with 3 states
2025-10-04 22:57:36,086 - INFO - Model fitted. Log-likelihood: -1090.6806
2025-10-04 22:57:36,098 - INFO - Saved model artifact: models\hmm_EUR_USD_3_win252_end20080312.joblib
2025-10-04 22:57:36,098 - INFO - Window 8 complete. Train LL: -1090.6806
2025-10-04 22:57:36,099 - INFO - Training window 9: 2007-04-25 to 2008-04-10
2025-10-04 22:57:36,110 - INFO - Fitting HMM with 3 states on 252 samples
2025-10-04 22:57:36,112 - INFO - Fitting HMM model with 3 states
2025-10-04 22:57:36,160 - INFO - Model fitted. Log-likelihood: -1117.1867
2025-10-04 22:57:36,174 - INFO - Saved model artifact: models\hmm_EUR_USD_3_win252_end20080410.joblib
2025-10-04 22:57:36,174 - INFO - Window 9 complete. Train LL: -1117.1867
2025-10-04 22:57:36,175 - INFO - Training window 10: 2007-05-24 to 2008-05-09
2025-10-04 22:57:36,191 - INFO - Fitting HMM with 3 states on 252 samples
2025-10-04 22:57:36,191 - INFO - Fitting HMM model with 3 states
2025-10-04 22:57:36,284 - INFO - Model fitted. Log-likelihood: -1102.7117
2025-10-04 22:57:36,296 - INFO - Saved model artifact: models\hmm_EUR_USD_3_win252_end20080509.joblib
2025-10-04 22:57:36,296 - INFO - Window 10 complete. Train LL: -1102.7117
2025-10-04 22:57:36,297 - INFO - Training window 11: 2007-06-22 to 2008-06-09
2025-10-04 22:57:36,306 - INFO - Fitting HMM with 3 states on 252 samples
2025-10-04 22:57:36,306 - INFO - Fitting HMM model with 3 states
2025-10-04 22:57:36,390 - INFO - Model fitted. Log-likelihood: -1185.0108
2025-10-04 22:57:36,401 - INFO - Saved model artifact: models\hmm_EUR_USD_3_win252_end20080609.joblib
2025-10-04 22:57:36,401 - INFO - Window 11 complete. Train LL: -1185.0108
2025-10-04 22:57:36,402 - INFO - Training window 12: 2007-07-23 to 2008-07-08
2025-10-04 22:57:36,418 - INFO - Fitting HMM with 3 states on 252 samples
2025-10-04 22:57:36,418 - INFO - Fitting HMM model with 3 states
2025-10-04 22:57:36,512 - INFO - Model fitted. Log-likelihood: -1252.5410
2025-10-04 22:57:36,520 - INFO - Saved model artifact: models\hmm_EUR_USD_3_win252_end20080708.joblib
2025-10-04 22:57:36,520 - INFO - Window 12 complete. Train LL: -1252.5410
2025-10-04 22:57:36,520 - INFO - Training window 13: 2007-08-21 to 2008-08-06
2025-10-04 22:57:36,532 - INFO - Fitting HMM with 3 states on 252 samples
2025-10-04 22:57:36,533 - INFO - Fitting HMM model with 3 states
2025-10-04 22:57:36,579 - INFO - Model fitted. Log-likelihood: -1261.3590
2025-10-04 22:57:36,592 - INFO - Saved model artifact: models\hmm_EUR_USD_3_win252_end20080806.joblib
2025-10-04 22:57:36,592 - INFO - Window 13 complete. Train LL: -1261.3590
2025-10-04 22:57:36,593 - INFO - Training window 14: 2007-09-19 to 2008-09-04
2025-10-04 22:57:36,605 - INFO - Fitting HMM with 3 states on 252 samples
2025-10-04 22:57:36,605 - INFO - Fitting HMM model with 3 states
2025-10-04 22:57:36,690 - INFO - Model fitted. Log-likelihood: -1134.4088
2025-10-04 22:57:36,700 - INFO - Saved model artifact: models\hmm_EUR_USD_3_win252_end20080904.joblib
2025-10-04 22:57:36,700 - INFO - Window 14 complete. Train LL: -1134.4088
2025-10-04 22:57:36,701 - INFO - Training window 15: 2007-10-18 to 2008-10-03
2025-10-04 22:57:36,719 - INFO - Fitting HMM with 3 states on 252 samples
2025-10-04 22:57:36,719 - INFO - Fitting HMM model with 3 states
2025-10-04 22:57:36,764 - INFO - Model fitted. Log-likelihood: -1175.0921
2025-10-04 22:57:36,773 - INFO - Saved model artifact: models\hmm_EUR_USD_3_win252_end20081003.joblib
2025-10-04 22:57:36,774 - INFO - Window 15 complete. Train LL: -1175.0921
2025-10-04 22:57:36,774 - INFO - Training window 16: 2007-11-16 to 2008-11-03
2025-10-04 22:57:36,791 - INFO - Fitting HMM with 3 states on 252 samples
2025-10-04 22:57:36,791 - INFO - Fitting HMM model with 3 states
2025-10-04 22:57:36,834 - INFO - Model fitted. Log-likelihood: -1040.8468
2025-10-04 22:57:36,842 - INFO - Saved model artifact: models\hmm_EUR_USD_3_win252_end20081103.joblib
2025-10-04 22:57:36,842 - INFO - Window 16 complete. Train LL: -1040.8468
2025-10-04 22:57:36,842 - INFO - Training window 17: 2007-12-17 to 2008-12-02
2025-10-04 22:57:36,855 - INFO - Fitting HMM with 3 states on 252 samples
2025-10-04 22:57:36,856 - INFO - Fitting HMM model with 3 states
2025-10-04 22:57:36,919 - INFO - Model fitted. Log-likelihood: -915.7215
2025-10-04 22:57:36,933 - INFO - Saved model artifact: models\hmm_EUR_USD_3_win252_end20081202.joblib
2025-10-04 22:57:36,933 - INFO - Window 17 complete. Train LL: -915.7215
2025-10-04 22:57:36,934 - INFO - Training window 18: 2008-01-15 to 2008-12-31
2025-10-04 22:57:36,942 - INFO - Fitting HMM with 3 states on 252 samples
2025-10-04 22:57:36,942 - INFO - Fitting HMM model with 3 states
2025-10-04 22:57:36,986 - INFO - Model fitted. Log-likelihood: -948.2392
2025-10-04 22:57:36,997 - INFO - Saved model artifact: models\hmm_EUR_USD_3_win252_end20081231.joblib
2025-10-04 22:57:36,998 - INFO - Window 18 complete. Train LL: -948.2392
2025-10-04 22:57:36,999 - INFO - Training window 19: 2008-02-13 to 2009-01-29
2025-10-04 22:57:37,015 - INFO - Fitting HMM with 3 states on 252 samples
2025-10-04 22:57:37,016 - INFO - Fitting HMM model with 3 states
2025-10-04 22:57:37,108 - INFO - Model fitted. Log-likelihood: -997.7851
2025-10-04 22:57:37,118 - INFO - Saved model artifact: models\hmm_EUR_USD_3_win252_end20090129.joblib
2025-10-04 22:57:37,118 - INFO - Window 19 complete. Train LL: -997.7851
2025-10-04 22:57:37,119 - INFO - Training window 20: 2008-03-13 to 2009-02-27
2025-10-04 22:57:37,134 - INFO - Fitting HMM with 3 states on 252 samples
2025-10-04 22:57:37,135 - INFO - Fitting HMM model with 3 states
2025-10-04 22:57:37,193 - INFO - Model fitted. Log-likelihood: -1090.3213
2025-10-04 22:57:37,204 - INFO - Saved model artifact: models\hmm_EUR_USD_3_win252_end20090227.joblib
2025-10-04 22:57:37,204 - INFO - Window 20 complete. Train LL: -1090.3213
2025-10-04 22:57:37,205 - INFO - Training window 21: 2008-04-11 to 2009-03-30
2025-10-04 22:57:37,217 - INFO - Fitting HMM with 3 states on 252 samples
2025-10-04 22:57:37,217 - INFO - Fitting HMM model with 3 states
2025-10-04 22:57:37,274 - INFO - Model fitted. Log-likelihood: -1020.3802
2025-10-04 22:57:37,289 - INFO - Saved model artifact: models\hmm_EUR_USD_3_win252_end20090330.joblib
2025-10-04 22:57:37,290 - INFO - Window 21 complete. Train LL: -1020.3802
2025-10-04 22:57:37,290 - INFO - Training window 22: 2008-05-12 to 2009-04-28
2025-10-04 22:57:37,304 - INFO - Fitting HMM with 3 states on 252 samples
2025-10-04 22:57:37,304 - INFO - Fitting HMM model with 3 states
2025-10-04 22:57:37,355 - INFO - Model fitted. Log-likelihood: -1114.5895
2025-10-04 22:57:37,370 - INFO - Saved model artifact: models\hmm_EUR_USD_3_win252_end20090428.joblib
2025-10-04 22:57:37,370 - INFO - Window 22 complete. Train LL: -1114.5895
2025-10-04 22:57:37,370 - INFO - Training window 23: 2008-06-10 to 2009-05-27
2025-10-04 22:57:37,382 - INFO - Fitting HMM with 3 states on 252 samples
2025-10-04 22:57:37,382 - INFO - Fitting HMM model with 3 states
2025-10-04 22:57:37,451 - INFO - Model fitted. Log-likelihood: -1117.4087
2025-10-04 22:57:37,461 - INFO - Saved model artifact: models\hmm_EUR_USD_3_win252_end20090527.joblib
2025-10-04 22:57:37,461 - INFO - Window 23 complete. Train LL: -1117.4087
2025-10-04 22:57:37,462 - INFO - Training window 24: 2008-07-09 to 2009-06-25
2025-10-04 22:57:37,477 - INFO - Fitting HMM with 3 states on 252 samples
2025-10-04 22:57:37,479 - INFO - Fitting HMM model with 3 states
2025-10-04 22:57:37,526 - INFO - Model fitted. Log-likelihood: -1232.8212
2025-10-04 22:57:37,540 - INFO - Saved model artifact: models\hmm_EUR_USD_3_win252_end20090625.joblib
2025-10-04 22:57:37,541 - INFO - Window 24 complete. Train LL: -1232.8212
2025-10-04 22:57:37,541 - INFO - Training window 25: 2008-08-07 to 2009-07-24
2025-10-04 22:57:37,554 - INFO - Fitting HMM with 3 states on 252 samples
2025-10-04 22:57:37,555 - INFO - Fitting HMM model with 3 states
2025-10-04 22:57:37,606 - INFO - Model fitted. Log-likelihood: -1178.9409
2025-10-04 22:57:37,618 - INFO - Saved model artifact: models\hmm_EUR_USD_3_win252_end20090724.joblib
2025-10-04 22:57:37,618 - INFO - Window 25 complete. Train LL: -1178.9409
2025-10-04 22:57:37,619 - INFO - Training window 26: 2008-09-05 to 2009-08-24
2025-10-04 22:57:37,627 - INFO - Fitting HMM with 3 states on 252 samples
2025-10-04 22:57:37,628 - INFO - Fitting HMM model with 3 states
2025-10-04 22:57:37,718 - INFO - Model fitted. Log-likelihood: -1188.7165
2025-10-04 22:57:37,726 - INFO - Saved model artifact: models\hmm_EUR_USD_3_win252_end20090824.joblib
2025-10-04 22:57:37,726 - INFO - Window 26 complete. Train LL: -1188.7165
2025-10-04 22:57:37,727 - INFO - Training window 27: 2008-10-06 to 2009-09-22
2025-10-04 22:57:37,742 - INFO - Fitting HMM with 3 states on 252 samples
2025-10-04 22:57:37,743 - INFO - Fitting HMM model with 3 states
2025-10-04 22:57:37,799 - INFO - Model fitted. Log-likelihood: -1059.6540
2025-10-04 22:57:37,806 - INFO - Saved model artifact: models\hmm_EUR_USD_3_win252_end20090922.joblib
2025-10-04 22:57:37,807 - INFO - Window 27 complete. Train LL: -1059.6540
2025-10-04 22:57:37,807 - INFO - Training window 28: 2008-11-04 to 2009-10-21
2025-10-04 22:57:37,822 - INFO - Fitting HMM with 3 states on 252 samples
2025-10-04 22:57:37,823 - INFO - Fitting HMM model with 3 states
2025-10-04 22:57:37,915 - INFO - Model fitted. Log-likelihood: -1100.0264
2025-10-04 22:57:37,923 - INFO - Saved model artifact: models\hmm_EUR_USD_3_win252_end20091021.joblib
2025-10-04 22:57:37,923 - INFO - Window 28 complete. Train LL: -1100.0264
2025-10-04 22:57:37,924 - INFO - Training window 29: 2008-12-03 to 2009-11-19
2025-10-04 22:57:37,938 - INFO - Fitting HMM with 3 states on 252 samples
2025-10-04 22:57:37,939 - INFO - Fitting HMM model with 3 states
2025-10-04 22:57:38,000 - INFO - Model fitted. Log-likelihood: -1017.5029
2025-10-04 22:57:38,008 - INFO - Saved model artifact: models\hmm_EUR_USD_3_win252_end20091119.joblib
2025-10-04 22:57:38,008 - INFO - Window 29 complete. Train LL: -1017.5029
2025-10-04 22:57:38,009 - INFO - Training window 30: 2009-01-01 to 2009-12-18
2025-10-04 22:57:38,022 - INFO - Fitting HMM with 3 states on 252 samples
2025-10-04 22:57:38,023 - INFO - Fitting HMM model with 3 states
2025-10-04 22:57:38,088 - INFO - Model fitted. Log-likelihood: -1059.2842
2025-10-04 22:57:38,099 - INFO - Saved model artifact: models\hmm_EUR_USD_3_win252_end20091218.joblib
2025-10-04 22:57:38,100 - INFO - Window 30 complete. Train LL: -1059.2842
2025-10-04 22:57:38,100 - INFO - Training window 31: 2009-01-30 to 2010-01-18
2025-10-04 22:57:38,109 - INFO - Fitting HMM with 3 states on 252 samples
2025-10-04 22:57:38,109 - INFO - Fitting HMM model with 3 states
2025-10-04 22:57:38,210 - INFO - Model fitted. Log-likelihood: -1202.4482
2025-10-04 22:57:38,219 - INFO - Saved model artifact: models\hmm_EUR_USD_3_win252_end20100118.joblib
2025-10-04 22:57:38,219 - INFO - Window 31 complete. Train LL: -1202.4482
2025-10-04 22:57:38,219 - INFO - Training window 32: 2009-03-02 to 2010-02-16
2025-10-04 22:57:38,234 - INFO - Fitting HMM with 3 states on 252 samples
2025-10-04 22:57:38,234 - INFO - Fitting HMM model with 3 states
2025-10-04 22:57:38,341 - INFO - Model fitted. Log-likelihood: -1284.5424
2025-10-04 22:57:38,351 - INFO - Saved model artifact: models\hmm_EUR_USD_3_win252_end20100216.joblib
2025-10-04 22:57:38,351 - INFO - Window 32 complete. Train LL: -1284.5424
2025-10-04 22:57:38,352 - INFO - Training window 33: 2009-03-31 to 2010-03-17
2025-10-04 22:57:38,368 - INFO - Fitting HMM with 3 states on 252 samples
2025-10-04 22:57:38,368 - INFO - Fitting HMM model with 3 states
2025-10-04 22:57:38,526 - INFO - Model fitted. Log-likelihood: -1155.0941
2025-10-04 22:57:38,534 - INFO - Saved model artifact: models\hmm_EUR_USD_3_win252_end20100317.joblib
2025-10-04 22:57:38,535 - INFO - Window 33 complete. Train LL: -1155.0941
2025-10-04 22:57:38,535 - INFO - Training window 34: 2009-04-29 to 2010-04-15
2025-10-04 22:57:38,549 - INFO - Fitting HMM with 3 states on 252 samples
2025-10-04 22:57:38,549 - INFO - Fitting HMM model with 3 states
2025-10-04 22:57:38,602 - INFO - Model fitted. Log-likelihood: -1161.9141
2025-10-04 22:57:38,614 - INFO - Saved model artifact: models\hmm_EUR_USD_3_win252_end20100415.joblib
2025-10-04 22:57:38,615 - INFO - Window 34 complete. Train LL: -1161.9141
2025-10-04 22:57:38,615 - INFO - Training window 35: 2009-05-28 to 2010-05-14
2025-10-04 22:57:38,627 - INFO - Fitting HMM with 3 states on 252 samples
2025-10-04 22:57:38,628 - INFO - Fitting HMM model with 3 states
2025-10-04 22:57:38,712 - INFO - Model fitted. Log-likelihood: -1364.8517
2025-10-04 22:57:38,720 - INFO - Saved model artifact: models\hmm_EUR_USD_3_win252_end20100514.joblib
2025-10-04 22:57:38,720 - INFO - Window 35 complete. Train LL: -1364.8517
2025-10-04 22:57:38,721 - INFO - Training window 36: 2009-06-26 to 2010-06-14
2025-10-04 22:57:38,734 - INFO - Fitting HMM with 3 states on 252 samples
2025-10-04 22:57:38,735 - INFO - Fitting HMM model with 3 states
2025-10-04 22:57:38,804 - INFO - Model fitted. Log-likelihood: -1115.0988
2025-10-04 22:57:38,816 - INFO - Saved model artifact: models\hmm_EUR_USD_3_win252_end20100614.joblib
2025-10-04 22:57:38,817 - INFO - Window 36 complete. Train LL: -1115.0988
2025-10-04 22:57:38,817 - INFO - Training window 37: 2009-07-27 to 2010-07-13
2025-10-04 22:57:38,825 - INFO - Fitting HMM with 3 states on 252 samples
2025-10-04 22:57:38,826 - INFO - Fitting HMM model with 3 states
2025-10-04 22:57:38,875 - INFO - Model fitted. Log-likelihood: -1097.6335
2025-10-04 22:57:38,886 - INFO - Saved model artifact: models\hmm_EUR_USD_3_win252_end20100713.joblib
2025-10-04 22:57:38,887 - INFO - Window 37 complete. Train LL: -1097.6335
2025-10-04 22:57:38,887 - INFO - Training window 38: 2009-08-25 to 2010-08-11
2025-10-04 22:57:38,904 - INFO - Fitting HMM with 3 states on 252 samples
2025-10-04 22:57:38,904 - INFO - Fitting HMM model with 3 states
2025-10-04 22:57:39,023 - INFO - Model fitted. Log-likelihood: -1086.6585
2025-10-04 22:57:39,033 - INFO - Saved model artifact: models\hmm_EUR_USD_3_win252_end20100811.joblib
2025-10-04 22:57:39,033 - INFO - Window 38 complete. Train LL: -1086.6585
2025-10-04 22:57:39,034 - INFO - Training window 39: 2009-09-23 to 2010-09-09
2025-10-04 22:57:39,044 - INFO - Fitting HMM with 3 states on 252 samples
2025-10-04 22:57:39,045 - INFO - Fitting HMM model with 3 states
2025-10-04 22:57:39,101 - INFO - Model fitted. Log-likelihood: -1151.9603
2025-10-04 22:57:39,112 - INFO - Saved model artifact: models\hmm_EUR_USD_3_win252_end20100909.joblib
2025-10-04 22:57:39,113 - INFO - Window 39 complete. Train LL: -1151.9603
2025-10-04 22:57:39,114 - INFO - Training window 40: 2009-10-22 to 2010-10-08
2025-10-04 22:57:39,124 - INFO - Fitting HMM with 3 states on 252 samples
2025-10-04 22:57:39,124 - INFO - Fitting HMM model with 3 states
2025-10-04 22:57:39,350 - INFO - Model fitted. Log-likelihood: -1269.7255
2025-10-04 22:57:39,358 - INFO - Saved model artifact: models\hmm_EUR_USD_3_win252_end20101008.joblib
2025-10-04 22:57:39,359 - INFO - Window 40 complete. Train LL: -1269.7255
2025-10-04 22:57:39,359 - INFO - Training window 41: 2009-11-20 to 2010-11-08
2025-10-04 22:57:39,369 - INFO - Fitting HMM with 3 states on 252 samples
2025-10-04 22:57:39,370 - INFO - Fitting HMM model with 3 states
2025-10-04 22:57:39,441 - INFO - Model fitted. Log-likelihood: -1141.4501
2025-10-04 22:57:39,455 - INFO - Saved model artifact: models\hmm_EUR_USD_3_win252_end20101108.joblib
2025-10-04 22:57:39,455 - INFO - Window 41 complete. Train LL: -1141.4501
2025-10-04 22:57:39,456 - INFO - Training window 42: 2009-12-21 to 2010-12-07
2025-10-04 22:57:39,476 - INFO - Fitting HMM with 3 states on 252 samples
2025-10-04 22:57:39,476 - INFO - Fitting HMM model with 3 states
2025-10-04 22:57:39,552 - INFO - Model fitted. Log-likelihood: -1136.1266
2025-10-04 22:57:39,560 - INFO - Saved model artifact: models\hmm_EUR_USD_3_win252_end20101207.joblib
2025-10-04 22:57:39,560 - INFO - Window 42 complete. Train LL: -1136.1266
2025-10-04 22:57:39,562 - INFO - Training window 43: 2010-01-19 to 2011-01-05
2025-10-04 22:57:39,572 - INFO - Fitting HMM with 3 states on 252 samples
2025-10-04 22:57:39,572 - INFO - Fitting HMM model with 3 states
2025-10-04 22:57:39,620 - INFO - Model fitted. Log-likelihood: -1177.9311
2025-10-04 22:57:39,629 - INFO - Saved model artifact: models\hmm_EUR_USD_3_win252_end20110105.joblib
2025-10-04 22:57:39,630 - INFO - Window 43 complete. Train LL: -1177.9311
2025-10-04 22:57:39,630 - INFO - Training window 44: 2010-02-17 to 2011-02-03
2025-10-04 22:57:39,642 - INFO - Fitting HMM with 3 states on 252 samples
2025-10-04 22:57:39,642 - INFO - Fitting HMM model with 3 states
2025-10-04 22:57:39,692 - INFO - Model fitted. Log-likelihood: -1134.6490
2025-10-04 22:57:39,705 - INFO - Saved model artifact: models\hmm_EUR_USD_3_win252_end20110203.joblib
2025-10-04 22:57:39,705 - INFO - Window 44 complete. Train LL: -1134.6490
2025-10-04 22:57:39,705 - INFO - Training window 45: 2010-03-18 to 2011-03-04
2025-10-04 22:57:39,718 - INFO - Fitting HMM with 3 states on 252 samples
2025-10-04 22:57:39,718 - INFO - Fitting HMM model with 3 states
2025-10-04 22:57:39,788 - INFO - Model fitted. Log-likelihood: -1172.2071
2025-10-04 22:57:39,799 - INFO - Saved model artifact: models\hmm_EUR_USD_3_win252_end20110304.joblib
2025-10-04 22:57:39,799 - INFO - Window 45 complete. Train LL: -1172.2071
2025-10-04 22:57:39,800 - INFO - Training window 46: 2010-04-16 to 2011-04-04
2025-10-04 22:57:39,816 - INFO - Fitting HMM with 3 states on 252 samples
2025-10-04 22:57:39,816 - INFO - Fitting HMM model with 3 states
2025-10-04 22:57:39,872 - INFO - Model fitted. Log-likelihood: -1196.9185
2025-10-04 22:57:39,885 - INFO - Saved model artifact: models\hmm_EUR_USD_3_win252_end20110404.joblib
2025-10-04 22:57:39,885 - INFO - Window 46 complete. Train LL: -1196.9185
2025-10-04 22:57:39,886 - INFO - Training window 47: 2010-05-17 to 2011-05-03
2025-10-04 22:57:39,893 - INFO - Fitting HMM with 3 states on 252 samples
2025-10-04 22:57:39,894 - INFO - Fitting HMM model with 3 states
2025-10-04 22:57:39,971 - INFO - Model fitted. Log-likelihood: -1146.5120
2025-10-04 22:57:39,981 - INFO - Saved model artifact: models\hmm_EUR_USD_3_win252_end20110503.joblib
2025-10-04 22:57:39,981 - INFO - Window 47 complete. Train LL: -1146.5120
2025-10-04 22:57:39,982 - INFO - Training window 48: 2010-06-15 to 2011-06-01
2025-10-04 22:57:39,991 - INFO - Fitting HMM with 3 states on 252 samples
2025-10-04 22:57:39,992 - INFO - Fitting HMM model with 3 states
2025-10-04 22:57:40,146 - INFO - Model fitted. Log-likelihood: -1145.6427
2025-10-04 22:57:40,155 - INFO - Saved model artifact: models\hmm_EUR_USD_3_win252_end20110601.joblib
2025-10-04 22:57:40,156 - INFO - Window 48 complete. Train LL: -1145.6427
2025-10-04 22:57:40,156 - INFO - Training window 49: 2010-07-14 to 2011-06-30
2025-10-04 22:57:40,172 - INFO - Fitting HMM with 3 states on 252 samples
2025-10-04 22:57:40,172 - INFO - Fitting HMM model with 3 states
2025-10-04 22:57:40,290 - INFO - Model fitted. Log-likelihood: -1178.0808
2025-10-04 22:57:40,300 - INFO - Saved model artifact: models\hmm_EUR_USD_3_win252_end20110630.joblib
2025-10-04 22:57:40,301 - INFO - Window 49 complete. Train LL: -1178.0808
2025-10-04 22:57:40,301 - INFO - Training window 50: 2010-08-12 to 2011-07-29
2025-10-04 22:57:40,316 - INFO - Fitting HMM with 3 states on 252 samples
2025-10-04 22:57:40,317 - INFO - Fitting HMM model with 3 states
2025-10-04 22:57:40,384 - INFO - Model fitted. Log-likelihood: -1177.4513
2025-10-04 22:57:40,397 - INFO - Saved model artifact: models\hmm_EUR_USD_3_win252_end20110729.joblib
2025-10-04 22:57:40,398 - INFO - Window 50 complete. Train LL: -1177.4513
2025-10-04 22:57:40,398 - INFO - Training window 51: 2010-09-10 to 2011-08-29
2025-10-04 22:57:40,406 - INFO - Fitting HMM with 3 states on 252 samples
2025-10-04 22:57:40,407 - INFO - Fitting HMM model with 3 states
2025-10-04 22:57:40,469 - INFO - Model fitted. Log-likelihood: -1179.6060
2025-10-04 22:57:40,478 - INFO - Saved model artifact: models\hmm_EUR_USD_3_win252_end20110829.joblib
2025-10-04 22:57:40,478 - INFO - Window 51 complete. Train LL: -1179.6060
2025-10-04 22:57:40,479 - INFO - Training window 52: 2010-10-11 to 2011-09-27
2025-10-04 22:57:40,493 - INFO - Fitting HMM with 3 states on 252 samples
2025-10-04 22:57:40,494 - INFO - Fitting HMM model with 3 states
2025-10-04 22:57:40,564 - WARNING - Model is not converging.  Current: -1278.5043454847892 is not greater than -1278.504340583437. Delta is -4.9013522129826015e-06
2025-10-04 22:57:40,566 - INFO - Model fitted. Log-likelihood: -1278.5045
2025-10-04 22:57:40,573 - INFO - Saved model artifact: models\hmm_EUR_USD_3_win252_end20110927.joblib
2025-10-04 22:57:40,574 - INFO - Window 52 complete. Train LL: -1278.5045
2025-10-04 22:57:40,574 - INFO - Training window 53: 2010-11-09 to 2011-10-26
2025-10-04 22:57:40,587 - INFO - Fitting HMM with 3 states on 252 samples
2025-10-04 22:57:40,587 - INFO - Fitting HMM model with 3 states
2025-10-04 22:57:40,645 - INFO - Model fitted. Log-likelihood: -1197.5302
2025-10-04 22:57:40,658 - INFO - Saved model artifact: models\hmm_EUR_USD_3_win252_end20111026.joblib
2025-10-04 22:57:40,659 - INFO - Window 53 complete. Train LL: -1197.5302
2025-10-04 22:57:40,660 - INFO - Training window 54: 2010-12-08 to 2011-11-24
2025-10-04 22:57:40,675 - INFO - Fitting HMM with 3 states on 252 samples
2025-10-04 22:57:40,676 - INFO - Fitting HMM model with 3 states
2025-10-04 22:57:40,755 - INFO - Model fitted. Log-likelihood: -1224.1182
2025-10-04 22:57:40,768 - INFO - Saved model artifact: models\hmm_EUR_USD_3_win252_end20111124.joblib
2025-10-04 22:57:40,768 - INFO - Window 54 complete. Train LL: -1224.1182
2025-10-04 22:57:40,769 - INFO - Training window 55: 2011-01-06 to 2011-12-23
2025-10-04 22:57:40,782 - INFO - Fitting HMM with 3 states on 252 samples
2025-10-04 22:57:40,782 - INFO - Fitting HMM model with 3 states
2025-10-04 22:57:40,828 - INFO - Model fitted. Log-likelihood: -1285.7129
2025-10-04 22:57:40,842 - INFO - Saved model artifact: models\hmm_EUR_USD_3_win252_end20111223.joblib
2025-10-04 22:57:40,842 - INFO - Window 55 complete. Train LL: -1285.7129
2025-10-04 22:57:40,843 - INFO - Training window 56: 2011-02-04 to 2012-01-23
2025-10-04 22:57:40,858 - INFO - Fitting HMM with 3 states on 252 samples
2025-10-04 22:57:40,859 - INFO - Fitting HMM model with 3 states
2025-10-04 22:57:40,908 - INFO - Model fitted. Log-likelihood: -1258.6811
2025-10-04 22:57:40,932 - INFO - Saved model artifact: models\hmm_EUR_USD_3_win252_end20120123.joblib
2025-10-04 22:57:40,932 - INFO - Window 56 complete. Train LL: -1258.6811
2025-10-04 22:57:40,933 - INFO - Training window 57: 2011-03-07 to 2012-02-21
2025-10-04 22:57:40,948 - INFO - Fitting HMM with 3 states on 252 samples
2025-10-04 22:57:40,949 - INFO - Fitting HMM model with 3 states
2025-10-04 22:57:41,030 - INFO - Model fitted. Log-likelihood: -1222.6399
2025-10-04 22:57:41,037 - INFO - Saved model artifact: models\hmm_EUR_USD_3_win252_end20120221.joblib
2025-10-04 22:57:41,038 - INFO - Window 57 complete. Train LL: -1222.6399
2025-10-04 22:57:41,038 - INFO - Training window 58: 2011-04-05 to 2012-03-21
2025-10-04 22:57:41,053 - INFO - Fitting HMM with 3 states on 252 samples
2025-10-04 22:57:41,054 - INFO - Fitting HMM model with 3 states
2025-10-04 22:57:41,101 - INFO - Model fitted. Log-likelihood: -1235.5027
2025-10-04 22:57:41,109 - INFO - Saved model artifact: models\hmm_EUR_USD_3_win252_end20120321.joblib
2025-10-04 22:57:41,109 - INFO - Window 58 complete. Train LL: -1235.5027
2025-10-04 22:57:41,110 - INFO - Training window 59: 2011-05-04 to 2012-04-19
2025-10-04 22:57:41,122 - INFO - Fitting HMM with 3 states on 252 samples
2025-10-04 22:57:41,122 - INFO - Fitting HMM model with 3 states
2025-10-04 22:57:41,420 - INFO - Model fitted. Log-likelihood: -1445.6000
2025-10-04 22:57:41,428 - INFO - Saved model artifact: models\hmm_EUR_USD_3_win252_end20120419.joblib
2025-10-04 22:57:41,428 - INFO - Window 59 complete. Train LL: -1445.6000
2025-10-04 22:57:41,429 - INFO - Training window 60: 2011-06-02 to 2012-05-18
2025-10-04 22:57:41,440 - INFO - Fitting HMM with 3 states on 252 samples
2025-10-04 22:57:41,440 - INFO - Fitting HMM model with 3 states
2025-10-04 22:57:41,496 - INFO - Model fitted. Log-likelihood: -1244.1330
2025-10-04 22:57:41,505 - INFO - Saved model artifact: models\hmm_EUR_USD_3_win252_end20120518.joblib
2025-10-04 22:57:41,505 - INFO - Window 60 complete. Train LL: -1244.1330
2025-10-04 22:57:41,505 - INFO - Training window 61: 2011-07-01 to 2012-06-18
2025-10-04 22:57:41,519 - INFO - Fitting HMM with 3 states on 252 samples
2025-10-04 22:57:41,519 - INFO - Fitting HMM model with 3 states
2025-10-04 22:57:41,568 - INFO - Model fitted. Log-likelihood: -1250.0343
2025-10-04 22:57:41,578 - INFO - Saved model artifact: models\hmm_EUR_USD_3_win252_end20120618.joblib
2025-10-04 22:57:41,579 - INFO - Window 61 complete. Train LL: -1250.0343
2025-10-04 22:57:41,579 - INFO - Training window 62: 2011-08-01 to 2012-07-17
2025-10-04 22:57:41,590 - INFO - Fitting HMM with 3 states on 252 samples
2025-10-04 22:57:41,591 - INFO - Fitting HMM model with 3 states
2025-10-04 22:57:41,652 - INFO - Model fitted. Log-likelihood: -1226.2037
2025-10-04 22:57:41,660 - INFO - Saved model artifact: models\hmm_EUR_USD_3_win252_end20120717.joblib
2025-10-04 22:57:41,660 - INFO - Window 62 complete. Train LL: -1226.2037
2025-10-04 22:57:41,662 - INFO - Training window 63: 2011-08-30 to 2012-08-15
2025-10-04 22:57:41,676 - INFO - Fitting HMM with 3 states on 252 samples
2025-10-04 22:57:41,676 - INFO - Fitting HMM model with 3 states
2025-10-04 22:57:41,758 - INFO - Model fitted. Log-likelihood: -1210.8890
2025-10-04 22:57:41,769 - INFO - Saved model artifact: models\hmm_EUR_USD_3_win252_end20120815.joblib
2025-10-04 22:57:41,769 - INFO - Window 63 complete. Train LL: -1210.8890
2025-10-04 22:57:41,769 - INFO - Training window 64: 2011-09-28 to 2012-09-13
2025-10-04 22:57:41,783 - INFO - Fitting HMM with 3 states on 252 samples
2025-10-04 22:57:41,783 - INFO - Fitting HMM model with 3 states
2025-10-04 22:57:41,842 - INFO - Model fitted. Log-likelihood: -1201.6190
2025-10-04 22:57:41,852 - INFO - Saved model artifact: models\hmm_EUR_USD_3_win252_end20120913.joblib
2025-10-04 22:57:41,852 - INFO - Window 64 complete. Train LL: -1201.6190
2025-10-04 22:57:41,852 - INFO - Training window 65: 2011-10-27 to 2012-10-12
2025-10-04 22:57:41,868 - INFO - Fitting HMM with 3 states on 252 samples
2025-10-04 22:57:41,868 - INFO - Fitting HMM model with 3 states
2025-10-04 22:57:41,993 - INFO - Model fitted. Log-likelihood: -1285.5247
2025-10-04 22:57:42,003 - INFO - Saved model artifact: models\hmm_EUR_USD_3_win252_end20121012.joblib
2025-10-04 22:57:42,003 - INFO - Window 65 complete. Train LL: -1285.5247
2025-10-04 22:57:42,003 - INFO - Training window 66: 2011-11-25 to 2012-11-12
2025-10-04 22:57:42,018 - INFO - Fitting HMM with 3 states on 252 samples
2025-10-04 22:57:42,018 - INFO - Fitting HMM model with 3 states
2025-10-04 22:57:42,157 - INFO - Model fitted. Log-likelihood: -1321.0007
2025-10-04 22:57:42,165 - INFO - Saved model artifact: models\hmm_EUR_USD_3_win252_end20121112.joblib
2025-10-04 22:57:42,166 - INFO - Window 66 complete. Train LL: -1321.0007
2025-10-04 22:57:42,166 - INFO - Training window 67: 2011-12-26 to 2012-12-11
2025-10-04 22:57:42,176 - INFO - Fitting HMM with 3 states on 252 samples
2025-10-04 22:57:42,177 - INFO - Fitting HMM model with 3 states
2025-10-04 22:57:42,260 - INFO - Model fitted. Log-likelihood: -1297.6574
2025-10-04 22:57:42,270 - INFO - Saved model artifact: models\hmm_EUR_USD_3_win252_end20121211.joblib
2025-10-04 22:57:42,270 - INFO - Window 67 complete. Train LL: -1297.6574
2025-10-04 22:57:42,271 - INFO - Training window 68: 2012-01-24 to 2013-01-09
2025-10-04 22:57:42,282 - INFO - Fitting HMM with 3 states on 252 samples
2025-10-04 22:57:42,283 - INFO - Fitting HMM model with 3 states
2025-10-04 22:57:42,404 - INFO - Model fitted. Log-likelihood: -1272.5381
2025-10-04 22:57:42,417 - INFO - Saved model artifact: models\hmm_EUR_USD_3_win252_end20130109.joblib
2025-10-04 22:57:42,418 - INFO - Window 68 complete. Train LL: -1272.5381
2025-10-04 22:57:42,418 - INFO - Training window 69: 2012-02-22 to 2013-02-07
2025-10-04 22:57:42,427 - INFO - Fitting HMM with 3 states on 252 samples
2025-10-04 22:57:42,428 - INFO - Fitting HMM model with 3 states
2025-10-04 22:57:42,521 - INFO - Model fitted. Log-likelihood: -1282.8900
2025-10-04 22:57:42,531 - INFO - Saved model artifact: models\hmm_EUR_USD_3_win252_end20130207.joblib
2025-10-04 22:57:42,531 - INFO - Window 69 complete. Train LL: -1282.8900
2025-10-04 22:57:42,532 - INFO - Training window 70: 2012-03-22 to 2013-03-08
2025-10-04 22:57:42,541 - INFO - Fitting HMM with 3 states on 252 samples
2025-10-04 22:57:42,541 - INFO - Fitting HMM model with 3 states
2025-10-04 22:57:42,593 - INFO - Model fitted. Log-likelihood: -1333.6794
2025-10-04 22:57:42,606 - INFO - Saved model artifact: models\hmm_EUR_USD_3_win252_end20130308.joblib
2025-10-04 22:57:42,606 - INFO - Window 70 complete. Train LL: -1333.6794
2025-10-04 22:57:42,607 - INFO - Training window 71: 2012-04-20 to 2013-04-08
2025-10-04 22:57:42,620 - INFO - Fitting HMM with 3 states on 252 samples
2025-10-04 22:57:42,620 - INFO - Fitting HMM model with 3 states
2025-10-04 22:57:42,690 - INFO - Model fitted. Log-likelihood: -1406.3979
2025-10-04 22:57:42,701 - INFO - Saved model artifact: models\hmm_EUR_USD_3_win252_end20130408.joblib
2025-10-04 22:57:42,702 - INFO - Window 71 complete. Train LL: -1406.3979
2025-10-04 22:57:42,702 - INFO - Training window 72: 2012-05-21 to 2013-05-07
2025-10-04 22:57:42,717 - INFO - Fitting HMM with 3 states on 252 samples
2025-10-04 22:57:42,717 - INFO - Fitting HMM model with 3 states
2025-10-04 22:57:42,807 - INFO - Model fitted. Log-likelihood: -1331.2804
2025-10-04 22:57:42,817 - INFO - Saved model artifact: models\hmm_EUR_USD_3_win252_end20130507.joblib
2025-10-04 22:57:42,818 - INFO - Window 72 complete. Train LL: -1331.2804
2025-10-04 22:57:42,818 - INFO - Training window 73: 2012-06-19 to 2013-06-05
2025-10-04 22:57:42,829 - INFO - Fitting HMM with 3 states on 252 samples
2025-10-04 22:57:42,830 - INFO - Fitting HMM model with 3 states
2025-10-04 22:57:43,080 - INFO - Model fitted. Log-likelihood: -1275.3034
2025-10-04 22:57:43,092 - INFO - Saved model artifact: models\hmm_EUR_USD_3_win252_end20130605.joblib
2025-10-04 22:57:43,092 - INFO - Window 73 complete. Train LL: -1275.3034
2025-10-04 22:57:43,093 - INFO - Training window 74: 2012-07-18 to 2013-07-04
2025-10-04 22:57:43,106 - INFO - Fitting HMM with 3 states on 252 samples
2025-10-04 22:57:43,106 - INFO - Fitting HMM model with 3 states
2025-10-04 22:57:43,207 - INFO - Model fitted. Log-likelihood: -1475.8406
2025-10-04 22:57:43,217 - INFO - Saved model artifact: models\hmm_EUR_USD_3_win252_end20130704.joblib
2025-10-04 22:57:43,217 - INFO - Window 74 complete. Train LL: -1475.8406
2025-10-04 22:57:43,217 - INFO - Training window 75: 2012-08-16 to 2013-08-02
2025-10-04 22:57:43,237 - INFO - Fitting HMM with 3 states on 252 samples
2025-10-04 22:57:43,237 - INFO - Fitting HMM model with 3 states
2025-10-04 22:57:43,293 - INFO - Model fitted. Log-likelihood: -1407.2666
2025-10-04 22:57:43,307 - INFO - Saved model artifact: models\hmm_EUR_USD_3_win252_end20130802.joblib
2025-10-04 22:57:43,307 - INFO - Window 75 complete. Train LL: -1407.2666
2025-10-04 22:57:43,308 - INFO - Training window 76: 2012-09-14 to 2013-09-02
2025-10-04 22:57:43,320 - INFO - Fitting HMM with 3 states on 252 samples
2025-10-04 22:57:43,321 - INFO - Fitting HMM model with 3 states
2025-10-04 22:57:43,415 - INFO - Model fitted. Log-likelihood: -1264.2987
2025-10-04 22:57:43,422 - INFO - Saved model artifact: models\hmm_EUR_USD_3_win252_end20130902.joblib
2025-10-04 22:57:43,423 - INFO - Window 76 complete. Train LL: -1264.2987
2025-10-04 22:57:43,423 - INFO - Training window 77: 2012-10-15 to 2013-10-01
2025-10-04 22:57:43,441 - INFO - Fitting HMM with 3 states on 252 samples
2025-10-04 22:57:43,441 - INFO - Fitting HMM model with 3 states
2025-10-04 22:57:43,505 - INFO - Model fitted. Log-likelihood: -1284.1877
2025-10-04 22:57:43,517 - INFO - Saved model artifact: models\hmm_EUR_USD_3_win252_end20131001.joblib
2025-10-04 22:57:43,517 - INFO - Window 77 complete. Train LL: -1284.1877
2025-10-04 22:57:43,518 - INFO - Training window 78: 2012-11-13 to 2013-10-30
2025-10-04 22:57:43,526 - INFO - Fitting HMM with 3 states on 252 samples
2025-10-04 22:57:43,526 - INFO - Fitting HMM model with 3 states
2025-10-04 22:57:43,582 - INFO - Model fitted. Log-likelihood: -1217.4804
2025-10-04 22:57:43,590 - INFO - Saved model artifact: models\hmm_EUR_USD_3_win252_end20131030.joblib
2025-10-04 22:57:43,590 - INFO - Window 78 complete. Train LL: -1217.4804
2025-10-04 22:57:43,590 - INFO - Training window 79: 2012-12-12 to 2013-11-28
2025-10-04 22:57:43,608 - INFO - Fitting HMM with 3 states on 252 samples
2025-10-04 22:57:43,608 - INFO - Fitting HMM model with 3 states
2025-10-04 22:57:43,702 - INFO - Model fitted. Log-likelihood: -1229.1510
2025-10-04 22:57:43,710 - INFO - Saved model artifact: models\hmm_EUR_USD_3_win252_end20131128.joblib
2025-10-04 22:57:43,712 - INFO - Window 79 complete. Train LL: -1229.1510
2025-10-04 22:57:43,712 - INFO - Training window 80: 2013-01-10 to 2013-12-27
2025-10-04 22:57:43,726 - INFO - Fitting HMM with 3 states on 252 samples
2025-10-04 22:57:43,727 - INFO - Fitting HMM model with 3 states
2025-10-04 22:57:43,923 - INFO - Model fitted. Log-likelihood: -1196.5435
2025-10-04 22:57:43,932 - INFO - Saved model artifact: models\hmm_EUR_USD_3_win252_end20131227.joblib
2025-10-04 22:57:43,932 - INFO - Window 80 complete. Train LL: -1196.5435
2025-10-04 22:57:43,933 - INFO - Training window 81: 2013-02-08 to 2014-01-27
2025-10-04 22:57:43,943 - INFO - Fitting HMM with 3 states on 252 samples
2025-10-04 22:57:43,943 - INFO - Fitting HMM model with 3 states
2025-10-04 22:57:43,998 - INFO - Model fitted. Log-likelihood: -1173.2634
2025-10-04 22:57:44,006 - INFO - Saved model artifact: models\hmm_EUR_USD_3_win252_end20140127.joblib
2025-10-04 22:57:44,006 - INFO - Window 81 complete. Train LL: -1173.2634
2025-10-04 22:57:44,007 - INFO - Training window 82: 2013-03-11 to 2014-02-25
2025-10-04 22:57:44,021 - INFO - Fitting HMM with 3 states on 252 samples
2025-10-04 22:57:44,021 - INFO - Fitting HMM model with 3 states
2025-10-04 22:57:44,189 - INFO - Model fitted. Log-likelihood: -1210.7129
2025-10-04 22:57:44,197 - INFO - Saved model artifact: models\hmm_EUR_USD_3_win252_end20140225.joblib
2025-10-04 22:57:44,198 - INFO - Window 82 complete. Train LL: -1210.7129
2025-10-04 22:57:44,198 - INFO - Training window 83: 2013-04-09 to 2014-03-26
2025-10-04 22:57:44,209 - INFO - Fitting HMM with 3 states on 252 samples
2025-10-04 22:57:44,209 - INFO - Fitting HMM model with 3 states
2025-10-04 22:57:44,316 - INFO - Model fitted. Log-likelihood: -1183.6887
2025-10-04 22:57:44,325 - INFO - Saved model artifact: models\hmm_EUR_USD_3_win252_end20140326.joblib
2025-10-04 22:57:44,326 - INFO - Window 83 complete. Train LL: -1183.6887
2025-10-04 22:57:44,327 - INFO - Training window 84: 2013-05-08 to 2014-04-24
2025-10-04 22:57:44,338 - INFO - Fitting HMM with 3 states on 252 samples
2025-10-04 22:57:44,339 - INFO - Fitting HMM model with 3 states
2025-10-04 22:57:44,384 - INFO - Model fitted. Log-likelihood: -1169.4355
2025-10-04 22:57:44,393 - INFO - Saved model artifact: models\hmm_EUR_USD_3_win252_end20140424.joblib
2025-10-04 22:57:44,395 - INFO - Window 84 complete. Train LL: -1169.4355
2025-10-04 22:57:44,396 - INFO - Training window 85: 2013-06-06 to 2014-05-23
2025-10-04 22:57:44,409 - INFO - Fitting HMM with 3 states on 252 samples
2025-10-04 22:57:44,410 - INFO - Fitting HMM model with 3 states
2025-10-04 22:57:44,481 - INFO - Model fitted. Log-likelihood: -1163.7096
2025-10-04 22:57:44,492 - INFO - Saved model artifact: models\hmm_EUR_USD_3_win252_end20140523.joblib
2025-10-04 22:57:44,492 - INFO - Window 85 complete. Train LL: -1163.7096
2025-10-04 22:57:44,493 - INFO - Training window 86: 2013-07-05 to 2014-06-23
2025-10-04 22:57:44,504 - INFO - Fitting HMM with 3 states on 252 samples
2025-10-04 22:57:44,505 - INFO - Fitting HMM model with 3 states
2025-10-04 22:57:44,560 - INFO - Model fitted. Log-likelihood: -1203.4111
2025-10-04 22:57:44,570 - INFO - Saved model artifact: models\hmm_EUR_USD_3_win252_end20140623.joblib
2025-10-04 22:57:44,570 - INFO - Window 86 complete. Train LL: -1203.4111
2025-10-04 22:57:44,571 - INFO - Training window 87: 2013-08-05 to 2014-07-22
2025-10-04 22:57:44,585 - INFO - Fitting HMM with 3 states on 252 samples
2025-10-04 22:57:44,585 - INFO - Fitting HMM model with 3 states
2025-10-04 22:57:44,653 - INFO - Model fitted. Log-likelihood: -1191.6975
2025-10-04 22:57:44,665 - INFO - Saved model artifact: models\hmm_EUR_USD_3_win252_end20140722.joblib
2025-10-04 22:57:44,666 - INFO - Window 87 complete. Train LL: -1191.6975
2025-10-04 22:57:44,666 - INFO - Training window 88: 2013-09-03 to 2014-08-20
2025-10-04 22:57:44,675 - INFO - Fitting HMM with 3 states on 252 samples
2025-10-04 22:57:44,675 - INFO - Fitting HMM model with 3 states
2025-10-04 22:57:44,743 - INFO - Model fitted. Log-likelihood: -1154.8552
2025-10-04 22:57:44,754 - INFO - Saved model artifact: models\hmm_EUR_USD_3_win252_end20140820.joblib
2025-10-04 22:57:44,754 - INFO - Window 88 complete. Train LL: -1154.8552
2025-10-04 22:57:44,755 - INFO - Training window 89: 2013-10-02 to 2014-09-18
2025-10-04 22:57:44,767 - INFO - Fitting HMM with 3 states on 252 samples
2025-10-04 22:57:44,767 - INFO - Fitting HMM model with 3 states
2025-10-04 22:57:44,810 - INFO - Model fitted. Log-likelihood: -1130.1091
2025-10-04 22:57:44,823 - INFO - Saved model artifact: models\hmm_EUR_USD_3_win252_end20140918.joblib
2025-10-04 22:57:44,823 - INFO - Window 89 complete. Train LL: -1130.1091
2025-10-04 22:57:44,823 - INFO - Training window 90: 2013-10-31 to 2014-10-17
2025-10-04 22:57:44,840 - INFO - Fitting HMM with 3 states on 252 samples
2025-10-04 22:57:44,841 - INFO - Fitting HMM model with 3 states
2025-10-04 22:57:44,876 - WARNING - Model is not converging.  Current: -1231.26982049085 is not greater than -1231.2633826577076. Delta is -0.0064378331423995405
2025-10-04 22:57:44,879 - INFO - Model fitted. Log-likelihood: -1231.2783
2025-10-04 22:57:44,888 - INFO - Saved model artifact: models\hmm_EUR_USD_3_win252_end20141017.joblib
2025-10-04 22:57:44,888 - INFO - Window 90 complete. Train LL: -1231.2783
2025-10-04 22:57:44,889 - INFO - Training window 91: 2013-11-29 to 2014-11-17
2025-10-04 22:57:44,901 - INFO - Fitting HMM with 3 states on 252 samples
2025-10-04 22:57:44,902 - INFO - Fitting HMM model with 3 states
2025-10-04 22:57:44,966 - INFO - Model fitted. Log-likelihood: -1096.2981
2025-10-04 22:57:44,976 - INFO - Saved model artifact: models\hmm_EUR_USD_3_win252_end20141117.joblib
2025-10-04 22:57:44,976 - INFO - Window 91 complete. Train LL: -1096.2981
2025-10-04 22:57:44,976 - INFO - Training window 92: 2013-12-30 to 2014-12-16
2025-10-04 22:57:44,988 - INFO - Fitting HMM with 3 states on 252 samples
2025-10-04 22:57:44,989 - INFO - Fitting HMM model with 3 states
2025-10-04 22:57:45,089 - INFO - Model fitted. Log-likelihood: -1083.7494
2025-10-04 22:57:45,102 - INFO - Saved model artifact: models\hmm_EUR_USD_3_win252_end20141216.joblib
2025-10-04 22:57:45,102 - INFO - Window 92 complete. Train LL: -1083.7494
2025-10-04 22:57:45,103 - INFO - Training window 93: 2014-01-28 to 2015-01-15
2025-10-04 22:57:45,122 - INFO - Fitting HMM with 3 states on 252 samples
2025-10-04 22:57:45,122 - INFO - Fitting HMM model with 3 states
2025-10-04 22:57:45,204 - INFO - Model fitted. Log-likelihood: -984.6644
2025-10-04 22:57:45,217 - INFO - Saved model artifact: models\hmm_EUR_USD_3_win252_end20150115.joblib
2025-10-04 22:57:45,218 - INFO - Window 93 complete. Train LL: -984.6644
2025-10-04 22:57:45,218 - INFO - Training window 94: 2014-02-26 to 2015-02-13
2025-10-04 22:57:45,233 - INFO - Fitting HMM with 3 states on 252 samples
2025-10-04 22:57:45,233 - INFO - Fitting HMM model with 3 states
2025-10-04 22:57:45,285 - INFO - Model fitted. Log-likelihood: -946.8711
2025-10-04 22:57:45,295 - INFO - Saved model artifact: models\hmm_EUR_USD_3_win252_end20150213.joblib
2025-10-04 22:57:45,296 - INFO - Window 94 complete. Train LL: -946.8711
2025-10-04 22:57:45,296 - INFO - Training window 95: 2014-03-27 to 2015-03-16
2025-10-04 22:57:45,307 - INFO - Fitting HMM with 3 states on 252 samples
2025-10-04 22:57:45,307 - INFO - Fitting HMM model with 3 states
2025-10-04 22:57:45,360 - INFO - Model fitted. Log-likelihood: -845.0293
2025-10-04 22:57:45,371 - INFO - Saved model artifact: models\hmm_EUR_USD_3_win252_end20150316.joblib
2025-10-04 22:57:45,371 - INFO - Window 95 complete. Train LL: -845.0293
2025-10-04 22:57:45,371 - INFO - Training window 96: 2014-04-25 to 2015-04-14
2025-10-04 22:57:45,386 - INFO - Fitting HMM with 3 states on 252 samples
2025-10-04 22:57:45,386 - INFO - Fitting HMM model with 3 states
2025-10-04 22:57:45,458 - WARNING - Model is not converging.  Current: -892.8663542952667 is not greater than -892.8659373335225. Delta is -0.00041696174412209075
2025-10-04 22:57:45,460 - INFO - Model fitted. Log-likelihood: -892.8666
2025-10-04 22:57:45,470 - INFO - Saved model artifact: models\hmm_EUR_USD_3_win252_end20150414.joblib
2025-10-04 22:57:45,471 - INFO - Window 96 complete. Train LL: -892.8666
2025-10-04 22:57:45,471 - INFO - Training window 97: 2014-05-26 to 2015-05-13
2025-10-04 22:57:45,489 - INFO - Fitting HMM with 3 states on 252 samples
2025-10-04 22:57:45,490 - INFO - Fitting HMM model with 3 states
2025-10-04 22:57:45,543 - INFO - Model fitted. Log-likelihood: -980.8268
2025-10-04 22:57:45,555 - INFO - Saved model artifact: models\hmm_EUR_USD_3_win252_end20150513.joblib
2025-10-04 22:57:45,555 - INFO - Window 97 complete. Train LL: -980.8268
2025-10-04 22:57:45,556 - INFO - Training window 98: 2014-06-24 to 2015-06-11
2025-10-04 22:57:45,571 - INFO - Fitting HMM with 3 states on 252 samples
2025-10-04 22:57:45,571 - INFO - Fitting HMM model with 3 states
2025-10-04 22:57:45,698 - INFO - Model fitted. Log-likelihood: -967.9274
2025-10-04 22:57:45,706 - INFO - Saved model artifact: models\hmm_EUR_USD_3_win252_end20150611.joblib
2025-10-04 22:57:45,706 - INFO - Window 98 complete. Train LL: -967.9274
2025-10-04 22:57:45,706 - INFO - Training window 99: 2014-07-23 to 2015-07-10
2025-10-04 22:57:45,719 - INFO - Fitting HMM with 3 states on 252 samples
2025-10-04 22:57:45,719 - INFO - Fitting HMM model with 3 states
2025-10-04 22:57:45,793 - INFO - Model fitted. Log-likelihood: -1123.5517
2025-10-04 22:57:45,804 - INFO - Saved model artifact: models\hmm_EUR_USD_3_win252_end20150710.joblib
2025-10-04 22:57:45,805 - INFO - Window 99 complete. Train LL: -1123.5517
2025-10-04 22:57:45,805 - INFO - Training window 100: 2014-08-21 to 2015-08-10
2025-10-04 22:57:45,819 - INFO - Fitting HMM with 3 states on 252 samples
2025-10-04 22:57:45,819 - INFO - Fitting HMM model with 3 states
2025-10-04 22:57:45,891 - INFO - Model fitted. Log-likelihood: -1131.3257
2025-10-04 22:57:45,901 - INFO - Saved model artifact: models\hmm_EUR_USD_3_win252_end20150810.joblib
2025-10-04 22:57:45,901 - INFO - Window 100 complete. Train LL: -1131.3257
2025-10-04 22:57:45,902 - INFO - Training window 101: 2014-09-19 to 2015-09-08
2025-10-04 22:57:45,913 - INFO - Fitting HMM with 3 states on 252 samples
2025-10-04 22:57:45,914 - INFO - Fitting HMM model with 3 states
2025-10-04 22:57:46,027 - INFO - Model fitted. Log-likelihood: -1123.5676
2025-10-04 22:57:46,035 - INFO - Saved model artifact: models\hmm_EUR_USD_3_win252_end20150908.joblib
2025-10-04 22:57:46,036 - INFO - Window 101 complete. Train LL: -1123.5676
2025-10-04 22:57:46,036 - INFO - Training window 102: 2014-10-20 to 2015-10-07
2025-10-04 22:57:46,049 - INFO - Fitting HMM with 3 states on 252 samples
2025-10-04 22:57:46,049 - INFO - Fitting HMM model with 3 states
2025-10-04 22:57:46,104 - INFO - Model fitted. Log-likelihood: -1132.3966
2025-10-04 22:57:46,118 - INFO - Saved model artifact: models\hmm_EUR_USD_3_win252_end20151007.joblib
2025-10-04 22:57:46,118 - INFO - Window 102 complete. Train LL: -1132.3966
2025-10-04 22:57:46,119 - INFO - Training window 103: 2014-11-18 to 2015-11-05
2025-10-04 22:57:46,127 - INFO - Fitting HMM with 3 states on 252 samples
2025-10-04 22:57:46,128 - INFO - Fitting HMM model with 3 states
2025-10-04 22:57:46,236 - INFO - Model fitted. Log-likelihood: -1194.8415
2025-10-04 22:57:46,244 - INFO - Saved model artifact: models\hmm_EUR_USD_3_win252_end20151105.joblib
2025-10-04 22:57:46,245 - INFO - Window 103 complete. Train LL: -1194.8415
2025-10-04 22:57:46,246 - INFO - Training window 104: 2014-12-17 to 2015-12-04
2025-10-04 22:57:46,258 - INFO - Fitting HMM with 3 states on 252 samples
2025-10-04 22:57:46,258 - INFO - Fitting HMM model with 3 states
2025-10-04 22:57:46,326 - INFO - Model fitted. Log-likelihood: -1198.2080
2025-10-04 22:57:46,337 - INFO - Saved model artifact: models\hmm_EUR_USD_3_win252_end20151204.joblib
2025-10-04 22:57:46,337 - INFO - Window 104 complete. Train LL: -1198.2080
2025-10-04 22:57:46,338 - INFO - Training window 105: 2015-01-16 to 2016-01-04
2025-10-04 22:57:46,353 - INFO - Fitting HMM with 3 states on 252 samples
2025-10-04 22:57:46,353 - INFO - Fitting HMM model with 3 states
2025-10-04 22:57:46,440 - INFO - Model fitted. Log-likelihood: -1227.9101
2025-10-04 22:57:46,449 - INFO - Saved model artifact: models\hmm_EUR_USD_3_win252_end20160104.joblib
2025-10-04 22:57:46,450 - INFO - Window 105 complete. Train LL: -1227.9101
2025-10-04 22:57:46,450 - INFO - Training window 106: 2015-02-16 to 2016-02-02
2025-10-04 22:57:46,466 - INFO - Fitting HMM with 3 states on 252 samples
2025-10-04 22:57:46,466 - INFO - Fitting HMM model with 3 states
2025-10-04 22:57:46,568 - INFO - Model fitted. Log-likelihood: -1213.9945
2025-10-04 22:57:46,581 - INFO - Saved model artifact: models\hmm_EUR_USD_3_win252_end20160202.joblib
2025-10-04 22:57:46,581 - INFO - Window 106 complete. Train LL: -1213.9945
2025-10-04 22:57:46,582 - INFO - Training window 107: 2015-03-17 to 2016-03-02
2025-10-04 22:57:46,593 - INFO - Fitting HMM with 3 states on 252 samples
2025-10-04 22:57:46,596 - INFO - Fitting HMM model with 3 states
2025-10-04 22:57:46,661 - INFO - Model fitted. Log-likelihood: -1188.8018
2025-10-04 22:57:46,671 - INFO - Saved model artifact: models\hmm_EUR_USD_3_win252_end20160302.joblib
2025-10-04 22:57:46,671 - INFO - Window 107 complete. Train LL: -1188.8018
2025-10-04 22:57:46,672 - INFO - Training window 108: 2015-04-15 to 2016-03-31
2025-10-04 22:57:46,684 - INFO - Fitting HMM with 3 states on 252 samples
2025-10-04 22:57:46,684 - INFO - Fitting HMM model with 3 states
2025-10-04 22:57:46,815 - INFO - Model fitted. Log-likelihood: -1218.3891
2025-10-04 22:57:46,823 - INFO - Saved model artifact: models\hmm_EUR_USD_3_win252_end20160331.joblib
2025-10-04 22:57:46,823 - INFO - Window 108 complete. Train LL: -1218.3891
2025-10-04 22:57:46,823 - INFO - Training window 109: 2015-05-14 to 2016-04-29
2025-10-04 22:57:46,836 - INFO - Fitting HMM with 3 states on 252 samples
2025-10-04 22:57:46,836 - INFO - Fitting HMM model with 3 states
2025-10-04 22:57:46,915 - INFO - Model fitted. Log-likelihood: -1194.3009
2025-10-04 22:57:46,925 - INFO - Saved model artifact: models\hmm_EUR_USD_3_win252_end20160429.joblib
2025-10-04 22:57:46,926 - INFO - Window 109 complete. Train LL: -1194.3009
2025-10-04 22:57:46,926 - INFO - Training window 110: 2015-06-12 to 2016-05-30
2025-10-04 22:57:46,938 - INFO - Fitting HMM with 3 states on 252 samples
2025-10-04 22:57:46,938 - INFO - Fitting HMM model with 3 states
2025-10-04 22:57:47,179 - INFO - Model fitted. Log-likelihood: -1220.9357
2025-10-04 22:57:47,188 - INFO - Saved model artifact: models\hmm_EUR_USD_3_win252_end20160530.joblib
2025-10-04 22:57:47,188 - INFO - Window 110 complete. Train LL: -1220.9357
2025-10-04 22:57:47,189 - INFO - Training window 111: 2015-07-13 to 2016-06-28
2025-10-04 22:57:47,203 - INFO - Fitting HMM with 3 states on 252 samples
2025-10-04 22:57:47,204 - INFO - Fitting HMM model with 3 states
2025-10-04 22:57:47,306 - INFO - Model fitted. Log-likelihood: -1212.5811
2025-10-04 22:57:47,320 - INFO - Saved model artifact: models\hmm_EUR_USD_3_win252_end20160628.joblib
2025-10-04 22:57:47,321 - INFO - Window 111 complete. Train LL: -1212.5811
2025-10-04 22:57:47,321 - INFO - Training window 112: 2015-08-11 to 2016-07-27
2025-10-04 22:57:47,342 - INFO - Fitting HMM with 3 states on 252 samples
2025-10-04 22:57:47,343 - INFO - Fitting HMM model with 3 states
2025-10-04 22:57:47,425 - INFO - Model fitted. Log-likelihood: -1236.3430
2025-10-04 22:57:47,433 - INFO - Saved model artifact: models\hmm_EUR_USD_3_win252_end20160727.joblib
2025-10-04 22:57:47,434 - INFO - Window 112 complete. Train LL: -1236.3430
2025-10-04 22:57:47,434 - INFO - Training window 113: 2015-09-09 to 2016-08-25
2025-10-04 22:57:47,452 - INFO - Fitting HMM with 3 states on 252 samples
2025-10-04 22:57:47,452 - INFO - Fitting HMM model with 3 states
2025-10-04 22:57:47,575 - INFO - Model fitted. Log-likelihood: -1277.1116
2025-10-04 22:57:47,616 - INFO - Saved model artifact: models\hmm_EUR_USD_3_win252_end20160825.joblib
2025-10-04 22:57:47,617 - INFO - Window 113 complete. Train LL: -1277.1116
2025-10-04 22:57:47,617 - INFO - Training window 114: 2015-10-08 to 2016-09-23
2025-10-04 22:57:47,625 - INFO - Fitting HMM with 3 states on 252 samples
2025-10-04 22:57:47,625 - INFO - Fitting HMM model with 3 states
2025-10-04 22:57:47,672 - INFO - Model fitted. Log-likelihood: -1267.6504
2025-10-04 22:57:47,683 - INFO - Saved model artifact: models\hmm_EUR_USD_3_win252_end20160923.joblib
2025-10-04 22:57:47,683 - INFO - Window 114 complete. Train LL: -1267.6504
2025-10-04 22:57:47,683 - INFO - Training window 115: 2015-11-06 to 2016-10-24
2025-10-04 22:57:47,692 - INFO - Fitting HMM with 3 states on 252 samples
2025-10-04 22:57:47,693 - INFO - Fitting HMM model with 3 states
2025-10-04 22:57:47,800 - INFO - Model fitted. Log-likelihood: -1250.6751
2025-10-04 22:57:47,807 - INFO - Saved model artifact: models\hmm_EUR_USD_3_win252_end20161024.joblib
2025-10-04 22:57:47,807 - INFO - Window 115 complete. Train LL: -1250.6751
2025-10-04 22:57:47,808 - INFO - Training window 116: 2015-12-07 to 2016-11-22
2025-10-04 22:57:47,820 - INFO - Fitting HMM with 3 states on 252 samples
2025-10-04 22:57:47,820 - INFO - Fitting HMM model with 3 states
2025-10-04 22:57:47,986 - INFO - Model fitted. Log-likelihood: -1251.3025
2025-10-04 22:57:48,015 - INFO - Saved model artifact: models\hmm_EUR_USD_3_win252_end20161122.joblib
2025-10-04 22:57:48,016 - INFO - Window 116 complete. Train LL: -1251.3025
2025-10-04 22:57:48,016 - INFO - Training window 117: 2016-01-05 to 2016-12-21
2025-10-04 22:57:48,035 - INFO - Fitting HMM with 3 states on 252 samples
2025-10-04 22:57:48,043 - INFO - Fitting HMM model with 3 states
2025-10-04 22:57:48,123 - INFO - Model fitted. Log-likelihood: -1280.7199
2025-10-04 22:57:48,133 - INFO - Saved model artifact: models\hmm_EUR_USD_3_win252_end20161221.joblib
2025-10-04 22:57:48,134 - INFO - Window 117 complete. Train LL: -1280.7199
2025-10-04 22:57:48,134 - INFO - Training window 118: 2016-02-03 to 2017-01-19
2025-10-04 22:57:48,149 - INFO - Fitting HMM with 3 states on 252 samples
2025-10-04 22:57:48,150 - INFO - Fitting HMM model with 3 states
2025-10-04 22:57:48,210 - INFO - Model fitted. Log-likelihood: -1211.1728
2025-10-04 22:57:48,220 - INFO - Saved model artifact: models\hmm_EUR_USD_3_win252_end20170119.joblib
2025-10-04 22:57:48,221 - INFO - Window 118 complete. Train LL: -1211.1728
2025-10-04 22:57:48,221 - INFO - Training window 119: 2016-03-03 to 2017-02-17
2025-10-04 22:57:48,233 - INFO - Fitting HMM with 3 states on 252 samples
2025-10-04 22:57:48,233 - INFO - Fitting HMM model with 3 states
2025-10-04 22:57:48,333 - INFO - Model fitted. Log-likelihood: -1218.7040
2025-10-04 22:57:48,341 - INFO - Saved model artifact: models\hmm_EUR_USD_3_win252_end20170217.joblib
2025-10-04 22:57:48,341 - INFO - Window 119 complete. Train LL: -1218.7040
2025-10-04 22:57:48,341 - INFO - Training window 120: 2016-04-01 to 2017-03-20
2025-10-04 22:57:48,354 - INFO - Fitting HMM with 3 states on 252 samples
2025-10-04 22:57:48,354 - INFO - Fitting HMM model with 3 states
2025-10-04 22:57:48,473 - INFO - Model fitted. Log-likelihood: -1189.9569
2025-10-04 22:57:48,484 - INFO - Saved model artifact: models\hmm_EUR_USD_3_win252_end20170320.joblib
2025-10-04 22:57:48,484 - INFO - Window 120 complete. Train LL: -1189.9569
2025-10-04 22:57:48,485 - INFO - Training window 121: 2016-05-02 to 2017-04-18
2025-10-04 22:57:48,499 - INFO - Fitting HMM with 3 states on 252 samples
2025-10-04 22:57:48,499 - INFO - Fitting HMM model with 3 states
2025-10-04 22:57:48,557 - INFO - Model fitted. Log-likelihood: -1171.8167
2025-10-04 22:57:48,571 - INFO - Saved model artifact: models\hmm_EUR_USD_3_win252_end20170418.joblib
2025-10-04 22:57:48,571 - INFO - Window 121 complete. Train LL: -1171.8167
2025-10-04 22:57:48,571 - INFO - Training window 122: 2016-05-31 to 2017-05-17
2025-10-04 22:57:48,583 - INFO - Fitting HMM with 3 states on 252 samples
2025-10-04 22:57:48,584 - INFO - Fitting HMM model with 3 states
2025-10-04 22:57:48,652 - INFO - Model fitted. Log-likelihood: -1218.0359
2025-10-04 22:57:48,661 - INFO - Saved model artifact: models\hmm_EUR_USD_3_win252_end20170517.joblib
2025-10-04 22:57:48,661 - INFO - Window 122 complete. Train LL: -1218.0359
2025-10-04 22:57:48,662 - INFO - Training window 123: 2016-06-29 to 2017-06-15
2025-10-04 22:57:48,671 - INFO - Fitting HMM with 3 states on 252 samples
2025-10-04 22:57:48,672 - INFO - Fitting HMM model with 3 states
2025-10-04 22:57:48,769 - INFO - Model fitted. Log-likelihood: -1191.8448
2025-10-04 22:57:48,779 - INFO - Saved model artifact: models\hmm_EUR_USD_3_win252_end20170615.joblib
2025-10-04 22:57:48,780 - INFO - Window 123 complete. Train LL: -1191.8448
2025-10-04 22:57:48,780 - INFO - Training window 124: 2016-07-28 to 2017-07-14
2025-10-04 22:57:48,791 - INFO - Fitting HMM with 3 states on 252 samples
2025-10-04 22:57:48,791 - INFO - Fitting HMM model with 3 states
2025-10-04 22:57:48,952 - INFO - Model fitted. Log-likelihood: -1198.7944
2025-10-04 22:57:48,961 - INFO - Saved model artifact: models\hmm_EUR_USD_3_win252_end20170714.joblib
2025-10-04 22:57:48,961 - INFO - Window 124 complete. Train LL: -1198.7944
2025-10-04 22:57:48,962 - INFO - Training window 125: 2016-08-26 to 2017-08-14
2025-10-04 22:57:48,973 - INFO - Fitting HMM with 3 states on 252 samples
2025-10-04 22:57:48,973 - INFO - Fitting HMM model with 3 states
2025-10-04 22:57:49,064 - INFO - Model fitted. Log-likelihood: -1180.0392
2025-10-04 22:57:49,075 - INFO - Saved model artifact: models\hmm_EUR_USD_3_win252_end20170814.joblib
2025-10-04 22:57:49,075 - INFO - Window 125 complete. Train LL: -1180.0392
2025-10-04 22:57:49,076 - INFO - Training window 126: 2016-09-26 to 2017-09-12
2025-10-04 22:57:49,091 - INFO - Fitting HMM with 3 states on 252 samples
2025-10-04 22:57:49,091 - INFO - Fitting HMM model with 3 states
2025-10-04 22:57:49,158 - INFO - Model fitted. Log-likelihood: -1230.1276
2025-10-04 22:57:49,170 - INFO - Saved model artifact: models\hmm_EUR_USD_3_win252_end20170912.joblib
2025-10-04 22:57:49,170 - INFO - Window 126 complete. Train LL: -1230.1276
2025-10-04 22:57:49,171 - INFO - Training window 127: 2016-10-25 to 2017-10-11
2025-10-04 22:57:49,183 - INFO - Fitting HMM with 3 states on 252 samples
2025-10-04 22:57:49,183 - INFO - Fitting HMM model with 3 states
2025-10-04 22:57:49,272 - INFO - Model fitted. Log-likelihood: -1245.6457
2025-10-04 22:57:49,281 - INFO - Saved model artifact: models\hmm_EUR_USD_3_win252_end20171011.joblib
2025-10-04 22:57:49,281 - INFO - Window 127 complete. Train LL: -1245.6457
2025-10-04 22:57:49,281 - INFO - Training window 128: 2016-11-23 to 2017-11-09
2025-10-04 22:57:49,292 - INFO - Fitting HMM with 3 states on 252 samples
2025-10-04 22:57:49,292 - INFO - Fitting HMM model with 3 states
2025-10-04 22:57:49,353 - INFO - Model fitted. Log-likelihood: -1275.7638
2025-10-04 22:57:49,363 - INFO - Saved model artifact: models\hmm_EUR_USD_3_win252_end20171109.joblib
2025-10-04 22:57:49,364 - INFO - Window 128 complete. Train LL: -1275.7638
2025-10-04 22:57:49,365 - INFO - Training window 129: 2016-12-22 to 2017-12-08
2025-10-04 22:57:49,376 - INFO - Fitting HMM with 3 states on 252 samples
2025-10-04 22:57:49,376 - INFO - Fitting HMM model with 3 states
2025-10-04 22:57:49,431 - INFO - Model fitted. Log-likelihood: -1271.4446
2025-10-04 22:57:49,440 - INFO - Saved model artifact: models\hmm_EUR_USD_3_win252_end20171208.joblib
2025-10-04 22:57:49,440 - INFO - Window 129 complete. Train LL: -1271.4446
2025-10-04 22:57:49,440 - INFO - Training window 130: 2017-01-20 to 2018-01-08
2025-10-04 22:57:49,452 - INFO - Fitting HMM with 3 states on 252 samples
2025-10-04 22:57:49,453 - INFO - Fitting HMM model with 3 states
2025-10-04 22:57:49,601 - INFO - Model fitted. Log-likelihood: -1242.2470
2025-10-04 22:57:49,610 - INFO - Saved model artifact: models\hmm_EUR_USD_3_win252_end20180108.joblib
2025-10-04 22:57:49,611 - INFO - Window 130 complete. Train LL: -1242.2470
2025-10-04 22:57:49,613 - INFO - Training window 131: 2017-02-20 to 2018-02-06
2025-10-04 22:57:49,621 - INFO - Fitting HMM with 3 states on 252 samples
2025-10-04 22:57:49,622 - INFO - Fitting HMM model with 3 states
2025-10-04 22:57:49,676 - INFO - Model fitted. Log-likelihood: -1238.4744
2025-10-04 22:57:49,690 - INFO - Saved model artifact: models\hmm_EUR_USD_3_win252_end20180206.joblib
2025-10-04 22:57:49,690 - INFO - Window 131 complete. Train LL: -1238.4744
2025-10-04 22:57:49,691 - INFO - Training window 132: 2017-03-21 to 2018-03-07
2025-10-04 22:57:49,707 - INFO - Fitting HMM with 3 states on 252 samples
2025-10-04 22:57:49,707 - INFO - Fitting HMM model with 3 states
2025-10-04 22:57:49,771 - INFO - Model fitted. Log-likelihood: -1299.1370
2025-10-04 22:57:49,782 - INFO - Saved model artifact: models\hmm_EUR_USD_3_win252_end20180307.joblib
2025-10-04 22:57:49,782 - INFO - Window 132 complete. Train LL: -1299.1370
2025-10-04 22:57:49,782 - INFO - Training window 133: 2017-04-19 to 2018-04-05
2025-10-04 22:57:49,793 - INFO - Fitting HMM with 3 states on 252 samples
2025-10-04 22:57:49,793 - INFO - Fitting HMM model with 3 states
2025-10-04 22:57:49,867 - INFO - Model fitted. Log-likelihood: -1245.3804
2025-10-04 22:57:49,875 - INFO - Saved model artifact: models\hmm_EUR_USD_3_win252_end20180405.joblib
2025-10-04 22:57:49,876 - INFO - Window 133 complete. Train LL: -1245.3804
2025-10-04 22:57:49,876 - INFO - Training window 134: 2017-05-18 to 2018-05-04
2025-10-04 22:57:49,892 - INFO - Fitting HMM with 3 states on 252 samples
2025-10-04 22:57:49,892 - INFO - Fitting HMM model with 3 states
2025-10-04 22:57:49,956 - INFO - Model fitted. Log-likelihood: -1268.6261
2025-10-04 22:57:49,967 - INFO - Saved model artifact: models\hmm_EUR_USD_3_win252_end20180504.joblib
2025-10-04 22:57:49,967 - INFO - Window 134 complete. Train LL: -1268.6261
2025-10-04 22:57:49,968 - INFO - Training window 135: 2017-06-16 to 2018-06-04
2025-10-04 22:57:49,980 - INFO - Fitting HMM with 3 states on 252 samples
2025-10-04 22:57:49,980 - INFO - Fitting HMM model with 3 states
2025-10-04 22:57:50,044 - INFO - Model fitted. Log-likelihood: -1233.9636
2025-10-04 22:57:50,055 - INFO - Saved model artifact: models\hmm_EUR_USD_3_win252_end20180604.joblib
2025-10-04 22:57:50,055 - INFO - Window 135 complete. Train LL: -1233.9636
2025-10-04 22:57:50,056 - INFO - Training window 136: 2017-07-17 to 2018-07-03
2025-10-04 22:57:50,068 - INFO - Fitting HMM with 3 states on 252 samples
2025-10-04 22:57:50,068 - INFO - Fitting HMM model with 3 states
2025-10-04 22:57:50,134 - INFO - Model fitted. Log-likelihood: -1275.8055
2025-10-04 22:57:50,142 - INFO - Saved model artifact: models\hmm_EUR_USD_3_win252_end20180703.joblib
2025-10-04 22:57:50,142 - INFO - Window 136 complete. Train LL: -1275.8055
2025-10-04 22:57:50,143 - INFO - Training window 137: 2017-08-15 to 2018-08-01
2025-10-04 22:57:50,158 - INFO - Fitting HMM with 3 states on 252 samples
2025-10-04 22:57:50,158 - INFO - Fitting HMM model with 3 states
2025-10-04 22:57:50,205 - INFO - Model fitted. Log-likelihood: -1278.6511
2025-10-04 22:57:50,215 - INFO - Saved model artifact: models\hmm_EUR_USD_3_win252_end20180801.joblib
2025-10-04 22:57:50,215 - INFO - Window 137 complete. Train LL: -1278.6511
2025-10-04 22:57:50,216 - INFO - Training window 138: 2017-09-13 to 2018-08-30
2025-10-04 22:57:50,232 - INFO - Fitting HMM with 3 states on 252 samples
2025-10-04 22:57:50,232 - INFO - Fitting HMM model with 3 states
2025-10-04 22:57:50,299 - INFO - Model fitted. Log-likelihood: -1248.1593
2025-10-04 22:57:50,307 - INFO - Saved model artifact: models\hmm_EUR_USD_3_win252_end20180830.joblib
2025-10-04 22:57:50,307 - INFO - Window 138 complete. Train LL: -1248.1593
2025-10-04 22:57:50,308 - INFO - Training window 139: 2017-10-12 to 2018-09-28
2025-10-04 22:57:50,320 - INFO - Fitting HMM with 3 states on 252 samples
2025-10-04 22:57:50,320 - INFO - Fitting HMM model with 3 states
2025-10-04 22:57:50,381 - INFO - Model fitted. Log-likelihood: -1291.4888
2025-10-04 22:57:50,393 - INFO - Saved model artifact: models\hmm_EUR_USD_3_win252_end20180928.joblib
2025-10-04 22:57:50,396 - INFO - Window 139 complete. Train LL: -1291.4888
2025-10-04 22:57:50,397 - INFO - Training window 140: 2017-11-10 to 2018-10-29
2025-10-04 22:57:50,407 - INFO - Fitting HMM with 3 states on 252 samples
2025-10-04 22:57:50,408 - INFO - Fitting HMM model with 3 states
2025-10-04 22:57:50,508 - INFO - Model fitted. Log-likelihood: -1249.4222
2025-10-04 22:57:50,517 - INFO - Saved model artifact: models\hmm_EUR_USD_3_win252_end20181029.joblib
2025-10-04 22:57:50,517 - INFO - Window 140 complete. Train LL: -1249.4222
2025-10-04 22:57:50,517 - INFO - Training window 141: 2017-12-11 to 2018-11-27
2025-10-04 22:57:50,535 - INFO - Fitting HMM with 3 states on 252 samples
2025-10-04 22:57:50,536 - INFO - Fitting HMM model with 3 states
2025-10-04 22:57:50,836 - INFO - Model fitted. Log-likelihood: -1423.6538
2025-10-04 22:57:50,845 - INFO - Saved model artifact: models\hmm_EUR_USD_3_win252_end20181127.joblib
2025-10-04 22:57:50,846 - INFO - Window 141 complete. Train LL: -1423.6538
2025-10-04 22:57:50,846 - INFO - Training window 142: 2018-01-09 to 2018-12-26
2025-10-04 22:57:50,854 - INFO - Fitting HMM with 3 states on 252 samples
2025-10-04 22:57:50,855 - INFO - Fitting HMM model with 3 states
2025-10-04 22:57:50,908 - INFO - Model fitted. Log-likelihood: -1219.7484
2025-10-04 22:57:50,917 - INFO - Saved model artifact: models\hmm_EUR_USD_3_win252_end20181226.joblib
2025-10-04 22:57:50,918 - INFO - Window 142 complete. Train LL: -1219.7484
2025-10-04 22:57:50,918 - INFO - Training window 143: 2018-02-07 to 2019-01-24
2025-10-04 22:57:50,935 - INFO - Fitting HMM with 3 states on 252 samples
2025-10-04 22:57:50,935 - INFO - Fitting HMM model with 3 states
2025-10-04 22:57:51,019 - INFO - Model fitted. Log-likelihood: -1232.2658
2025-10-04 22:57:51,028 - INFO - Saved model artifact: models\hmm_EUR_USD_3_win252_end20190124.joblib
2025-10-04 22:57:51,028 - INFO - Window 143 complete. Train LL: -1232.2658
2025-10-04 22:57:51,029 - INFO - Training window 144: 2018-03-08 to 2019-02-22
2025-10-04 22:57:51,041 - INFO - Fitting HMM with 3 states on 252 samples
2025-10-04 22:57:51,041 - INFO - Fitting HMM model with 3 states
2025-10-04 22:57:51,097 - INFO - Model fitted. Log-likelihood: -1218.2382
2025-10-04 22:57:51,105 - INFO - Saved model artifact: models\hmm_EUR_USD_3_win252_end20190222.joblib
2025-10-04 22:57:51,105 - INFO - Window 144 complete. Train LL: -1218.2382
2025-10-04 22:57:51,105 - INFO - Training window 145: 2018-04-06 to 2019-03-25
2025-10-04 22:57:51,123 - INFO - Fitting HMM with 3 states on 252 samples
2025-10-04 22:57:51,124 - INFO - Fitting HMM model with 3 states
2025-10-04 22:57:51,196 - INFO - Model fitted. Log-likelihood: -1217.2527
2025-10-04 22:57:51,204 - INFO - Saved model artifact: models\hmm_EUR_USD_3_win252_end20190325.joblib
2025-10-04 22:57:51,205 - INFO - Window 145 complete. Train LL: -1217.2527
2025-10-04 22:57:51,205 - INFO - Training window 146: 2018-05-07 to 2019-04-23
2025-10-04 22:57:51,221 - INFO - Fitting HMM with 3 states on 252 samples
2025-10-04 22:57:51,221 - INFO - Fitting HMM model with 3 states
2025-10-04 22:57:51,286 - INFO - Model fitted. Log-likelihood: -1288.4706
2025-10-04 22:57:51,298 - INFO - Saved model artifact: models\hmm_EUR_USD_3_win252_end20190423.joblib
2025-10-04 22:57:51,299 - INFO - Window 146 complete. Train LL: -1288.4706
2025-10-04 22:57:51,300 - INFO - Training window 147: 2018-06-05 to 2019-05-22
2025-10-04 22:57:51,309 - INFO - Fitting HMM with 3 states on 252 samples
2025-10-04 22:57:51,309 - INFO - Fitting HMM model with 3 states
2025-10-04 22:57:51,375 - INFO - Model fitted. Log-likelihood: -1311.3865
2025-10-04 22:57:51,386 - INFO - Saved model artifact: models\hmm_EUR_USD_3_win252_end20190522.joblib
2025-10-04 22:57:51,386 - INFO - Window 147 complete. Train LL: -1311.3865
2025-10-04 22:57:51,386 - INFO - Training window 148: 2018-07-04 to 2019-06-20
2025-10-04 22:57:51,401 - INFO - Fitting HMM with 3 states on 252 samples
2025-10-04 22:57:51,402 - INFO - Fitting HMM model with 3 states
2025-10-04 22:57:51,467 - INFO - Model fitted. Log-likelihood: -1257.6271
2025-10-04 22:57:51,474 - INFO - Saved model artifact: models\hmm_EUR_USD_3_win252_end20190620.joblib
2025-10-04 22:57:51,475 - INFO - Window 148 complete. Train LL: -1257.6271
2025-10-04 22:57:51,475 - INFO - Training window 149: 2018-08-02 to 2019-07-19
2025-10-04 22:57:51,490 - INFO - Fitting HMM with 3 states on 252 samples
2025-10-04 22:57:51,491 - INFO - Fitting HMM model with 3 states
2025-10-04 22:57:51,555 - INFO - Model fitted. Log-likelihood: -1310.5407
2025-10-04 22:57:51,565 - INFO - Saved model artifact: models\hmm_EUR_USD_3_win252_end20190719.joblib
2025-10-04 22:57:51,565 - INFO - Window 149 complete. Train LL: -1310.5407
2025-10-04 22:57:51,565 - INFO - Training window 150: 2018-08-31 to 2019-08-19
2025-10-04 22:57:51,574 - INFO - Fitting HMM with 3 states on 252 samples
2025-10-04 22:57:51,575 - INFO - Fitting HMM model with 3 states
2025-10-04 22:57:51,667 - INFO - Model fitted. Log-likelihood: -1331.5483
2025-10-04 22:57:51,674 - INFO - Saved model artifact: models\hmm_EUR_USD_3_win252_end20190819.joblib
2025-10-04 22:57:51,675 - INFO - Window 150 complete. Train LL: -1331.5483
2025-10-04 22:57:51,675 - INFO - Training window 151: 2018-10-01 to 2019-09-17
2025-10-04 22:57:51,691 - INFO - Fitting HMM with 3 states on 252 samples
2025-10-04 22:57:51,691 - INFO - Fitting HMM model with 3 states
2025-10-04 22:57:51,786 - INFO - Model fitted. Log-likelihood: -1358.3679
2025-10-04 22:57:51,794 - INFO - Saved model artifact: models\hmm_EUR_USD_3_win252_end20190917.joblib
2025-10-04 22:57:51,795 - INFO - Window 151 complete. Train LL: -1358.3679
2025-10-04 22:57:51,795 - INFO - Training window 152: 2018-10-30 to 2019-10-16
2025-10-04 22:57:51,806 - INFO - Fitting HMM with 3 states on 252 samples
2025-10-04 22:57:51,807 - INFO - Fitting HMM model with 3 states
2025-10-04 22:57:51,896 - INFO - Model fitted. Log-likelihood: -1413.0715
2025-10-04 22:57:51,906 - INFO - Saved model artifact: models\hmm_EUR_USD_3_win252_end20191016.joblib
2025-10-04 22:57:51,906 - INFO - Window 152 complete. Train LL: -1413.0715
2025-10-04 22:57:51,906 - INFO - Training window 153: 2018-11-28 to 2019-11-14
2025-10-04 22:57:51,920 - INFO - Fitting HMM with 3 states on 252 samples
2025-10-04 22:57:51,920 - INFO - Fitting HMM model with 3 states
2025-10-04 22:57:51,975 - INFO - Model fitted. Log-likelihood: -1358.3911
2025-10-04 22:57:51,986 - INFO - Saved model artifact: models\hmm_EUR_USD_3_win252_end20191114.joblib
2025-10-04 22:57:51,986 - INFO - Window 153 complete. Train LL: -1358.3911
2025-10-04 22:57:51,986 - INFO - Training window 154: 2018-12-27 to 2019-12-13
2025-10-04 22:57:52,001 - INFO - Fitting HMM with 3 states on 252 samples
2025-10-04 22:57:52,002 - INFO - Fitting HMM model with 3 states
2025-10-04 22:57:52,073 - INFO - Model fitted. Log-likelihood: -1347.2547
2025-10-04 22:57:52,084 - INFO - Saved model artifact: models\hmm_EUR_USD_3_win252_end20191213.joblib
2025-10-04 22:57:52,084 - INFO - Window 154 complete. Train LL: -1347.2547
2025-10-04 22:57:52,084 - INFO - Training window 155: 2019-01-25 to 2020-01-13
2025-10-04 22:57:52,100 - INFO - Fitting HMM with 3 states on 252 samples
2025-10-04 22:57:52,101 - INFO - Fitting HMM model with 3 states
2025-10-04 22:57:52,221 - INFO - Model fitted. Log-likelihood: -1369.9333
2025-10-04 22:57:52,232 - INFO - Saved model artifact: models\hmm_EUR_USD_3_win252_end20200113.joblib
2025-10-04 22:57:52,232 - INFO - Window 155 complete. Train LL: -1369.9333
2025-10-04 22:57:52,233 - INFO - Training window 156: 2019-02-25 to 2020-02-11
2025-10-04 22:57:52,241 - INFO - Fitting HMM with 3 states on 252 samples
2025-10-04 22:57:52,241 - INFO - Fitting HMM model with 3 states
2025-10-04 22:57:52,340 - INFO - Model fitted. Log-likelihood: -1342.8031
2025-10-04 22:57:52,350 - INFO - Saved model artifact: models\hmm_EUR_USD_3_win252_end20200211.joblib
2025-10-04 22:57:52,350 - INFO - Window 156 complete. Train LL: -1342.8031
2025-10-04 22:57:52,351 - INFO - Training window 157: 2019-03-26 to 2020-03-11
2025-10-04 22:57:52,365 - INFO - Fitting HMM with 3 states on 252 samples
2025-10-04 22:57:52,366 - INFO - Fitting HMM model with 3 states
2025-10-04 22:57:52,406 - INFO - Model fitted. Log-likelihood: -1184.3110
2025-10-04 22:57:52,419 - INFO - Saved model artifact: models\hmm_EUR_USD_3_win252_end20200311.joblib
2025-10-04 22:57:52,419 - INFO - Window 157 complete. Train LL: -1184.3110
2025-10-04 22:57:52,419 - INFO - Training window 158: 2019-04-24 to 2020-04-09
2025-10-04 22:57:52,430 - INFO - Fitting HMM with 3 states on 252 samples
2025-10-04 22:57:52,431 - INFO - Fitting HMM model with 3 states
2025-10-04 22:57:52,486 - INFO - Model fitted. Log-likelihood: -804.5787
2025-10-04 22:57:52,498 - INFO - Saved model artifact: models\hmm_EUR_USD_3_win252_end20200409.joblib
2025-10-04 22:57:52,498 - INFO - Window 158 complete. Train LL: -804.5787
2025-10-04 22:57:52,499 - INFO - Training window 159: 2019-05-23 to 2020-05-08
2025-10-04 22:57:52,513 - INFO - Fitting HMM with 3 states on 252 samples
2025-10-04 22:57:52,514 - INFO - Fitting HMM model with 3 states
2025-10-04 22:57:52,593 - WARNING - Model is not converging.  Current: -863.2179263852663 is not greater than -863.2179239365994. Delta is -2.4486669190082466e-06
2025-10-04 22:57:52,596 - INFO - Model fitted. Log-likelihood: -863.2179
2025-10-04 22:57:52,603 - INFO - Saved model artifact: models\hmm_EUR_USD_3_win252_end20200508.joblib
2025-10-04 22:57:52,603 - INFO - Window 159 complete. Train LL: -863.2179
2025-10-04 22:57:52,604 - INFO - Training window 160: 2019-06-21 to 2020-06-08
2025-10-04 22:57:52,618 - INFO - Fitting HMM with 3 states on 252 samples
2025-10-04 22:57:52,619 - INFO - Fitting HMM model with 3 states
2025-10-04 22:57:52,682 - INFO - Model fitted. Log-likelihood: -888.6171
2025-10-04 22:57:52,690 - INFO - Saved model artifact: models\hmm_EUR_USD_3_win252_end20200608.joblib
2025-10-04 22:57:52,690 - INFO - Window 160 complete. Train LL: -888.6171
2025-10-04 22:57:52,691 - INFO - Training window 161: 2019-07-22 to 2020-07-07
2025-10-04 22:57:52,704 - INFO - Fitting HMM with 3 states on 252 samples
2025-10-04 22:57:52,704 - INFO - Fitting HMM model with 3 states
2025-10-04 22:57:52,768 - INFO - Model fitted. Log-likelihood: -918.3493
2025-10-04 22:57:52,778 - INFO - Saved model artifact: models\hmm_EUR_USD_3_win252_end20200707.joblib
2025-10-04 22:57:52,779 - INFO - Window 161 complete. Train LL: -918.3493
2025-10-04 22:57:52,779 - INFO - Training window 162: 2019-08-20 to 2020-08-05
2025-10-04 22:57:52,790 - INFO - Fitting HMM with 3 states on 252 samples
2025-10-04 22:57:52,790 - INFO - Fitting HMM model with 3 states
2025-10-04 22:57:52,833 - INFO - Model fitted. Log-likelihood: -962.1927
2025-10-04 22:57:52,841 - INFO - Saved model artifact: models\hmm_EUR_USD_3_win252_end20200805.joblib
2025-10-04 22:57:52,841 - INFO - Window 162 complete. Train LL: -962.1927
2025-10-04 22:57:52,842 - INFO - Training window 163: 2019-09-18 to 2020-09-03
2025-10-04 22:57:52,857 - INFO - Fitting HMM with 3 states on 252 samples
2025-10-04 22:57:52,858 - INFO - Fitting HMM model with 3 states
2025-10-04 22:57:52,906 - INFO - Model fitted. Log-likelihood: -1015.3050
2025-10-04 22:57:52,921 - INFO - Saved model artifact: models\hmm_EUR_USD_3_win252_end20200903.joblib
2025-10-04 22:57:52,921 - INFO - Window 163 complete. Train LL: -1015.3050
2025-10-04 22:57:52,921 - INFO - Training window 164: 2019-10-17 to 2020-10-02
2025-10-04 22:57:52,937 - INFO - Fitting HMM with 3 states on 252 samples
2025-10-04 22:57:52,937 - INFO - Fitting HMM model with 3 states
2025-10-04 22:57:53,026 - WARNING - Model is not converging.  Current: -1001.5173149735613 is not greater than -1001.5168251312523. Delta is -0.0004898423089798598
2025-10-04 22:57:53,029 - INFO - Model fitted. Log-likelihood: -1001.5186
2025-10-04 22:57:53,037 - INFO - Saved model artifact: models\hmm_EUR_USD_3_win252_end20201002.joblib
2025-10-04 22:57:53,037 - INFO - Window 164 complete. Train LL: -1001.5186
2025-10-04 22:57:53,037 - INFO - Training window 165: 2019-11-15 to 2020-11-02
2025-10-04 22:57:53,051 - INFO - Fitting HMM with 3 states on 252 samples
2025-10-04 22:57:53,052 - INFO - Fitting HMM model with 3 states
2025-10-04 22:57:53,149 - INFO - Model fitted. Log-likelihood: -992.1405
2025-10-04 22:57:53,157 - INFO - Saved model artifact: models\hmm_EUR_USD_3_win252_end20201102.joblib
2025-10-04 22:57:53,158 - INFO - Window 165 complete. Train LL: -992.1405
2025-10-04 22:57:53,158 - INFO - Training window 166: 2019-12-16 to 2020-12-01
2025-10-04 22:57:53,172 - INFO - Fitting HMM with 3 states on 252 samples
2025-10-04 22:57:53,172 - INFO - Fitting HMM model with 3 states
2025-10-04 22:57:53,226 - INFO - Model fitted. Log-likelihood: -1025.0686
2025-10-04 22:57:53,236 - INFO - Saved model artifact: models\hmm_EUR_USD_3_win252_end20201201.joblib
2025-10-04 22:57:53,236 - INFO - Window 166 complete. Train LL: -1025.0686
2025-10-04 22:57:53,236 - INFO - Training window 167: 2020-01-14 to 2020-12-30
2025-10-04 22:57:53,251 - INFO - Fitting HMM with 3 states on 252 samples
2025-10-04 22:57:53,251 - INFO - Fitting HMM model with 3 states
2025-10-04 22:57:53,380 - INFO - Model fitted. Log-likelihood: -1302.1624
2025-10-04 22:57:53,387 - INFO - Saved model artifact: models\hmm_EUR_USD_3_win252_end20201230.joblib
2025-10-04 22:57:53,388 - INFO - Window 167 complete. Train LL: -1302.1624
2025-10-04 22:57:53,388 - INFO - Training window 168: 2020-02-12 to 2021-01-28
2025-10-04 22:57:53,402 - INFO - Fitting HMM with 3 states on 252 samples
2025-10-04 22:57:53,402 - INFO - Fitting HMM model with 3 states
2025-10-04 22:57:53,491 - INFO - Model fitted. Log-likelihood: -1006.9528
2025-10-04 22:57:53,501 - INFO - Saved model artifact: models\hmm_EUR_USD_3_win252_end20210128.joblib
2025-10-04 22:57:53,501 - INFO - Window 168 complete. Train LL: -1006.9528
2025-10-04 22:57:53,502 - INFO - Training window 169: 2020-03-12 to 2021-02-26
2025-10-04 22:57:53,514 - INFO - Fitting HMM with 3 states on 252 samples
2025-10-04 22:57:53,514 - INFO - Fitting HMM model with 3 states
2025-10-04 22:57:53,561 - INFO - Model fitted. Log-likelihood: -949.2437
2025-10-04 22:57:53,571 - INFO - Saved model artifact: models\hmm_EUR_USD_3_win252_end20210226.joblib
2025-10-04 22:57:53,571 - INFO - Window 169 complete. Train LL: -949.2437
2025-10-04 22:57:53,571 - INFO - Training window 170: 2020-04-10 to 2021-03-29
2025-10-04 22:57:53,586 - INFO - Fitting HMM with 3 states on 252 samples
2025-10-04 22:57:53,586 - INFO - Fitting HMM model with 3 states
2025-10-04 22:57:53,631 - INFO - Model fitted. Log-likelihood: -1139.2971
2025-10-04 22:57:53,639 - INFO - Saved model artifact: models\hmm_EUR_USD_3_win252_end20210329.joblib
2025-10-04 22:57:53,639 - INFO - Window 170 complete. Train LL: -1139.2971
2025-10-04 22:57:53,640 - INFO - Training window 171: 2020-05-11 to 2021-04-27
2025-10-04 22:57:53,653 - INFO - Fitting HMM with 3 states on 252 samples
2025-10-04 22:57:53,654 - INFO - Fitting HMM model with 3 states
2025-10-04 22:57:53,715 - INFO - Model fitted. Log-likelihood: -1160.8229
2025-10-04 22:57:53,723 - INFO - Saved model artifact: models\hmm_EUR_USD_3_win252_end20210427.joblib
2025-10-04 22:57:53,723 - INFO - Window 171 complete. Train LL: -1160.8229
2025-10-04 22:57:53,723 - INFO - Training window 172: 2020-06-09 to 2021-05-26
2025-10-04 22:57:53,739 - INFO - Fitting HMM with 3 states on 252 samples
2025-10-04 22:57:53,739 - INFO - Fitting HMM model with 3 states
2025-10-04 22:57:53,848 - INFO - Model fitted. Log-likelihood: -1200.4702
2025-10-04 22:57:53,857 - INFO - Saved model artifact: models\hmm_EUR_USD_3_win252_end20210526.joblib
2025-10-04 22:57:53,857 - INFO - Window 172 complete. Train LL: -1200.4702
2025-10-04 22:57:53,857 - INFO - Training window 173: 2020-07-08 to 2021-06-24
2025-10-04 22:57:53,870 - INFO - Fitting HMM with 3 states on 252 samples
2025-10-04 22:57:53,871 - INFO - Fitting HMM model with 3 states
2025-10-04 22:57:53,948 - INFO - Model fitted. Log-likelihood: -1199.7715
2025-10-04 22:57:53,960 - INFO - Saved model artifact: models\hmm_EUR_USD_3_win252_end20210624.joblib
2025-10-04 22:57:53,962 - INFO - Window 173 complete. Train LL: -1199.7715
2025-10-04 22:57:53,963 - INFO - Training window 174: 2020-08-06 to 2021-07-23
2025-10-04 22:57:53,973 - INFO - Fitting HMM with 3 states on 252 samples
2025-10-04 22:57:53,974 - INFO - Fitting HMM model with 3 states
2025-10-04 22:57:54,076 - INFO - Model fitted. Log-likelihood: -1270.9480
2025-10-04 22:57:54,089 - INFO - Saved model artifact: models\hmm_EUR_USD_3_win252_end20210723.joblib
2025-10-04 22:57:54,089 - INFO - Window 174 complete. Train LL: -1270.9480
2025-10-04 22:57:54,090 - INFO - Training window 175: 2020-09-04 to 2021-08-23
2025-10-04 22:57:54,108 - INFO - Fitting HMM with 3 states on 252 samples
2025-10-04 22:57:54,108 - INFO - Fitting HMM model with 3 states
2025-10-04 22:57:54,198 - INFO - Model fitted. Log-likelihood: -1322.1961
2025-10-04 22:57:54,206 - INFO - Saved model artifact: models\hmm_EUR_USD_3_win252_end20210823.joblib
2025-10-04 22:57:54,206 - INFO - Window 175 complete. Train LL: -1322.1961
2025-10-04 22:57:54,207 - INFO - Training window 176: 2020-10-05 to 2021-09-21
2025-10-04 22:57:54,223 - INFO - Fitting HMM with 3 states on 252 samples
2025-10-04 22:57:54,223 - INFO - Fitting HMM model with 3 states
2025-10-04 22:57:54,296 - INFO - Model fitted. Log-likelihood: -1244.0947
2025-10-04 22:57:54,304 - INFO - Saved model artifact: models\hmm_EUR_USD_3_win252_end20210921.joblib
2025-10-04 22:57:54,304 - INFO - Window 176 complete. Train LL: -1244.0947
2025-10-04 22:57:54,305 - INFO - Training window 177: 2020-11-03 to 2021-10-20
2025-10-04 22:57:54,318 - INFO - Fitting HMM with 3 states on 252 samples
2025-10-04 22:57:54,319 - INFO - Fitting HMM model with 3 states
2025-10-04 22:57:54,562 - INFO - Model fitted. Log-likelihood: -1298.7769
2025-10-04 22:57:54,569 - INFO - Saved model artifact: models\hmm_EUR_USD_3_win252_end20211020.joblib
2025-10-04 22:57:54,570 - INFO - Window 177 complete. Train LL: -1298.7769
2025-10-04 22:57:54,570 - INFO - Training window 178: 2020-12-02 to 2021-11-18
2025-10-04 22:57:54,585 - INFO - Fitting HMM with 3 states on 252 samples
2025-10-04 22:57:54,585 - INFO - Fitting HMM model with 3 states
2025-10-04 22:57:54,666 - INFO - Model fitted. Log-likelihood: -1249.3072
2025-10-04 22:57:54,674 - INFO - Saved model artifact: models\hmm_EUR_USD_3_win252_end20211118.joblib
2025-10-04 22:57:54,674 - INFO - Window 178 complete. Train LL: -1249.3072
2025-10-04 22:57:54,674 - INFO - Training window 179: 2020-12-31 to 2021-12-17
2025-10-04 22:57:54,690 - INFO - Fitting HMM with 3 states on 252 samples
2025-10-04 22:57:54,690 - INFO - Fitting HMM model with 3 states
2025-10-04 22:57:54,751 - WARNING - Model is not converging.  Current: -1265.8576532014672 is not greater than -1265.8576152427906. Delta is -3.795867655753682e-05
2025-10-04 22:57:54,753 - INFO - Model fitted. Log-likelihood: -1265.8577
2025-10-04 22:57:54,766 - INFO - Saved model artifact: models\hmm_EUR_USD_3_win252_end20211217.joblib
2025-10-04 22:57:54,767 - INFO - Window 179 complete. Train LL: -1265.8577
2025-10-04 22:57:54,767 - INFO - Training window 180: 2021-01-29 to 2022-01-17
2025-10-04 22:57:54,780 - INFO - Fitting HMM with 3 states on 252 samples
2025-10-04 22:57:54,780 - INFO - Fitting HMM model with 3 states
2025-10-04 22:57:54,825 - INFO - Model fitted. Log-likelihood: -1140.6561
2025-10-04 22:57:54,838 - INFO - Saved model artifact: models\hmm_EUR_USD_3_win252_end20220117.joblib
2025-10-04 22:57:54,839 - INFO - Window 180 complete. Train LL: -1140.6561
2025-10-04 22:57:54,839 - INFO - Training window 181: 2021-03-01 to 2022-02-15
2025-10-04 22:57:54,853 - INFO - Fitting HMM with 3 states on 252 samples
2025-10-04 22:57:54,853 - INFO - Fitting HMM model with 3 states
2025-10-04 22:57:54,909 - INFO - Model fitted. Log-likelihood: -1150.6112
2025-10-04 22:57:54,920 - INFO - Saved model artifact: models\hmm_EUR_USD_3_win252_end20220215.joblib
2025-10-04 22:57:54,920 - INFO - Window 181 complete. Train LL: -1150.6112
2025-10-04 22:57:54,920 - INFO - Training window 182: 2021-03-30 to 2022-03-16
2025-10-04 22:57:54,934 - INFO - Fitting HMM with 3 states on 252 samples
2025-10-04 22:57:54,934 - INFO - Fitting HMM model with 3 states
2025-10-04 22:57:54,979 - INFO - Model fitted. Log-likelihood: -1118.0350
2025-10-04 22:57:54,988 - INFO - Saved model artifact: models\hmm_EUR_USD_3_win252_end20220316.joblib
2025-10-04 22:57:54,988 - INFO - Window 182 complete. Train LL: -1118.0350
2025-10-04 22:57:54,989 - INFO - Training window 183: 2021-04-28 to 2022-04-14
2025-10-04 22:57:55,002 - INFO - Fitting HMM with 3 states on 252 samples
2025-10-04 22:57:55,003 - INFO - Fitting HMM model with 3 states
2025-10-04 22:57:55,073 - INFO - Model fitted. Log-likelihood: -1204.2022
2025-10-04 22:57:55,083 - INFO - Saved model artifact: models\hmm_EUR_USD_3_win252_end20220414.joblib
2025-10-04 22:57:55,083 - INFO - Window 183 complete. Train LL: -1204.2022
2025-10-04 22:57:55,084 - INFO - Training window 184: 2021-05-27 to 2022-05-13
2025-10-04 22:57:55,099 - INFO - Fitting HMM with 3 states on 252 samples
2025-10-04 22:57:55,099 - INFO - Fitting HMM model with 3 states
2025-10-04 22:57:55,152 - INFO - Model fitted. Log-likelihood: -1201.2296
2025-10-04 22:57:55,163 - INFO - Saved model artifact: models\hmm_EUR_USD_3_win252_end20220513.joblib
2025-10-04 22:57:55,164 - INFO - Window 184 complete. Train LL: -1201.2296
2025-10-04 22:57:55,164 - INFO - Training window 185: 2021-06-25 to 2022-06-13
2025-10-04 22:57:55,182 - INFO - Fitting HMM with 3 states on 252 samples
2025-10-04 22:57:55,182 - INFO - Fitting HMM model with 3 states
2025-10-04 22:57:55,276 - INFO - Model fitted. Log-likelihood: -1130.3113
2025-10-04 22:57:55,285 - INFO - Saved model artifact: models\hmm_EUR_USD_3_win252_end20220613.joblib
2025-10-04 22:57:55,285 - INFO - Window 185 complete. Train LL: -1130.3113
2025-10-04 22:57:55,286 - INFO - Training window 186: 2021-07-26 to 2022-07-12
2025-10-04 22:57:55,300 - INFO - Fitting HMM with 3 states on 252 samples
2025-10-04 22:57:55,300 - INFO - Fitting HMM model with 3 states
2025-10-04 22:57:55,408 - INFO - Model fitted. Log-likelihood: -1182.8153
2025-10-04 22:57:55,418 - INFO - Saved model artifact: models\hmm_EUR_USD_3_win252_end20220712.joblib
2025-10-04 22:57:55,419 - INFO - Window 186 complete. Train LL: -1182.8153
2025-10-04 22:57:55,419 - INFO - Training window 187: 2021-08-24 to 2022-08-10
2025-10-04 22:57:55,435 - INFO - Fitting HMM with 3 states on 252 samples
2025-10-04 22:57:55,435 - INFO - Fitting HMM model with 3 states
2025-10-04 22:57:55,514 - INFO - Model fitted. Log-likelihood: -1097.6367
2025-10-04 22:57:55,525 - INFO - Saved model artifact: models\hmm_EUR_USD_3_win252_end20220810.joblib
2025-10-04 22:57:55,525 - INFO - Window 187 complete. Train LL: -1097.6367
2025-10-04 22:57:55,526 - INFO - Training window 188: 2021-09-22 to 2022-09-08
2025-10-04 22:57:55,547 - INFO - Fitting HMM with 3 states on 252 samples
2025-10-04 22:57:55,547 - INFO - Fitting HMM model with 3 states
2025-10-04 22:57:55,790 - INFO - Model fitted. Log-likelihood: -1272.8036
2025-10-04 22:57:55,798 - INFO - Saved model artifact: models\hmm_EUR_USD_3_win252_end20220908.joblib
2025-10-04 22:57:55,798 - INFO - Window 188 complete. Train LL: -1272.8036
2025-10-04 22:57:55,799 - INFO - Training window 189: 2021-10-21 to 2022-10-07
2025-10-04 22:57:55,814 - INFO - Fitting HMM with 3 states on 252 samples
2025-10-04 22:57:55,814 - INFO - Fitting HMM model with 3 states
2025-10-04 22:57:55,985 - INFO - Model fitted. Log-likelihood: -1287.0970
2025-10-04 22:57:55,994 - INFO - Saved model artifact: models\hmm_EUR_USD_3_win252_end20221007.joblib
2025-10-04 22:57:55,994 - INFO - Window 189 complete. Train LL: -1287.0970
2025-10-04 22:57:55,994 - INFO - Training window 190: 2021-11-19 to 2022-11-07
2025-10-04 22:57:56,005 - INFO - Fitting HMM with 3 states on 252 samples
2025-10-04 22:57:56,006 - INFO - Fitting HMM model with 3 states
2025-10-04 22:57:56,072 - INFO - Model fitted. Log-likelihood: -1255.2002
2025-10-04 22:57:56,084 - INFO - Saved model artifact: models\hmm_EUR_USD_3_win252_end20221107.joblib
2025-10-04 22:57:56,084 - INFO - Window 190 complete. Train LL: -1255.2002
2025-10-04 22:57:56,084 - INFO - Training window 191: 2021-12-20 to 2022-12-06
2025-10-04 22:57:56,094 - INFO - Fitting HMM with 3 states on 252 samples
2025-10-04 22:57:56,095 - INFO - Fitting HMM model with 3 states
2025-10-04 22:57:56,224 - INFO - Model fitted. Log-likelihood: -1292.6951
2025-10-04 22:57:56,234 - INFO - Saved model artifact: models\hmm_EUR_USD_3_win252_end20221206.joblib
2025-10-04 22:57:56,234 - INFO - Window 191 complete. Train LL: -1292.6951
2025-10-04 22:57:56,235 - INFO - Training window 192: 2022-01-18 to 2023-01-04
2025-10-04 22:57:56,249 - INFO - Fitting HMM with 3 states on 252 samples
2025-10-04 22:57:56,249 - INFO - Fitting HMM model with 3 states
2025-10-04 22:57:56,301 - INFO - Model fitted. Log-likelihood: -1238.8189
2025-10-04 22:57:56,308 - INFO - Saved model artifact: models\hmm_EUR_USD_3_win252_end20230104.joblib
2025-10-04 22:57:56,309 - INFO - Window 192 complete. Train LL: -1238.8189
2025-10-04 22:57:56,309 - INFO - Training window 193: 2022-02-16 to 2023-02-02
2025-10-04 22:57:56,321 - INFO - Fitting HMM with 3 states on 252 samples
2025-10-04 22:57:56,321 - INFO - Fitting HMM model with 3 states
2025-10-04 22:57:56,361 - INFO - Model fitted. Log-likelihood: -1219.3085
2025-10-04 22:57:56,371 - INFO - Saved model artifact: models\hmm_EUR_USD_3_win252_end20230202.joblib
2025-10-04 22:57:56,371 - INFO - Window 193 complete. Train LL: -1219.3085
2025-10-04 22:57:56,371 - INFO - Training window 194: 2022-03-17 to 2023-03-03
2025-10-04 22:57:56,385 - INFO - Fitting HMM with 3 states on 252 samples
2025-10-04 22:57:56,385 - INFO - Fitting HMM model with 3 states
2025-10-04 22:57:56,450 - INFO - Model fitted. Log-likelihood: -1236.6406
2025-10-04 22:57:56,463 - INFO - Saved model artifact: models\hmm_EUR_USD_3_win252_end20230303.joblib
2025-10-04 22:57:56,464 - INFO - Window 194 complete. Train LL: -1236.6406
2025-10-04 22:57:56,465 - INFO - Training window 195: 2022-04-15 to 2023-04-03
2025-10-04 22:57:56,481 - INFO - Fitting HMM with 3 states on 252 samples
2025-10-04 22:57:56,482 - INFO - Fitting HMM model with 3 states
2025-10-04 22:57:56,535 - INFO - Model fitted. Log-likelihood: -1213.9129
2025-10-04 22:57:56,543 - INFO - Saved model artifact: models\hmm_EUR_USD_3_win252_end20230403.joblib
2025-10-04 22:57:56,544 - INFO - Window 195 complete. Train LL: -1213.9129
2025-10-04 22:57:56,546 - INFO - Training window 196: 2022-05-16 to 2023-05-02
2025-10-04 22:57:56,560 - INFO - Fitting HMM with 3 states on 252 samples
2025-10-04 22:57:56,561 - INFO - Fitting HMM model with 3 states
2025-10-04 22:57:56,626 - INFO - Model fitted. Log-likelihood: -1187.0585
2025-10-04 22:57:56,636 - INFO - Saved model artifact: models\hmm_EUR_USD_3_win252_end20230502.joblib
2025-10-04 22:57:56,636 - INFO - Window 196 complete. Train LL: -1187.0585
2025-10-04 22:57:56,637 - INFO - Training window 197: 2022-06-14 to 2023-05-31
2025-10-04 22:57:56,651 - INFO - Fitting HMM with 3 states on 252 samples
2025-10-04 22:57:56,652 - INFO - Fitting HMM model with 3 states
2025-10-04 22:57:56,754 - INFO - Model fitted. Log-likelihood: -1196.0007
2025-10-04 22:57:56,764 - INFO - Saved model artifact: models\hmm_EUR_USD_3_win252_end20230531.joblib
2025-10-04 22:57:56,765 - INFO - Window 197 complete. Train LL: -1196.0007
2025-10-04 22:57:56,766 - INFO - Training window 198: 2022-07-13 to 2023-06-29
2025-10-04 22:57:56,775 - INFO - Fitting HMM with 3 states on 252 samples
2025-10-04 22:57:56,775 - INFO - Fitting HMM model with 3 states
2025-10-04 22:57:56,828 - INFO - Model fitted. Log-likelihood: -1178.6697
2025-10-04 22:57:56,836 - INFO - Saved model artifact: models\hmm_EUR_USD_3_win252_end20230629.joblib
2025-10-04 22:57:56,836 - INFO - Window 198 complete. Train LL: -1178.6697
2025-10-04 22:57:56,837 - INFO - Training window 199: 2022-08-11 to 2023-07-28
2025-10-04 22:57:56,854 - INFO - Fitting HMM with 3 states on 252 samples
2025-10-04 22:57:56,854 - INFO - Fitting HMM model with 3 states
2025-10-04 22:57:56,903 - INFO - Model fitted. Log-likelihood: -1169.0205
2025-10-04 22:57:56,918 - INFO - Saved model artifact: models\hmm_EUR_USD_3_win252_end20230728.joblib
2025-10-04 22:57:56,919 - INFO - Window 199 complete. Train LL: -1169.0205
2025-10-04 22:57:56,920 - INFO - Training window 200: 2022-09-09 to 2023-08-28
2025-10-04 22:57:56,931 - INFO - Fitting HMM with 3 states on 252 samples
2025-10-04 22:57:56,932 - INFO - Fitting HMM model with 3 states
2025-10-04 22:57:56,978 - INFO - Model fitted. Log-likelihood: -1253.9914
2025-10-04 22:57:56,992 - INFO - Saved model artifact: models\hmm_EUR_USD_3_win252_end20230828.joblib
2025-10-04 22:57:56,992 - INFO - Window 200 complete. Train LL: -1253.9914
2025-10-04 22:57:56,992 - INFO - Training window 201: 2022-10-10 to 2023-09-26
2025-10-04 22:57:57,009 - INFO - Fitting HMM with 3 states on 252 samples
2025-10-04 22:57:57,009 - INFO - Fitting HMM model with 3 states
2025-10-04 22:57:57,061 - INFO - Model fitted. Log-likelihood: -1064.8824
2025-10-04 22:57:57,073 - INFO - Saved model artifact: models\hmm_EUR_USD_3_win252_end20230926.joblib
2025-10-04 22:57:57,073 - INFO - Window 201 complete. Train LL: -1064.8824
2025-10-04 22:57:57,074 - INFO - Training window 202: 2022-11-08 to 2023-10-25
2025-10-04 22:57:57,086 - INFO - Fitting HMM with 3 states on 252 samples
2025-10-04 22:57:57,087 - INFO - Fitting HMM model with 3 states
2025-10-04 22:57:57,136 - INFO - Model fitted. Log-likelihood: -1074.9710
2025-10-04 22:57:57,147 - INFO - Saved model artifact: models\hmm_EUR_USD_3_win252_end20231025.joblib
2025-10-04 22:57:57,147 - INFO - Window 202 complete. Train LL: -1074.9710
2025-10-04 22:57:57,148 - INFO - Training window 203: 2022-12-07 to 2023-11-23
2025-10-04 22:57:57,163 - INFO - Fitting HMM with 3 states on 252 samples
2025-10-04 22:57:57,163 - INFO - Fitting HMM model with 3 states
2025-10-04 22:57:57,248 - INFO - Model fitted. Log-likelihood: -1258.5556
2025-10-04 22:57:57,256 - INFO - Saved model artifact: models\hmm_EUR_USD_3_win252_end20231123.joblib
2025-10-04 22:57:57,256 - INFO - Window 203 complete. Train LL: -1258.5556
2025-10-04 22:57:57,257 - INFO - Training window 204: 2023-01-05 to 2023-12-22
2025-10-04 22:57:57,269 - INFO - Fitting HMM with 3 states on 252 samples
2025-10-04 22:57:57,269 - INFO - Fitting HMM model with 3 states
2025-10-04 22:57:57,323 - INFO - Model fitted. Log-likelihood: -1240.4384
2025-10-04 22:57:57,333 - INFO - Saved model artifact: models\hmm_EUR_USD_3_win252_end20231222.joblib
2025-10-04 22:57:57,334 - INFO - Window 204 complete. Train LL: -1240.4384
2025-10-04 22:57:57,334 - INFO - Training window 205: 2023-02-03 to 2024-01-22
2025-10-04 22:57:57,351 - INFO - Fitting HMM with 3 states on 252 samples
2025-10-04 22:57:57,351 - INFO - Fitting HMM model with 3 states
2025-10-04 22:57:57,415 - INFO - Model fitted. Log-likelihood: -1221.2787
2025-10-04 22:57:57,425 - INFO - Saved model artifact: models\hmm_EUR_USD_3_win252_end20240122.joblib
2025-10-04 22:57:57,425 - INFO - Window 205 complete. Train LL: -1221.2787
2025-10-04 22:57:57,427 - INFO - Training window 206: 2023-03-06 to 2024-02-20
2025-10-04 22:57:57,437 - INFO - Fitting HMM with 3 states on 252 samples
2025-10-04 22:57:57,438 - INFO - Fitting HMM model with 3 states
2025-10-04 22:57:57,493 - INFO - Model fitted. Log-likelihood: -1201.6561
2025-10-04 22:57:57,505 - INFO - Saved model artifact: models\hmm_EUR_USD_3_win252_end20240220.joblib
2025-10-04 22:57:57,505 - INFO - Window 206 complete. Train LL: -1201.6561
2025-10-04 22:57:57,506 - INFO - Training window 207: 2023-04-04 to 2024-03-20
2025-10-04 22:57:57,519 - INFO - Fitting HMM with 3 states on 252 samples
2025-10-04 22:57:57,519 - INFO - Fitting HMM model with 3 states
2025-10-04 22:57:57,579 - INFO - Model fitted. Log-likelihood: -1374.0537
2025-10-04 22:57:57,587 - INFO - Saved model artifact: models\hmm_EUR_USD_3_win252_end20240320.joblib
2025-10-04 22:57:57,588 - INFO - Window 207 complete. Train LL: -1374.0537
2025-10-04 22:57:57,588 - INFO - Training window 208: 2023-05-03 to 2024-04-18
2025-10-04 22:57:57,605 - INFO - Fitting HMM with 3 states on 252 samples
2025-10-04 22:57:57,606 - INFO - Fitting HMM model with 3 states
2025-10-04 22:57:57,661 - INFO - Model fitted. Log-likelihood: -1174.9762
2025-10-04 22:57:57,670 - INFO - Saved model artifact: models\hmm_EUR_USD_3_win252_end20240418.joblib
2025-10-04 22:57:57,670 - INFO - Window 208 complete. Train LL: -1174.9762
2025-10-04 22:57:57,670 - INFO - Training window 209: 2023-06-01 to 2024-05-17
2025-10-04 22:57:57,686 - INFO - Fitting HMM with 3 states on 252 samples
2025-10-04 22:57:57,687 - INFO - Fitting HMM model with 3 states
2025-10-04 22:57:57,752 - INFO - Model fitted. Log-likelihood: -1145.6451
2025-10-04 22:57:57,759 - INFO - Saved model artifact: models\hmm_EUR_USD_3_win252_end20240517.joblib
2025-10-04 22:57:57,760 - INFO - Window 209 complete. Train LL: -1145.6451
2025-10-04 22:57:57,762 - INFO - Training window 210: 2023-06-30 to 2024-06-17
2025-10-04 22:57:57,777 - INFO - Fitting HMM with 3 states on 252 samples
2025-10-04 22:57:57,778 - INFO - Fitting HMM model with 3 states
2025-10-04 22:57:57,818 - INFO - Model fitted. Log-likelihood: -1098.4489
2025-10-04 22:57:57,832 - INFO - Saved model artifact: models\hmm_EUR_USD_3_win252_end20240617.joblib
2025-10-04 22:57:57,832 - INFO - Window 210 complete. Train LL: -1098.4489
2025-10-04 22:57:57,833 - INFO - Training window 211: 2023-07-31 to 2024-07-16
2025-10-04 22:57:57,849 - INFO - Fitting HMM with 3 states on 252 samples
2025-10-04 22:57:57,849 - INFO - Fitting HMM model with 3 states
2025-10-04 22:57:57,916 - INFO - Model fitted. Log-likelihood: -1325.0953
2025-10-04 22:57:57,924 - INFO - Saved model artifact: models\hmm_EUR_USD_3_win252_end20240716.joblib
2025-10-04 22:57:57,924 - INFO - Window 211 complete. Train LL: -1325.0953
2025-10-04 22:57:57,925 - INFO - Training window 212: 2023-08-29 to 2024-08-14
2025-10-04 22:57:57,940 - INFO - Fitting HMM with 3 states on 252 samples
2025-10-04 22:57:57,940 - INFO - Fitting HMM model with 3 states
2025-10-04 22:57:58,009 - INFO - Model fitted. Log-likelihood: -1241.2716
2025-10-04 22:57:58,020 - INFO - Saved model artifact: models\hmm_EUR_USD_3_win252_end20240814.joblib
2025-10-04 22:57:58,020 - INFO - Window 212 complete. Train LL: -1241.2716
2025-10-04 22:57:58,021 - INFO - Training window 213: 2023-09-27 to 2024-09-12
2025-10-04 22:57:58,033 - INFO - Fitting HMM with 3 states on 252 samples
2025-10-04 22:57:58,034 - INFO - Fitting HMM model with 3 states
2025-10-04 22:57:58,085 - INFO - Model fitted. Log-likelihood: -1138.6575
2025-10-04 22:57:58,101 - INFO - Saved model artifact: models\hmm_EUR_USD_3_win252_end20240912.joblib
2025-10-04 22:57:58,102 - INFO - Window 213 complete. Train LL: -1138.6575
2025-10-04 22:57:58,102 - INFO - Training window 214: 2023-10-26 to 2024-10-11
2025-10-04 22:57:58,121 - INFO - Fitting HMM with 3 states on 252 samples
2025-10-04 22:57:58,122 - INFO - Fitting HMM model with 3 states
2025-10-04 22:57:58,225 - INFO - Model fitted. Log-likelihood: -1142.9646
2025-10-04 22:57:58,234 - INFO - Saved model artifact: models\hmm_EUR_USD_3_win252_end20241011.joblib
2025-10-04 22:57:58,235 - INFO - Window 214 complete. Train LL: -1142.9646
2025-10-04 22:57:58,235 - INFO - Training window 215: 2023-11-24 to 2024-11-11
2025-10-04 22:57:58,252 - INFO - Fitting HMM with 3 states on 252 samples
2025-10-04 22:57:58,252 - INFO - Fitting HMM model with 3 states
2025-10-04 22:57:58,335 - INFO - Model fitted. Log-likelihood: -1203.8490
2025-10-04 22:57:58,346 - INFO - Saved model artifact: models\hmm_EUR_USD_3_win252_end20241111.joblib
2025-10-04 22:57:58,347 - INFO - Window 215 complete. Train LL: -1203.8490
2025-10-04 22:57:58,347 - INFO - Training window 216: 2023-12-25 to 2024-12-10
2025-10-04 22:57:58,358 - INFO - Fitting HMM with 3 states on 252 samples
2025-10-04 22:57:58,358 - INFO - Fitting HMM model with 3 states
2025-10-04 22:57:58,416 - INFO - Model fitted. Log-likelihood: -1199.9275
2025-10-04 22:57:58,427 - INFO - Saved model artifact: models\hmm_EUR_USD_3_win252_end20241210.joblib
2025-10-04 22:57:58,428 - INFO - Window 216 complete. Train LL: -1199.9275
2025-10-04 22:57:58,429 - INFO - Training window 217: 2024-01-23 to 2025-01-08
2025-10-04 22:57:58,442 - INFO - Fitting HMM with 3 states on 252 samples
2025-10-04 22:57:58,443 - INFO - Fitting HMM model with 3 states
2025-10-04 22:57:58,491 - INFO - Model fitted. Log-likelihood: -1204.2041
2025-10-04 22:57:58,505 - INFO - Saved model artifact: models\hmm_EUR_USD_3_win252_end20250108.joblib
2025-10-04 22:57:58,506 - INFO - Window 217 complete. Train LL: -1204.2041
2025-10-04 22:57:58,506 - INFO - Training window 218: 2024-02-21 to 2025-02-06
2025-10-04 22:57:58,522 - INFO - Fitting HMM with 3 states on 252 samples
2025-10-04 22:57:58,522 - INFO - Fitting HMM model with 3 states
2025-10-04 22:57:58,604 - INFO - Model fitted. Log-likelihood: -1249.8556
2025-10-04 22:57:58,613 - INFO - Saved model artifact: models\hmm_EUR_USD_3_win252_end20250206.joblib
2025-10-04 22:57:58,614 - INFO - Window 218 complete. Train LL: -1249.8556
2025-10-04 22:57:58,614 - INFO - Training window 219: 2024-03-21 to 2025-03-07
2025-10-04 22:57:58,623 - INFO - Fitting HMM with 3 states on 252 samples
2025-10-04 22:57:58,624 - INFO - Fitting HMM model with 3 states
2025-10-04 22:57:58,691 - INFO - Model fitted. Log-likelihood: -1234.7729
2025-10-04 22:57:58,700 - INFO - Saved model artifact: models\hmm_EUR_USD_3_win252_end20250307.joblib
2025-10-04 22:57:58,700 - INFO - Window 219 complete. Train LL: -1234.7729
2025-10-04 22:57:58,701 - INFO - Training window 220: 2024-04-19 to 2025-04-07
2025-10-04 22:57:58,711 - INFO - Fitting HMM with 3 states on 252 samples
2025-10-04 22:57:58,712 - INFO - Fitting HMM model with 3 states
2025-10-04 22:57:58,785 - INFO - Model fitted. Log-likelihood: -1191.1176
2025-10-04 22:57:58,793 - INFO - Saved model artifact: models\hmm_EUR_USD_3_win252_end20250407.joblib
2025-10-04 22:57:58,795 - INFO - Window 220 complete. Train LL: -1191.1176
2025-10-04 22:57:58,795 - INFO - Training window 221: 2024-05-20 to 2025-05-06
2025-10-04 22:57:58,806 - INFO - Fitting HMM with 3 states on 252 samples
2025-10-04 22:57:58,807 - INFO - Fitting HMM model with 3 states
2025-10-04 22:57:58,951 - INFO - Model fitted. Log-likelihood: -1099.4837
2025-10-04 22:57:58,960 - INFO - Saved model artifact: models\hmm_EUR_USD_3_win252_end20250506.joblib
2025-10-04 22:57:58,961 - INFO - Window 221 complete. Train LL: -1099.4837
2025-10-04 22:57:58,961 - INFO - Training window 222: 2024-06-18 to 2025-06-04
2025-10-04 22:57:58,970 - INFO - Fitting HMM with 3 states on 252 samples
2025-10-04 22:57:58,970 - INFO - Fitting HMM model with 3 states
2025-10-04 22:57:59,041 - INFO - Model fitted. Log-likelihood: -1184.3670
2025-10-04 22:57:59,051 - INFO - Saved model artifact: models\hmm_EUR_USD_3_win252_end20250604.joblib
2025-10-04 22:57:59,051 - INFO - Window 222 complete. Train LL: -1184.3670
2025-10-04 22:57:59,052 - INFO - Training window 223: 2024-07-17 to 2025-07-03
2025-10-04 22:57:59,064 - INFO - Fitting HMM with 3 states on 252 samples
2025-10-04 22:57:59,064 - INFO - Fitting HMM model with 3 states
2025-10-04 22:57:59,135 - INFO - Model fitted. Log-likelihood: -1195.8122
2025-10-04 22:57:59,145 - INFO - Saved model artifact: models\hmm_EUR_USD_3_win252_end20250703.joblib
2025-10-04 22:57:59,145 - INFO - Window 223 complete. Train LL: -1195.8122
2025-10-04 22:57:59,145 - INFO - Training window 224: 2024-08-15 to 2025-08-01
2025-10-04 22:57:59,156 - INFO - Fitting HMM with 3 states on 252 samples
2025-10-04 22:57:59,156 - INFO - Fitting HMM model with 3 states
2025-10-04 22:57:59,238 - INFO - Model fitted. Log-likelihood: -1164.6932
2025-10-04 22:57:59,247 - INFO - Saved model artifact: models\hmm_EUR_USD_3_win252_end20250801.joblib
2025-10-04 22:57:59,247 - INFO - Window 224 complete. Train LL: -1164.6932
2025-10-04 22:57:59,248 - INFO - Training window 225: 2024-09-13 to 2025-09-01
2025-10-04 22:57:59,264 - INFO - Fitting HMM with 3 states on 252 samples
2025-10-04 22:57:59,265 - INFO - Fitting HMM model with 3 states
2025-10-04 22:57:59,330 - INFO - Model fitted. Log-likelihood: -1244.0944
2025-10-04 22:57:59,339 - INFO - Saved model artifact: models\hmm_EUR_USD_3_win252_end20250901.joblib
2025-10-04 22:57:59,340 - INFO - Window 225 complete. Train LL: -1244.0944
2025-10-04 22:57:59,340 - INFO - Insufficient data for window + validation at index 4725, stopping
2025-10-04 22:57:59,345 - INFO - Rolling training complete: 225/225 windows successful
2025-10-04 23:00:13,823 - INFO - Using hmmlearn backend for HMM
2025-10-04 23:00:13,842 - INFO - Loaded model from D:\SemV\projects\HMM_final\models\hmm_EUR_USD_3_win252_end20250901.joblib
2025-10-04 23:00:13,842 - INFO - Model: 3 states, trained on 2024-09-13 00:00:00 to 2025-09-01 00:00:00
2025-10-04 23:00:13,917 - INFO - Computing technical features
2025-10-04 23:00:13,932 - INFO - Features computed. Dropped 20 rows with NaN
2025-10-04 23:00:13,932 - INFO - Final feature matrix shape: (4980, 5)
2025-10-04 23:00:43,571 - INFO - Using hmmlearn backend for HMM
2025-10-04 23:00:43,575 - INFO - Loaded model from D:\SemV\projects\HMM_final\models\hmm_EUR_USD_3_win252_end20250901.joblib
2025-10-04 23:00:43,575 - INFO - Model: 3 states, trained on 2024-09-13 00:00:00 to 2025-09-01 00:00:00
2025-10-04 23:00:43,627 - INFO - Computing technical features
2025-10-04 23:00:43,642 - INFO - Features computed. Dropped 20 rows with NaN
2025-10-04 23:00:43,642 - INFO - Final feature matrix shape: (4980, 5)
2025-10-04 23:31:29,332 - INFO - Fetching data for 1 symbols
2025-10-04 23:31:29,332 - INFO - Processing EUR/USD (1/1)
2025-10-04 23:31:29,333 - INFO - Fetching data for EUR/USD
2025-10-04 23:31:29,333 - INFO - Making API request (attempt 1/5)
2025-10-04 23:31:33,518 - INFO - Saved raw data: data\raw\EUR_USD\EUR_USD_20251004T233133Z.json
2025-10-04 23:31:35,162 - INFO - Saved processed data: data\raw\EUR_USD\EUR_USD_20251004T233133Z.csv and data\raw\EUR_USD\EUR_USD_20251004T233133Z.parquet
2025-10-04 23:31:35,163 - INFO - Data shape: (5000, 5), Date range: 2006-08-04 00:00:00 to 2025-10-03 00:00:00
2025-10-04 23:31:47,165 - INFO - Successfully fetched data for 1 symbols
2025-10-04 23:31:49,644 - INFO - Using hmmlearn backend for HMM
2025-10-04 23:31:49,750 - INFO - Training HMM models for EUR_USD
2025-10-04 23:31:49,820 - INFO - Computing technical features
2025-10-04 23:31:49,833 - INFO - Features computed. Dropped 20 rows with NaN
2025-10-04 23:31:49,833 - INFO - Final feature matrix shape: (4980, 5)
2025-10-04 23:31:49,853 - INFO - Starting rolling HMM training for EUR_USD
2025-10-04 23:31:49,854 - INFO - Window size: 252, Step size: 21
2025-10-04 23:31:49,854 - INFO - Training data: 4980 samples from 2006-09-01 00:00:00 to 2025-10-03 00:00:00
2025-10-04 23:31:49,856 - INFO - Training window 1: 2006-09-01 to 2007-08-20
2025-10-04 23:31:49,868 - INFO - Fitting HMM with 3 states on 252 samples
2025-10-04 23:31:49,868 - INFO - Fitting HMM model with 3 states
2025-10-04 23:31:52,517 - INFO - Model fitted. Log-likelihood: -1160.5895
2025-10-04 23:31:52,528 - INFO - Saved model artifact: models\hmm_EUR_USD_3_win252_end20070820.joblib
2025-10-04 23:31:52,528 - INFO - Window 1 complete. Train LL: -1160.5895
2025-10-04 23:31:52,528 - INFO - Training window 2: 2006-10-02 to 2007-09-18
2025-10-04 23:31:52,544 - INFO - Fitting HMM with 3 states on 252 samples
2025-10-04 23:31:52,545 - INFO - Fitting HMM model with 3 states
2025-10-04 23:31:52,606 - INFO - Model fitted. Log-likelihood: -1158.7317
2025-10-04 23:31:52,616 - INFO - Saved model artifact: models\hmm_EUR_USD_3_win252_end20070918.joblib
2025-10-04 23:31:52,617 - INFO - Window 2 complete. Train LL: -1158.7317
2025-10-04 23:31:52,617 - INFO - Training window 3: 2006-10-31 to 2007-10-17
2025-10-04 23:31:52,631 - INFO - Fitting HMM with 3 states on 252 samples
2025-10-04 23:31:52,631 - INFO - Fitting HMM model with 3 states
2025-10-04 23:31:52,715 - INFO - Model fitted. Log-likelihood: -1266.2386
2025-10-04 23:31:52,723 - INFO - Saved model artifact: models\hmm_EUR_USD_3_win252_end20071017.joblib
2025-10-04 23:31:52,723 - INFO - Window 3 complete. Train LL: -1266.2386
2025-10-04 23:31:52,724 - INFO - Training window 4: 2006-11-29 to 2007-11-15
2025-10-04 23:31:52,739 - INFO - Fitting HMM with 3 states on 252 samples
2025-10-04 23:31:52,739 - INFO - Fitting HMM model with 3 states
2025-10-04 23:31:52,814 - INFO - Model fitted. Log-likelihood: -1266.8122
2025-10-04 23:31:52,828 - INFO - Saved model artifact: models\hmm_EUR_USD_3_win252_end20071115.joblib
2025-10-04 23:31:52,828 - INFO - Window 4 complete. Train LL: -1266.8122
2025-10-04 23:31:52,829 - INFO - Training window 5: 2006-12-28 to 2007-12-14
2025-10-04 23:31:52,846 - INFO - Fitting HMM with 3 states on 252 samples
2025-10-04 23:31:52,846 - INFO - Fitting HMM model with 3 states
2025-10-04 23:31:52,945 - INFO - Model fitted. Log-likelihood: -1166.5119
2025-10-04 23:31:52,955 - INFO - Saved model artifact: models\hmm_EUR_USD_3_win252_end20071214.joblib
2025-10-04 23:31:52,955 - INFO - Window 5 complete. Train LL: -1166.5119
2025-10-04 23:31:52,956 - INFO - Training window 6: 2007-01-26 to 2008-01-14
2025-10-04 23:31:52,973 - INFO - Fitting HMM with 3 states on 252 samples
2025-10-04 23:31:52,974 - INFO - Fitting HMM model with 3 states
2025-10-04 23:31:53,044 - INFO - Model fitted. Log-likelihood: -1162.8001
2025-10-04 23:31:53,054 - INFO - Saved model artifact: models\hmm_EUR_USD_3_win252_end20080114.joblib
2025-10-04 23:31:53,054 - INFO - Window 6 complete. Train LL: -1162.8001
2025-10-04 23:31:53,055 - INFO - Training window 7: 2007-02-26 to 2008-02-12
2025-10-04 23:31:53,064 - INFO - Fitting HMM with 3 states on 252 samples
2025-10-04 23:31:53,064 - INFO - Fitting HMM model with 3 states
2025-10-04 23:31:53,127 - INFO - Model fitted. Log-likelihood: -1120.5666
2025-10-04 23:31:53,136 - INFO - Saved model artifact: models\hmm_EUR_USD_3_win252_end20080212.joblib
2025-10-04 23:31:53,137 - INFO - Window 7 complete. Train LL: -1120.5666
2025-10-04 23:31:53,137 - INFO - Training window 8: 2007-03-27 to 2008-03-12
2025-10-04 23:31:53,148 - INFO - Fitting HMM with 3 states on 252 samples
2025-10-04 23:31:53,149 - INFO - Fitting HMM model with 3 states
2025-10-04 23:31:53,220 - INFO - Model fitted. Log-likelihood: -1090.6806
2025-10-04 23:31:53,231 - INFO - Saved model artifact: models\hmm_EUR_USD_3_win252_end20080312.joblib
2025-10-04 23:31:53,232 - INFO - Window 8 complete. Train LL: -1090.6806
2025-10-04 23:31:53,232 - INFO - Training window 9: 2007-04-25 to 2008-04-10
2025-10-04 23:31:53,248 - INFO - Fitting HMM with 3 states on 252 samples
2025-10-04 23:31:53,249 - INFO - Fitting HMM model with 3 states
2025-10-04 23:31:53,308 - INFO - Model fitted. Log-likelihood: -1117.1867
2025-10-04 23:31:53,316 - INFO - Saved model artifact: models\hmm_EUR_USD_3_win252_end20080410.joblib
2025-10-04 23:31:53,317 - INFO - Window 9 complete. Train LL: -1117.1867
2025-10-04 23:31:53,317 - INFO - Training window 10: 2007-05-24 to 2008-05-09
2025-10-04 23:31:53,334 - INFO - Fitting HMM with 3 states on 252 samples
2025-10-04 23:31:53,336 - INFO - Fitting HMM model with 3 states
2025-10-04 23:31:53,405 - INFO - Model fitted. Log-likelihood: -1102.7117
2025-10-04 23:31:53,414 - INFO - Saved model artifact: models\hmm_EUR_USD_3_win252_end20080509.joblib
2025-10-04 23:31:53,414 - INFO - Window 10 complete. Train LL: -1102.7117
2025-10-04 23:31:53,415 - INFO - Training window 11: 2007-06-22 to 2008-06-09
2025-10-04 23:31:53,432 - INFO - Fitting HMM with 3 states on 252 samples
2025-10-04 23:31:53,432 - INFO - Fitting HMM model with 3 states
2025-10-04 23:31:53,526 - INFO - Model fitted. Log-likelihood: -1185.0108
2025-10-04 23:31:53,533 - INFO - Saved model artifact: models\hmm_EUR_USD_3_win252_end20080609.joblib
2025-10-04 23:31:53,534 - INFO - Window 11 complete. Train LL: -1185.0108
2025-10-04 23:31:53,534 - INFO - Training window 12: 2007-07-23 to 2008-07-08
2025-10-04 23:31:53,547 - INFO - Fitting HMM with 3 states on 252 samples
2025-10-04 23:31:53,547 - INFO - Fitting HMM model with 3 states
2025-10-04 23:31:53,646 - INFO - Model fitted. Log-likelihood: -1252.5410
2025-10-04 23:31:53,654 - INFO - Saved model artifact: models\hmm_EUR_USD_3_win252_end20080708.joblib
2025-10-04 23:31:53,654 - INFO - Window 12 complete. Train LL: -1252.5410
2025-10-04 23:31:53,655 - INFO - Training window 13: 2007-08-21 to 2008-08-06
2025-10-04 23:31:53,668 - INFO - Fitting HMM with 3 states on 252 samples
2025-10-04 23:31:53,669 - INFO - Fitting HMM model with 3 states
2025-10-04 23:31:53,716 - INFO - Model fitted. Log-likelihood: -1261.3590
2025-10-04 23:31:53,727 - INFO - Saved model artifact: models\hmm_EUR_USD_3_win252_end20080806.joblib
2025-10-04 23:31:53,728 - INFO - Window 13 complete. Train LL: -1261.3590
2025-10-04 23:31:53,728 - INFO - Training window 14: 2007-09-19 to 2008-09-04
2025-10-04 23:31:53,741 - INFO - Fitting HMM with 3 states on 252 samples
2025-10-04 23:31:53,741 - INFO - Fitting HMM model with 3 states
2025-10-04 23:31:53,830 - INFO - Model fitted. Log-likelihood: -1134.4088
2025-10-04 23:31:53,839 - INFO - Saved model artifact: models\hmm_EUR_USD_3_win252_end20080904.joblib
2025-10-04 23:31:53,840 - INFO - Window 14 complete. Train LL: -1134.4088
2025-10-04 23:31:53,840 - INFO - Training window 15: 2007-10-18 to 2008-10-03
2025-10-04 23:31:53,853 - INFO - Fitting HMM with 3 states on 252 samples
2025-10-04 23:31:53,853 - INFO - Fitting HMM model with 3 states
2025-10-04 23:31:53,908 - INFO - Model fitted. Log-likelihood: -1175.0921
2025-10-04 23:31:53,920 - INFO - Saved model artifact: models\hmm_EUR_USD_3_win252_end20081003.joblib
2025-10-04 23:31:53,920 - INFO - Window 15 complete. Train LL: -1175.0921
2025-10-04 23:31:53,920 - INFO - Training window 16: 2007-11-16 to 2008-11-03
2025-10-04 23:31:53,932 - INFO - Fitting HMM with 3 states on 252 samples
2025-10-04 23:31:53,933 - INFO - Fitting HMM model with 3 states
2025-10-04 23:31:53,980 - INFO - Model fitted. Log-likelihood: -1040.8468
2025-10-04 23:31:53,991 - INFO - Saved model artifact: models\hmm_EUR_USD_3_win252_end20081103.joblib
2025-10-04 23:31:53,992 - INFO - Window 16 complete. Train LL: -1040.8468
2025-10-04 23:31:53,992 - INFO - Training window 17: 2007-12-17 to 2008-12-02
2025-10-04 23:31:54,008 - INFO - Fitting HMM with 3 states on 252 samples
2025-10-04 23:31:54,008 - INFO - Fitting HMM model with 3 states
2025-10-04 23:31:54,078 - INFO - Model fitted. Log-likelihood: -915.7215
2025-10-04 23:31:54,091 - INFO - Saved model artifact: models\hmm_EUR_USD_3_win252_end20081202.joblib
2025-10-04 23:31:54,091 - INFO - Window 17 complete. Train LL: -915.7215
2025-10-04 23:31:54,091 - INFO - Training window 18: 2008-01-15 to 2008-12-31
2025-10-04 23:31:54,108 - INFO - Fitting HMM with 3 states on 252 samples
2025-10-04 23:31:54,109 - INFO - Fitting HMM model with 3 states
2025-10-04 23:31:54,176 - INFO - Model fitted. Log-likelihood: -948.2392
2025-10-04 23:31:54,189 - INFO - Saved model artifact: models\hmm_EUR_USD_3_win252_end20081231.joblib
2025-10-04 23:31:54,190 - INFO - Window 18 complete. Train LL: -948.2392
2025-10-04 23:31:54,190 - INFO - Training window 19: 2008-02-13 to 2009-01-29
2025-10-04 23:31:54,207 - INFO - Fitting HMM with 3 states on 252 samples
2025-10-04 23:31:54,207 - INFO - Fitting HMM model with 3 states
2025-10-04 23:31:54,351 - INFO - Model fitted. Log-likelihood: -997.7851
2025-10-04 23:31:54,365 - INFO - Saved model artifact: models\hmm_EUR_USD_3_win252_end20090129.joblib
2025-10-04 23:31:54,365 - INFO - Window 19 complete. Train LL: -997.7851
2025-10-04 23:31:54,366 - INFO - Training window 20: 2008-03-13 to 2009-02-27
2025-10-04 23:31:54,384 - INFO - Fitting HMM with 3 states on 252 samples
2025-10-04 23:31:54,384 - INFO - Fitting HMM model with 3 states
2025-10-04 23:31:54,463 - INFO - Model fitted. Log-likelihood: -1090.3213
2025-10-04 23:31:54,474 - INFO - Saved model artifact: models\hmm_EUR_USD_3_win252_end20090227.joblib
2025-10-04 23:31:54,474 - INFO - Window 20 complete. Train LL: -1090.3213
2025-10-04 23:31:54,474 - INFO - Training window 21: 2008-04-11 to 2009-03-30
2025-10-04 23:31:54,486 - INFO - Fitting HMM with 3 states on 252 samples
2025-10-04 23:31:54,486 - INFO - Fitting HMM model with 3 states
2025-10-04 23:31:54,552 - INFO - Model fitted. Log-likelihood: -1020.3802
2025-10-04 23:31:54,562 - INFO - Saved model artifact: models\hmm_EUR_USD_3_win252_end20090330.joblib
2025-10-04 23:31:54,563 - INFO - Window 21 complete. Train LL: -1020.3802
2025-10-04 23:31:54,563 - INFO - Training window 22: 2008-05-12 to 2009-04-28
2025-10-04 23:31:54,579 - INFO - Fitting HMM with 3 states on 252 samples
2025-10-04 23:31:54,580 - INFO - Fitting HMM model with 3 states
2025-10-04 23:31:54,628 - INFO - Model fitted. Log-likelihood: -1114.5895
2025-10-04 23:31:54,638 - INFO - Saved model artifact: models\hmm_EUR_USD_3_win252_end20090428.joblib
2025-10-04 23:31:54,638 - INFO - Window 22 complete. Train LL: -1114.5895
2025-10-04 23:31:54,639 - INFO - Training window 23: 2008-06-10 to 2009-05-27
2025-10-04 23:31:54,655 - INFO - Fitting HMM with 3 states on 252 samples
2025-10-04 23:31:54,656 - INFO - Fitting HMM model with 3 states
2025-10-04 23:31:54,728 - INFO - Model fitted. Log-likelihood: -1117.4087
2025-10-04 23:31:54,738 - INFO - Saved model artifact: models\hmm_EUR_USD_3_win252_end20090527.joblib
2025-10-04 23:31:54,739 - INFO - Window 23 complete. Train LL: -1117.4087
2025-10-04 23:31:54,739 - INFO - Training window 24: 2008-07-09 to 2009-06-25
2025-10-04 23:31:54,749 - INFO - Fitting HMM with 3 states on 252 samples
2025-10-04 23:31:54,749 - INFO - Fitting HMM model with 3 states
2025-10-04 23:31:54,796 - INFO - Model fitted. Log-likelihood: -1232.8212
2025-10-04 23:31:54,809 - INFO - Saved model artifact: models\hmm_EUR_USD_3_win252_end20090625.joblib
2025-10-04 23:31:54,809 - INFO - Window 24 complete. Train LL: -1232.8212
2025-10-04 23:31:54,810 - INFO - Training window 25: 2008-08-07 to 2009-07-24
2025-10-04 23:31:54,820 - INFO - Fitting HMM with 3 states on 252 samples
2025-10-04 23:31:54,821 - INFO - Fitting HMM model with 3 states
2025-10-04 23:31:54,874 - INFO - Model fitted. Log-likelihood: -1178.9409
2025-10-04 23:31:54,882 - INFO - Saved model artifact: models\hmm_EUR_USD_3_win252_end20090724.joblib
2025-10-04 23:31:54,882 - INFO - Window 25 complete. Train LL: -1178.9409
2025-10-04 23:31:54,882 - INFO - Training window 26: 2008-09-05 to 2009-08-24
2025-10-04 23:31:54,895 - INFO - Fitting HMM with 3 states on 252 samples
2025-10-04 23:31:54,895 - INFO - Fitting HMM model with 3 states
2025-10-04 23:31:54,980 - INFO - Model fitted. Log-likelihood: -1188.7165
2025-10-04 23:31:54,988 - INFO - Saved model artifact: models\hmm_EUR_USD_3_win252_end20090824.joblib
2025-10-04 23:31:54,988 - INFO - Window 26 complete. Train LL: -1188.7165
2025-10-04 23:31:54,989 - INFO - Training window 27: 2008-10-06 to 2009-09-22
2025-10-04 23:31:55,004 - INFO - Fitting HMM with 3 states on 252 samples
2025-10-04 23:31:55,004 - INFO - Fitting HMM model with 3 states
2025-10-04 23:31:55,085 - INFO - Model fitted. Log-likelihood: -1059.6540
2025-10-04 23:31:55,098 - INFO - Saved model artifact: models\hmm_EUR_USD_3_win252_end20090922.joblib
2025-10-04 23:31:55,098 - INFO - Window 27 complete. Train LL: -1059.6540
2025-10-04 23:31:55,098 - INFO - Training window 28: 2008-11-04 to 2009-10-21
2025-10-04 23:31:55,112 - INFO - Fitting HMM with 3 states on 252 samples
2025-10-04 23:31:55,112 - INFO - Fitting HMM model with 3 states
2025-10-04 23:31:55,208 - INFO - Model fitted. Log-likelihood: -1100.0264
2025-10-04 23:31:55,217 - INFO - Saved model artifact: models\hmm_EUR_USD_3_win252_end20091021.joblib
2025-10-04 23:31:55,217 - INFO - Window 28 complete. Train LL: -1100.0264
2025-10-04 23:31:55,219 - INFO - Training window 29: 2008-12-03 to 2009-11-19
2025-10-04 23:31:55,229 - INFO - Fitting HMM with 3 states on 252 samples
2025-10-04 23:31:55,229 - INFO - Fitting HMM model with 3 states
2025-10-04 23:31:55,295 - INFO - Model fitted. Log-likelihood: -1017.5029
2025-10-04 23:31:55,303 - INFO - Saved model artifact: models\hmm_EUR_USD_3_win252_end20091119.joblib
2025-10-04 23:31:55,304 - INFO - Window 29 complete. Train LL: -1017.5029
2025-10-04 23:31:55,304 - INFO - Training window 30: 2009-01-01 to 2009-12-18
2025-10-04 23:31:55,316 - INFO - Fitting HMM with 3 states on 252 samples
2025-10-04 23:31:55,316 - INFO - Fitting HMM model with 3 states
2025-10-04 23:31:55,379 - INFO - Model fitted. Log-likelihood: -1059.2842
2025-10-04 23:31:55,389 - INFO - Saved model artifact: models\hmm_EUR_USD_3_win252_end20091218.joblib
2025-10-04 23:31:55,390 - INFO - Window 30 complete. Train LL: -1059.2842
2025-10-04 23:31:55,390 - INFO - Training window 31: 2009-01-30 to 2010-01-18
2025-10-04 23:31:55,409 - INFO - Fitting HMM with 3 states on 252 samples
2025-10-04 23:31:55,409 - INFO - Fitting HMM model with 3 states
2025-10-04 23:31:55,515 - INFO - Model fitted. Log-likelihood: -1202.4482
2025-10-04 23:31:55,525 - INFO - Saved model artifact: models\hmm_EUR_USD_3_win252_end20100118.joblib
2025-10-04 23:31:55,526 - INFO - Window 31 complete. Train LL: -1202.4482
2025-10-04 23:31:55,526 - INFO - Training window 32: 2009-03-02 to 2010-02-16
2025-10-04 23:31:55,541 - INFO - Fitting HMM with 3 states on 252 samples
2025-10-04 23:31:55,542 - INFO - Fitting HMM model with 3 states
2025-10-04 23:31:55,655 - INFO - Model fitted. Log-likelihood: -1284.5424
2025-10-04 23:31:55,663 - INFO - Saved model artifact: models\hmm_EUR_USD_3_win252_end20100216.joblib
2025-10-04 23:31:55,663 - INFO - Window 32 complete. Train LL: -1284.5424
2025-10-04 23:31:55,664 - INFO - Training window 33: 2009-03-31 to 2010-03-17
2025-10-04 23:31:55,678 - INFO - Fitting HMM with 3 states on 252 samples
2025-10-04 23:31:55,679 - INFO - Fitting HMM model with 3 states
2025-10-04 23:31:55,822 - INFO - Model fitted. Log-likelihood: -1155.0941
2025-10-04 23:31:55,830 - INFO - Saved model artifact: models\hmm_EUR_USD_3_win252_end20100317.joblib
2025-10-04 23:31:55,831 - INFO - Window 33 complete. Train LL: -1155.0941
2025-10-04 23:31:55,831 - INFO - Training window 34: 2009-04-29 to 2010-04-15
2025-10-04 23:31:55,845 - INFO - Fitting HMM with 3 states on 252 samples
2025-10-04 23:31:55,845 - INFO - Fitting HMM model with 3 states
2025-10-04 23:31:55,899 - INFO - Model fitted. Log-likelihood: -1161.9141
2025-10-04 23:31:55,910 - INFO - Saved model artifact: models\hmm_EUR_USD_3_win252_end20100415.joblib
2025-10-04 23:31:55,910 - INFO - Window 34 complete. Train LL: -1161.9141
2025-10-04 23:31:55,911 - INFO - Training window 35: 2009-05-28 to 2010-05-14
2025-10-04 23:31:55,923 - INFO - Fitting HMM with 3 states on 252 samples
2025-10-04 23:31:55,923 - INFO - Fitting HMM model with 3 states
2025-10-04 23:31:56,072 - INFO - Model fitted. Log-likelihood: -1364.8517
2025-10-04 23:31:56,127 - INFO - Saved model artifact: models\hmm_EUR_USD_3_win252_end20100514.joblib
2025-10-04 23:31:56,130 - INFO - Window 35 complete. Train LL: -1364.8517
2025-10-04 23:31:56,130 - INFO - Training window 36: 2009-06-26 to 2010-06-14
2025-10-04 23:31:56,163 - INFO - Fitting HMM with 3 states on 252 samples
2025-10-04 23:31:56,194 - INFO - Fitting HMM model with 3 states
2025-10-04 23:31:56,285 - INFO - Model fitted. Log-likelihood: -1115.0988
2025-10-04 23:31:56,293 - INFO - Saved model artifact: models\hmm_EUR_USD_3_win252_end20100614.joblib
2025-10-04 23:31:56,293 - INFO - Window 36 complete. Train LL: -1115.0988
2025-10-04 23:31:56,294 - INFO - Training window 37: 2009-07-27 to 2010-07-13
2025-10-04 23:31:56,307 - INFO - Fitting HMM with 3 states on 252 samples
2025-10-04 23:31:56,307 - INFO - Fitting HMM model with 3 states
2025-10-04 23:31:56,358 - INFO - Model fitted. Log-likelihood: -1097.6335
2025-10-04 23:31:56,370 - INFO - Saved model artifact: models\hmm_EUR_USD_3_win252_end20100713.joblib
2025-10-04 23:31:56,370 - INFO - Window 37 complete. Train LL: -1097.6335
2025-10-04 23:31:56,370 - INFO - Training window 38: 2009-08-25 to 2010-08-11
2025-10-04 23:31:56,388 - INFO - Fitting HMM with 3 states on 252 samples
2025-10-04 23:31:56,389 - INFO - Fitting HMM model with 3 states
2025-10-04 23:31:56,510 - INFO - Model fitted. Log-likelihood: -1086.6585
2025-10-04 23:31:56,519 - INFO - Saved model artifact: models\hmm_EUR_USD_3_win252_end20100811.joblib
2025-10-04 23:31:56,519 - INFO - Window 38 complete. Train LL: -1086.6585
2025-10-04 23:31:56,519 - INFO - Training window 39: 2009-09-23 to 2010-09-09
2025-10-04 23:31:56,528 - INFO - Fitting HMM with 3 states on 252 samples
2025-10-04 23:31:56,528 - INFO - Fitting HMM model with 3 states
2025-10-04 23:31:56,594 - INFO - Model fitted. Log-likelihood: -1151.9603
2025-10-04 23:31:56,606 - INFO - Saved model artifact: models\hmm_EUR_USD_3_win252_end20100909.joblib
2025-10-04 23:31:56,607 - INFO - Window 39 complete. Train LL: -1151.9603
2025-10-04 23:31:56,607 - INFO - Training window 40: 2009-10-22 to 2010-10-08
2025-10-04 23:31:56,621 - INFO - Fitting HMM with 3 states on 252 samples
2025-10-04 23:31:56,621 - INFO - Fitting HMM model with 3 states
2025-10-04 23:31:56,842 - INFO - Model fitted. Log-likelihood: -1269.7255
2025-10-04 23:31:56,850 - INFO - Saved model artifact: models\hmm_EUR_USD_3_win252_end20101008.joblib
2025-10-04 23:31:56,850 - INFO - Window 40 complete. Train LL: -1269.7255
2025-10-04 23:31:56,851 - INFO - Training window 41: 2009-11-20 to 2010-11-08
2025-10-04 23:31:56,861 - INFO - Fitting HMM with 3 states on 252 samples
2025-10-04 23:31:56,861 - INFO - Fitting HMM model with 3 states
2025-10-04 23:31:56,928 - INFO - Model fitted. Log-likelihood: -1141.4501
2025-10-04 23:31:56,942 - INFO - Saved model artifact: models\hmm_EUR_USD_3_win252_end20101108.joblib
2025-10-04 23:31:56,943 - INFO - Window 41 complete. Train LL: -1141.4501
2025-10-04 23:31:56,944 - INFO - Training window 42: 2009-12-21 to 2010-12-07
2025-10-04 23:31:56,957 - INFO - Fitting HMM with 3 states on 252 samples
2025-10-04 23:31:56,957 - INFO - Fitting HMM model with 3 states
2025-10-04 23:31:57,035 - INFO - Model fitted. Log-likelihood: -1136.1266
2025-10-04 23:31:57,045 - INFO - Saved model artifact: models\hmm_EUR_USD_3_win252_end20101207.joblib
2025-10-04 23:31:57,045 - INFO - Window 42 complete. Train LL: -1136.1266
2025-10-04 23:31:57,046 - INFO - Training window 43: 2010-01-19 to 2011-01-05
2025-10-04 23:31:57,060 - INFO - Fitting HMM with 3 states on 252 samples
2025-10-04 23:31:57,061 - INFO - Fitting HMM model with 3 states
2025-10-04 23:31:57,112 - INFO - Model fitted. Log-likelihood: -1177.9311
2025-10-04 23:31:57,122 - INFO - Saved model artifact: models\hmm_EUR_USD_3_win252_end20110105.joblib
2025-10-04 23:31:57,123 - INFO - Window 43 complete. Train LL: -1177.9311
2025-10-04 23:31:57,123 - INFO - Training window 44: 2010-02-17 to 2011-02-03
2025-10-04 23:31:57,140 - INFO - Fitting HMM with 3 states on 252 samples
2025-10-04 23:31:57,140 - INFO - Fitting HMM model with 3 states
2025-10-04 23:31:57,189 - INFO - Model fitted. Log-likelihood: -1134.6490
2025-10-04 23:31:57,200 - INFO - Saved model artifact: models\hmm_EUR_USD_3_win252_end20110203.joblib
2025-10-04 23:31:57,201 - INFO - Window 44 complete. Train LL: -1134.6490
2025-10-04 23:31:57,202 - INFO - Training window 45: 2010-03-18 to 2011-03-04
2025-10-04 23:31:57,214 - INFO - Fitting HMM with 3 states on 252 samples
2025-10-04 23:31:57,214 - INFO - Fitting HMM model with 3 states
2025-10-04 23:31:57,312 - INFO - Model fitted. Log-likelihood: -1172.2071
2025-10-04 23:31:57,322 - INFO - Saved model artifact: models\hmm_EUR_USD_3_win252_end20110304.joblib
2025-10-04 23:31:57,322 - INFO - Window 45 complete. Train LL: -1172.2071
2025-10-04 23:31:57,323 - INFO - Training window 46: 2010-04-16 to 2011-04-04
2025-10-04 23:31:57,340 - INFO - Fitting HMM with 3 states on 252 samples
2025-10-04 23:31:57,341 - INFO - Fitting HMM model with 3 states
2025-10-04 23:31:57,399 - INFO - Model fitted. Log-likelihood: -1196.9185
2025-10-04 23:31:57,411 - INFO - Saved model artifact: models\hmm_EUR_USD_3_win252_end20110404.joblib
2025-10-04 23:31:57,412 - INFO - Window 46 complete. Train LL: -1196.9185
2025-10-04 23:31:57,413 - INFO - Training window 47: 2010-05-17 to 2011-05-03
2025-10-04 23:31:57,430 - INFO - Fitting HMM with 3 states on 252 samples
2025-10-04 23:31:57,431 - INFO - Fitting HMM model with 3 states
2025-10-04 23:31:57,509 - INFO - Model fitted. Log-likelihood: -1146.5120
2025-10-04 23:31:57,519 - INFO - Saved model artifact: models\hmm_EUR_USD_3_win252_end20110503.joblib
2025-10-04 23:31:57,520 - INFO - Window 47 complete. Train LL: -1146.5120
2025-10-04 23:31:57,520 - INFO - Training window 48: 2010-06-15 to 2011-06-01
2025-10-04 23:31:57,529 - INFO - Fitting HMM with 3 states on 252 samples
2025-10-04 23:31:57,529 - INFO - Fitting HMM model with 3 states
2025-10-04 23:31:57,670 - INFO - Model fitted. Log-likelihood: -1145.6427
2025-10-04 23:31:57,678 - INFO - Saved model artifact: models\hmm_EUR_USD_3_win252_end20110601.joblib
2025-10-04 23:31:57,678 - INFO - Window 48 complete. Train LL: -1145.6427
2025-10-04 23:31:57,679 - INFO - Training window 49: 2010-07-14 to 2011-06-30
2025-10-04 23:31:57,693 - INFO - Fitting HMM with 3 states on 252 samples
2025-10-04 23:31:57,694 - INFO - Fitting HMM model with 3 states
2025-10-04 23:31:57,778 - INFO - Model fitted. Log-likelihood: -1178.0808
2025-10-04 23:31:57,787 - INFO - Saved model artifact: models\hmm_EUR_USD_3_win252_end20110630.joblib
2025-10-04 23:31:57,787 - INFO - Window 49 complete. Train LL: -1178.0808
2025-10-04 23:31:57,788 - INFO - Training window 50: 2010-08-12 to 2011-07-29
2025-10-04 23:31:57,800 - INFO - Fitting HMM with 3 states on 252 samples
2025-10-04 23:31:57,801 - INFO - Fitting HMM model with 3 states
2025-10-04 23:31:57,857 - INFO - Model fitted. Log-likelihood: -1177.4513
2025-10-04 23:31:57,866 - INFO - Saved model artifact: models\hmm_EUR_USD_3_win252_end20110729.joblib
2025-10-04 23:31:57,867 - INFO - Window 50 complete. Train LL: -1177.4513
2025-10-04 23:31:57,867 - INFO - Training window 51: 2010-09-10 to 2011-08-29
2025-10-04 23:31:57,882 - INFO - Fitting HMM with 3 states on 252 samples
2025-10-04 23:31:57,882 - INFO - Fitting HMM model with 3 states
2025-10-04 23:31:57,956 - INFO - Model fitted. Log-likelihood: -1179.6060
2025-10-04 23:31:57,967 - INFO - Saved model artifact: models\hmm_EUR_USD_3_win252_end20110829.joblib
2025-10-04 23:31:57,967 - INFO - Window 51 complete. Train LL: -1179.6060
2025-10-04 23:31:57,968 - INFO - Training window 52: 2010-10-11 to 2011-09-27
2025-10-04 23:31:57,977 - INFO - Fitting HMM with 3 states on 252 samples
2025-10-04 23:31:57,978 - INFO - Fitting HMM model with 3 states
2025-10-04 23:31:58,047 - WARNING - Model is not converging.  Current: -1278.5043454847892 is not greater than -1278.504340583437. Delta is -4.9013522129826015e-06
2025-10-04 23:31:58,048 - INFO - Model fitted. Log-likelihood: -1278.5045
2025-10-04 23:31:58,057 - INFO - Saved model artifact: models\hmm_EUR_USD_3_win252_end20110927.joblib
2025-10-04 23:31:58,058 - INFO - Window 52 complete. Train LL: -1278.5045
2025-10-04 23:31:58,058 - INFO - Training window 53: 2010-11-09 to 2011-10-26
2025-10-04 23:31:58,071 - INFO - Fitting HMM with 3 states on 252 samples
2025-10-04 23:31:58,072 - INFO - Fitting HMM model with 3 states
2025-10-04 23:31:58,146 - INFO - Model fitted. Log-likelihood: -1197.5302
2025-10-04 23:31:58,161 - INFO - Saved model artifact: models\hmm_EUR_USD_3_win252_end20111026.joblib
2025-10-04 23:31:58,161 - INFO - Window 53 complete. Train LL: -1197.5302
2025-10-04 23:31:58,161 - INFO - Training window 54: 2010-12-08 to 2011-11-24
2025-10-04 23:31:58,181 - INFO - Fitting HMM with 3 states on 252 samples
2025-10-04 23:31:58,182 - INFO - Fitting HMM model with 3 states
2025-10-04 23:31:58,270 - INFO - Model fitted. Log-likelihood: -1224.1182
2025-10-04 23:31:58,279 - INFO - Saved model artifact: models\hmm_EUR_USD_3_win252_end20111124.joblib
2025-10-04 23:31:58,280 - INFO - Window 54 complete. Train LL: -1224.1182
2025-10-04 23:31:58,280 - INFO - Training window 55: 2011-01-06 to 2011-12-23
2025-10-04 23:31:58,302 - INFO - Fitting HMM with 3 states on 252 samples
2025-10-04 23:31:58,303 - INFO - Fitting HMM model with 3 states
2025-10-04 23:31:58,356 - INFO - Model fitted. Log-likelihood: -1285.7129
2025-10-04 23:31:58,365 - INFO - Saved model artifact: models\hmm_EUR_USD_3_win252_end20111223.joblib
2025-10-04 23:31:58,365 - INFO - Window 55 complete. Train LL: -1285.7129
2025-10-04 23:31:58,365 - INFO - Training window 56: 2011-02-04 to 2012-01-23
2025-10-04 23:31:58,378 - INFO - Fitting HMM with 3 states on 252 samples
2025-10-04 23:31:58,379 - INFO - Fitting HMM model with 3 states
2025-10-04 23:31:58,439 - INFO - Model fitted. Log-likelihood: -1258.6811
2025-10-04 23:31:58,449 - INFO - Saved model artifact: models\hmm_EUR_USD_3_win252_end20120123.joblib
2025-10-04 23:31:58,449 - INFO - Window 56 complete. Train LL: -1258.6811
2025-10-04 23:31:58,449 - INFO - Training window 57: 2011-03-07 to 2012-02-21
2025-10-04 23:31:58,462 - INFO - Fitting HMM with 3 states on 252 samples
2025-10-04 23:31:58,462 - INFO - Fitting HMM model with 3 states
2025-10-04 23:31:58,543 - INFO - Model fitted. Log-likelihood: -1222.6399
2025-10-04 23:31:58,554 - INFO - Saved model artifact: models\hmm_EUR_USD_3_win252_end20120221.joblib
2025-10-04 23:31:58,554 - INFO - Window 57 complete. Train LL: -1222.6399
2025-10-04 23:31:58,555 - INFO - Training window 58: 2011-04-05 to 2012-03-21
2025-10-04 23:31:58,570 - INFO - Fitting HMM with 3 states on 252 samples
2025-10-04 23:31:58,570 - INFO - Fitting HMM model with 3 states
2025-10-04 23:31:58,625 - INFO - Model fitted. Log-likelihood: -1235.5027
2025-10-04 23:31:58,633 - INFO - Saved model artifact: models\hmm_EUR_USD_3_win252_end20120321.joblib
2025-10-04 23:31:58,634 - INFO - Window 58 complete. Train LL: -1235.5027
2025-10-04 23:31:58,634 - INFO - Training window 59: 2011-05-04 to 2012-04-19
2025-10-04 23:31:58,650 - INFO - Fitting HMM with 3 states on 252 samples
2025-10-04 23:31:58,651 - INFO - Fitting HMM model with 3 states
2025-10-04 23:31:58,851 - INFO - Model fitted. Log-likelihood: -1445.6000
2025-10-04 23:31:58,860 - INFO - Saved model artifact: models\hmm_EUR_USD_3_win252_end20120419.joblib
2025-10-04 23:31:58,860 - INFO - Window 59 complete. Train LL: -1445.6000
2025-10-04 23:31:58,860 - INFO - Training window 60: 2011-06-02 to 2012-05-18
2025-10-04 23:31:58,875 - INFO - Fitting HMM with 3 states on 252 samples
2025-10-04 23:31:58,876 - INFO - Fitting HMM model with 3 states
2025-10-04 23:31:58,932 - INFO - Model fitted. Log-likelihood: -1244.1330
2025-10-04 23:31:58,941 - INFO - Saved model artifact: models\hmm_EUR_USD_3_win252_end20120518.joblib
2025-10-04 23:31:58,941 - INFO - Window 60 complete. Train LL: -1244.1330
2025-10-04 23:31:58,942 - INFO - Training window 61: 2011-07-01 to 2012-06-18
2025-10-04 23:31:58,956 - INFO - Fitting HMM with 3 states on 252 samples
2025-10-04 23:31:58,957 - INFO - Fitting HMM model with 3 states
2025-10-04 23:31:59,005 - INFO - Model fitted. Log-likelihood: -1250.0343
2025-10-04 23:31:59,015 - INFO - Saved model artifact: models\hmm_EUR_USD_3_win252_end20120618.joblib
2025-10-04 23:31:59,016 - INFO - Window 61 complete. Train LL: -1250.0343
2025-10-04 23:31:59,016 - INFO - Training window 62: 2011-08-01 to 2012-07-17
2025-10-04 23:31:59,030 - INFO - Fitting HMM with 3 states on 252 samples
2025-10-04 23:31:59,030 - INFO - Fitting HMM model with 3 states
2025-10-04 23:31:59,082 - INFO - Model fitted. Log-likelihood: -1226.2037
2025-10-04 23:31:59,097 - INFO - Saved model artifact: models\hmm_EUR_USD_3_win252_end20120717.joblib
2025-10-04 23:31:59,097 - INFO - Window 62 complete. Train LL: -1226.2037
2025-10-04 23:31:59,097 - INFO - Training window 63: 2011-08-30 to 2012-08-15
2025-10-04 23:31:59,113 - INFO - Fitting HMM with 3 states on 252 samples
2025-10-04 23:31:59,114 - INFO - Fitting HMM model with 3 states
2025-10-04 23:31:59,182 - INFO - Model fitted. Log-likelihood: -1210.8890
2025-10-04 23:31:59,192 - INFO - Saved model artifact: models\hmm_EUR_USD_3_win252_end20120815.joblib
2025-10-04 23:31:59,192 - INFO - Window 63 complete. Train LL: -1210.8890
2025-10-04 23:31:59,193 - INFO - Training window 64: 2011-09-28 to 2012-09-13
2025-10-04 23:31:59,204 - INFO - Fitting HMM with 3 states on 252 samples
2025-10-04 23:31:59,204 - INFO - Fitting HMM model with 3 states
2025-10-04 23:31:59,266 - INFO - Model fitted. Log-likelihood: -1201.6190
2025-10-04 23:31:59,277 - INFO - Saved model artifact: models\hmm_EUR_USD_3_win252_end20120913.joblib
2025-10-04 23:31:59,277 - INFO - Window 64 complete. Train LL: -1201.6190
2025-10-04 23:31:59,278 - INFO - Training window 65: 2011-10-27 to 2012-10-12
2025-10-04 23:31:59,291 - INFO - Fitting HMM with 3 states on 252 samples
2025-10-04 23:31:59,292 - INFO - Fitting HMM model with 3 states
2025-10-04 23:31:59,432 - INFO - Model fitted. Log-likelihood: -1285.5247
2025-10-04 23:31:59,443 - INFO - Saved model artifact: models\hmm_EUR_USD_3_win252_end20121012.joblib
2025-10-04 23:31:59,444 - INFO - Window 65 complete. Train LL: -1285.5247
2025-10-04 23:31:59,445 - INFO - Training window 66: 2011-11-25 to 2012-11-12
2025-10-04 23:31:59,470 - INFO - Fitting HMM with 3 states on 252 samples
2025-10-04 23:31:59,472 - INFO - Fitting HMM model with 3 states
2025-10-04 23:31:59,623 - INFO - Model fitted. Log-likelihood: -1321.0007
2025-10-04 23:31:59,631 - INFO - Saved model artifact: models\hmm_EUR_USD_3_win252_end20121112.joblib
2025-10-04 23:31:59,631 - INFO - Window 66 complete. Train LL: -1321.0007
2025-10-04 23:31:59,632 - INFO - Training window 67: 2011-12-26 to 2012-12-11
2025-10-04 23:31:59,647 - INFO - Fitting HMM with 3 states on 252 samples
2025-10-04 23:31:59,648 - INFO - Fitting HMM model with 3 states
2025-10-04 23:31:59,739 - INFO - Model fitted. Log-likelihood: -1297.6574
2025-10-04 23:31:59,746 - INFO - Saved model artifact: models\hmm_EUR_USD_3_win252_end20121211.joblib
2025-10-04 23:31:59,746 - INFO - Window 67 complete. Train LL: -1297.6574
2025-10-04 23:31:59,747 - INFO - Training window 68: 2012-01-24 to 2013-01-09
2025-10-04 23:31:59,764 - INFO - Fitting HMM with 3 states on 252 samples
2025-10-04 23:31:59,764 - INFO - Fitting HMM model with 3 states
2025-10-04 23:31:59,895 - INFO - Model fitted. Log-likelihood: -1272.5381
2025-10-04 23:31:59,903 - INFO - Saved model artifact: models\hmm_EUR_USD_3_win252_end20130109.joblib
2025-10-04 23:31:59,903 - INFO - Window 68 complete. Train LL: -1272.5381
2025-10-04 23:31:59,904 - INFO - Training window 69: 2012-02-22 to 2013-02-07
2025-10-04 23:31:59,915 - INFO - Fitting HMM with 3 states on 252 samples
2025-10-04 23:31:59,916 - INFO - Fitting HMM model with 3 states
2025-10-04 23:32:00,025 - INFO - Model fitted. Log-likelihood: -1282.8900
2025-10-04 23:32:00,033 - INFO - Saved model artifact: models\hmm_EUR_USD_3_win252_end20130207.joblib
2025-10-04 23:32:00,033 - INFO - Window 69 complete. Train LL: -1282.8900
2025-10-04 23:32:00,034 - INFO - Training window 70: 2012-03-22 to 2013-03-08
2025-10-04 23:32:00,045 - INFO - Fitting HMM with 3 states on 252 samples
2025-10-04 23:32:00,045 - INFO - Fitting HMM model with 3 states
2025-10-04 23:32:00,102 - INFO - Model fitted. Log-likelihood: -1333.6794
2025-10-04 23:32:00,112 - INFO - Saved model artifact: models\hmm_EUR_USD_3_win252_end20130308.joblib
2025-10-04 23:32:00,113 - INFO - Window 70 complete. Train LL: -1333.6794
2025-10-04 23:32:00,113 - INFO - Training window 71: 2012-04-20 to 2013-04-08
2025-10-04 23:32:00,129 - INFO - Fitting HMM with 3 states on 252 samples
2025-10-04 23:32:00,130 - INFO - Fitting HMM model with 3 states
2025-10-04 23:32:00,208 - INFO - Model fitted. Log-likelihood: -1406.3979
2025-10-04 23:32:00,218 - INFO - Saved model artifact: models\hmm_EUR_USD_3_win252_end20130408.joblib
2025-10-04 23:32:00,218 - INFO - Window 71 complete. Train LL: -1406.3979
2025-10-04 23:32:00,219 - INFO - Training window 72: 2012-05-21 to 2013-05-07
2025-10-04 23:32:00,229 - INFO - Fitting HMM with 3 states on 252 samples
2025-10-04 23:32:00,230 - INFO - Fitting HMM model with 3 states
2025-10-04 23:32:00,317 - INFO - Model fitted. Log-likelihood: -1331.2804
2025-10-04 23:32:00,328 - INFO - Saved model artifact: models\hmm_EUR_USD_3_win252_end20130507.joblib
2025-10-04 23:32:00,329 - INFO - Window 72 complete. Train LL: -1331.2804
2025-10-04 23:32:00,329 - INFO - Training window 73: 2012-06-19 to 2013-06-05
2025-10-04 23:32:00,345 - INFO - Fitting HMM with 3 states on 252 samples
2025-10-04 23:32:00,345 - INFO - Fitting HMM model with 3 states
2025-10-04 23:32:00,530 - INFO - Model fitted. Log-likelihood: -1275.3034
2025-10-04 23:32:00,538 - INFO - Saved model artifact: models\hmm_EUR_USD_3_win252_end20130605.joblib
2025-10-04 23:32:00,538 - INFO - Window 73 complete. Train LL: -1275.3034
2025-10-04 23:32:00,539 - INFO - Training window 74: 2012-07-18 to 2013-07-04
2025-10-04 23:32:00,550 - INFO - Fitting HMM with 3 states on 252 samples
2025-10-04 23:32:00,551 - INFO - Fitting HMM model with 3 states
2025-10-04 23:32:00,648 - INFO - Model fitted. Log-likelihood: -1475.8406
2025-10-04 23:32:00,656 - INFO - Saved model artifact: models\hmm_EUR_USD_3_win252_end20130704.joblib
2025-10-04 23:32:00,656 - INFO - Window 74 complete. Train LL: -1475.8406
2025-10-04 23:32:00,657 - INFO - Training window 75: 2012-08-16 to 2013-08-02
2025-10-04 23:32:00,674 - INFO - Fitting HMM with 3 states on 252 samples
2025-10-04 23:32:00,674 - INFO - Fitting HMM model with 3 states
2025-10-04 23:32:00,736 - INFO - Model fitted. Log-likelihood: -1407.2666
2025-10-04 23:32:00,747 - INFO - Saved model artifact: models\hmm_EUR_USD_3_win252_end20130802.joblib
2025-10-04 23:32:00,747 - INFO - Window 75 complete. Train LL: -1407.2666
2025-10-04 23:32:00,748 - INFO - Training window 76: 2012-09-14 to 2013-09-02
2025-10-04 23:32:00,765 - INFO - Fitting HMM with 3 states on 252 samples
2025-10-04 23:32:00,765 - INFO - Fitting HMM model with 3 states
2025-10-04 23:32:00,858 - INFO - Model fitted. Log-likelihood: -1264.2987
2025-10-04 23:32:00,866 - INFO - Saved model artifact: models\hmm_EUR_USD_3_win252_end20130902.joblib
2025-10-04 23:32:00,867 - INFO - Window 76 complete. Train LL: -1264.2987
2025-10-04 23:32:00,867 - INFO - Training window 77: 2012-10-15 to 2013-10-01
2025-10-04 23:32:00,882 - INFO - Fitting HMM with 3 states on 252 samples
2025-10-04 23:32:00,882 - INFO - Fitting HMM model with 3 states
2025-10-04 23:32:00,957 - INFO - Model fitted. Log-likelihood: -1284.1877
2025-10-04 23:32:00,965 - INFO - Saved model artifact: models\hmm_EUR_USD_3_win252_end20131001.joblib
2025-10-04 23:32:00,966 - INFO - Window 77 complete. Train LL: -1284.1877
2025-10-04 23:32:00,966 - INFO - Training window 78: 2012-11-13 to 2013-10-30
2025-10-04 23:32:00,979 - INFO - Fitting HMM with 3 states on 252 samples
2025-10-04 23:32:00,980 - INFO - Fitting HMM model with 3 states
2025-10-04 23:32:01,047 - INFO - Model fitted. Log-likelihood: -1217.4804
2025-10-04 23:32:01,056 - INFO - Saved model artifact: models\hmm_EUR_USD_3_win252_end20131030.joblib
2025-10-04 23:32:01,056 - INFO - Window 78 complete. Train LL: -1217.4804
2025-10-04 23:32:01,056 - INFO - Training window 79: 2012-12-12 to 2013-11-28
2025-10-04 23:32:01,073 - INFO - Fitting HMM with 3 states on 252 samples
2025-10-04 23:32:01,073 - INFO - Fitting HMM model with 3 states
2025-10-04 23:32:01,193 - INFO - Model fitted. Log-likelihood: -1229.1510
2025-10-04 23:32:01,202 - INFO - Saved model artifact: models\hmm_EUR_USD_3_win252_end20131128.joblib
2025-10-04 23:32:01,202 - INFO - Window 79 complete. Train LL: -1229.1510
2025-10-04 23:32:01,203 - INFO - Training window 80: 2013-01-10 to 2013-12-27
2025-10-04 23:32:01,215 - INFO - Fitting HMM with 3 states on 252 samples
2025-10-04 23:32:01,215 - INFO - Fitting HMM model with 3 states
2025-10-04 23:32:01,416 - INFO - Model fitted. Log-likelihood: -1196.5435
2025-10-04 23:32:01,424 - INFO - Saved model artifact: models\hmm_EUR_USD_3_win252_end20131227.joblib
2025-10-04 23:32:01,424 - INFO - Window 80 complete. Train LL: -1196.5435
2025-10-04 23:32:01,425 - INFO - Training window 81: 2013-02-08 to 2014-01-27
2025-10-04 23:32:01,440 - INFO - Fitting HMM with 3 states on 252 samples
2025-10-04 23:32:01,440 - INFO - Fitting HMM model with 3 states
2025-10-04 23:32:01,495 - INFO - Model fitted. Log-likelihood: -1173.2634
2025-10-04 23:32:01,504 - INFO - Saved model artifact: models\hmm_EUR_USD_3_win252_end20140127.joblib
2025-10-04 23:32:01,505 - INFO - Window 81 complete. Train LL: -1173.2634
2025-10-04 23:32:01,505 - INFO - Training window 82: 2013-03-11 to 2014-02-25
2025-10-04 23:32:01,517 - INFO - Fitting HMM with 3 states on 252 samples
2025-10-04 23:32:01,519 - INFO - Fitting HMM model with 3 states
2025-10-04 23:32:01,717 - INFO - Model fitted. Log-likelihood: -1210.7129
2025-10-04 23:32:01,727 - INFO - Saved model artifact: models\hmm_EUR_USD_3_win252_end20140225.joblib
2025-10-04 23:32:01,727 - INFO - Window 82 complete. Train LL: -1210.7129
2025-10-04 23:32:01,728 - INFO - Training window 83: 2013-04-09 to 2014-03-26
2025-10-04 23:32:01,742 - INFO - Fitting HMM with 3 states on 252 samples
2025-10-04 23:32:01,742 - INFO - Fitting HMM model with 3 states
2025-10-04 23:32:01,847 - INFO - Model fitted. Log-likelihood: -1183.6887
2025-10-04 23:32:01,856 - INFO - Saved model artifact: models\hmm_EUR_USD_3_win252_end20140326.joblib
2025-10-04 23:32:01,856 - INFO - Window 83 complete. Train LL: -1183.6887
2025-10-04 23:32:01,857 - INFO - Training window 84: 2013-05-08 to 2014-04-24
2025-10-04 23:32:01,871 - INFO - Fitting HMM with 3 states on 252 samples
2025-10-04 23:32:01,872 - INFO - Fitting HMM model with 3 states
2025-10-04 23:32:01,923 - INFO - Model fitted. Log-likelihood: -1169.4355
2025-10-04 23:32:01,931 - INFO - Saved model artifact: models\hmm_EUR_USD_3_win252_end20140424.joblib
2025-10-04 23:32:01,932 - INFO - Window 84 complete. Train LL: -1169.4355
2025-10-04 23:32:01,932 - INFO - Training window 85: 2013-06-06 to 2014-05-23
2025-10-04 23:32:01,949 - INFO - Fitting HMM with 3 states on 252 samples
2025-10-04 23:32:01,950 - INFO - Fitting HMM model with 3 states
2025-10-04 23:32:02,032 - INFO - Model fitted. Log-likelihood: -1163.7096
2025-10-04 23:32:02,042 - INFO - Saved model artifact: models\hmm_EUR_USD_3_win252_end20140523.joblib
2025-10-04 23:32:02,042 - INFO - Window 85 complete. Train LL: -1163.7096
2025-10-04 23:32:02,043 - INFO - Training window 86: 2013-07-05 to 2014-06-23
2025-10-04 23:32:02,058 - INFO - Fitting HMM with 3 states on 252 samples
2025-10-04 23:32:02,059 - INFO - Fitting HMM model with 3 states
2025-10-04 23:32:02,121 - INFO - Model fitted. Log-likelihood: -1203.4111
2025-10-04 23:32:02,129 - INFO - Saved model artifact: models\hmm_EUR_USD_3_win252_end20140623.joblib
2025-10-04 23:32:02,129 - INFO - Window 86 complete. Train LL: -1203.4111
2025-10-04 23:32:02,130 - INFO - Training window 87: 2013-08-05 to 2014-07-22
2025-10-04 23:32:02,142 - INFO - Fitting HMM with 3 states on 252 samples
2025-10-04 23:32:02,142 - INFO - Fitting HMM model with 3 states
2025-10-04 23:32:02,215 - INFO - Model fitted. Log-likelihood: -1191.6975
2025-10-04 23:32:02,225 - INFO - Saved model artifact: models\hmm_EUR_USD_3_win252_end20140722.joblib
2025-10-04 23:32:02,225 - INFO - Window 87 complete. Train LL: -1191.6975
2025-10-04 23:32:02,225 - INFO - Training window 88: 2013-09-03 to 2014-08-20
2025-10-04 23:32:02,242 - INFO - Fitting HMM with 3 states on 252 samples
2025-10-04 23:32:02,242 - INFO - Fitting HMM model with 3 states
2025-10-04 23:32:02,365 - INFO - Model fitted. Log-likelihood: -1154.8552
2025-10-04 23:32:02,386 - INFO - Saved model artifact: models\hmm_EUR_USD_3_win252_end20140820.joblib
2025-10-04 23:32:02,413 - INFO - Window 88 complete. Train LL: -1154.8552
2025-10-04 23:32:02,414 - INFO - Training window 89: 2013-10-02 to 2014-09-18
2025-10-04 23:32:02,446 - INFO - Fitting HMM with 3 states on 252 samples
2025-10-04 23:32:02,459 - INFO - Fitting HMM model with 3 states
2025-10-04 23:32:02,510 - INFO - Model fitted. Log-likelihood: -1130.1091
2025-10-04 23:32:02,522 - INFO - Saved model artifact: models\hmm_EUR_USD_3_win252_end20140918.joblib
2025-10-04 23:32:02,522 - INFO - Window 89 complete. Train LL: -1130.1091
2025-10-04 23:32:02,523 - INFO - Training window 90: 2013-10-31 to 2014-10-17
2025-10-04 23:32:02,542 - INFO - Fitting HMM with 3 states on 252 samples
2025-10-04 23:32:02,542 - INFO - Fitting HMM model with 3 states
2025-10-04 23:32:02,583 - WARNING - Model is not converging.  Current: -1231.26982049085 is not greater than -1231.2633826577076. Delta is -0.0064378331423995405
2025-10-04 23:32:02,585 - INFO - Model fitted. Log-likelihood: -1231.2783
2025-10-04 23:32:02,596 - INFO - Saved model artifact: models\hmm_EUR_USD_3_win252_end20141017.joblib
2025-10-04 23:32:02,596 - INFO - Window 90 complete. Train LL: -1231.2783
2025-10-04 23:32:02,597 - INFO - Training window 91: 2013-11-29 to 2014-11-17
2025-10-04 23:32:02,611 - INFO - Fitting HMM with 3 states on 252 samples
2025-10-04 23:32:02,611 - INFO - Fitting HMM model with 3 states
2025-10-04 23:32:02,684 - INFO - Model fitted. Log-likelihood: -1096.2981
2025-10-04 23:32:02,695 - INFO - Saved model artifact: models\hmm_EUR_USD_3_win252_end20141117.joblib
2025-10-04 23:32:02,696 - INFO - Window 91 complete. Train LL: -1096.2981
2025-10-04 23:32:02,696 - INFO - Training window 92: 2013-12-30 to 2014-12-16
2025-10-04 23:32:02,710 - INFO - Fitting HMM with 3 states on 252 samples
2025-10-04 23:32:02,711 - INFO - Fitting HMM model with 3 states
2025-10-04 23:32:02,804 - INFO - Model fitted. Log-likelihood: -1083.7494
2025-10-04 23:32:02,812 - INFO - Saved model artifact: models\hmm_EUR_USD_3_win252_end20141216.joblib
2025-10-04 23:32:02,812 - INFO - Window 92 complete. Train LL: -1083.7494
2025-10-04 23:32:02,813 - INFO - Training window 93: 2014-01-28 to 2015-01-15
2025-10-04 23:32:02,826 - INFO - Fitting HMM with 3 states on 252 samples
2025-10-04 23:32:02,826 - INFO - Fitting HMM model with 3 states
2025-10-04 23:32:02,910 - INFO - Model fitted. Log-likelihood: -984.6644
2025-10-04 23:32:02,920 - INFO - Saved model artifact: models\hmm_EUR_USD_3_win252_end20150115.joblib
2025-10-04 23:32:02,920 - INFO - Window 93 complete. Train LL: -984.6644
2025-10-04 23:32:02,921 - INFO - Training window 94: 2014-02-26 to 2015-02-13
2025-10-04 23:32:02,935 - INFO - Fitting HMM with 3 states on 252 samples
2025-10-04 23:32:02,935 - INFO - Fitting HMM model with 3 states
2025-10-04 23:32:02,986 - INFO - Model fitted. Log-likelihood: -946.8711
2025-10-04 23:32:02,995 - INFO - Saved model artifact: models\hmm_EUR_USD_3_win252_end20150213.joblib
2025-10-04 23:32:02,996 - INFO - Window 94 complete. Train LL: -946.8711
2025-10-04 23:32:02,996 - INFO - Training window 95: 2014-03-27 to 2015-03-16
2025-10-04 23:32:03,013 - INFO - Fitting HMM with 3 states on 252 samples
2025-10-04 23:32:03,013 - INFO - Fitting HMM model with 3 states
2025-10-04 23:32:03,076 - INFO - Model fitted. Log-likelihood: -845.0293
2025-10-04 23:32:03,087 - INFO - Saved model artifact: models\hmm_EUR_USD_3_win252_end20150316.joblib
2025-10-04 23:32:03,088 - INFO - Window 95 complete. Train LL: -845.0293
2025-10-04 23:32:03,088 - INFO - Training window 96: 2014-04-25 to 2015-04-14
2025-10-04 23:32:03,098 - INFO - Fitting HMM with 3 states on 252 samples
2025-10-04 23:32:03,098 - INFO - Fitting HMM model with 3 states
2025-10-04 23:32:03,167 - WARNING - Model is not converging.  Current: -892.8663542952667 is not greater than -892.8659373335225. Delta is -0.00041696174412209075
2025-10-04 23:32:03,169 - INFO - Model fitted. Log-likelihood: -892.8666
2025-10-04 23:32:03,177 - INFO - Saved model artifact: models\hmm_EUR_USD_3_win252_end20150414.joblib
2025-10-04 23:32:03,177 - INFO - Window 96 complete. Train LL: -892.8666
2025-10-04 23:32:03,178 - INFO - Training window 97: 2014-05-26 to 2015-05-13
2025-10-04 23:32:03,192 - INFO - Fitting HMM with 3 states on 252 samples
2025-10-04 23:32:03,192 - INFO - Fitting HMM model with 3 states
2025-10-04 23:32:03,257 - INFO - Model fitted. Log-likelihood: -980.8268
2025-10-04 23:32:03,266 - INFO - Saved model artifact: models\hmm_EUR_USD_3_win252_end20150513.joblib
2025-10-04 23:32:03,266 - INFO - Window 97 complete. Train LL: -980.8268
2025-10-04 23:32:03,266 - INFO - Training window 98: 2014-06-24 to 2015-06-11
2025-10-04 23:32:03,278 - INFO - Fitting HMM with 3 states on 252 samples
2025-10-04 23:32:03,279 - INFO - Fitting HMM model with 3 states
2025-10-04 23:32:03,411 - INFO - Model fitted. Log-likelihood: -967.9274
2025-10-04 23:32:03,419 - INFO - Saved model artifact: models\hmm_EUR_USD_3_win252_end20150611.joblib
2025-10-04 23:32:03,420 - INFO - Window 98 complete. Train LL: -967.9274
2025-10-04 23:32:03,420 - INFO - Training window 99: 2014-07-23 to 2015-07-10
2025-10-04 23:32:03,431 - INFO - Fitting HMM with 3 states on 252 samples
2025-10-04 23:32:03,432 - INFO - Fitting HMM model with 3 states
2025-10-04 23:32:03,502 - INFO - Model fitted. Log-likelihood: -1123.5517
2025-10-04 23:32:03,510 - INFO - Saved model artifact: models\hmm_EUR_USD_3_win252_end20150710.joblib
2025-10-04 23:32:03,511 - INFO - Window 99 complete. Train LL: -1123.5517
2025-10-04 23:32:03,511 - INFO - Training window 100: 2014-08-21 to 2015-08-10
2025-10-04 23:32:03,527 - INFO - Fitting HMM with 3 states on 252 samples
2025-10-04 23:32:03,528 - INFO - Fitting HMM model with 3 states
2025-10-04 23:32:03,604 - INFO - Model fitted. Log-likelihood: -1131.3257
2025-10-04 23:32:03,616 - INFO - Saved model artifact: models\hmm_EUR_USD_3_win252_end20150810.joblib
2025-10-04 23:32:03,616 - INFO - Window 100 complete. Train LL: -1131.3257
2025-10-04 23:32:03,617 - INFO - Training window 101: 2014-09-19 to 2015-09-08
2025-10-04 23:32:03,632 - INFO - Fitting HMM with 3 states on 252 samples
2025-10-04 23:32:03,632 - INFO - Fitting HMM model with 3 states
2025-10-04 23:32:03,748 - INFO - Model fitted. Log-likelihood: -1123.5676
2025-10-04 23:32:03,758 - INFO - Saved model artifact: models\hmm_EUR_USD_3_win252_end20150908.joblib
2025-10-04 23:32:03,758 - INFO - Window 101 complete. Train LL: -1123.5676
2025-10-04 23:32:03,759 - INFO - Training window 102: 2014-10-20 to 2015-10-07
2025-10-04 23:32:03,773 - INFO - Fitting HMM with 3 states on 252 samples
2025-10-04 23:32:03,774 - INFO - Fitting HMM model with 3 states
2025-10-04 23:32:03,830 - INFO - Model fitted. Log-likelihood: -1132.3966
2025-10-04 23:32:03,843 - INFO - Saved model artifact: models\hmm_EUR_USD_3_win252_end20151007.joblib
2025-10-04 23:32:03,843 - INFO - Window 102 complete. Train LL: -1132.3966
2025-10-04 23:32:03,844 - INFO - Training window 103: 2014-11-18 to 2015-11-05
2025-10-04 23:32:03,863 - INFO - Fitting HMM with 3 states on 252 samples
2025-10-04 23:32:03,864 - INFO - Fitting HMM model with 3 states
2025-10-04 23:32:04,008 - INFO - Model fitted. Log-likelihood: -1194.8415
2025-10-04 23:32:04,020 - INFO - Saved model artifact: models\hmm_EUR_USD_3_win252_end20151105.joblib
2025-10-04 23:32:04,021 - INFO - Window 103 complete. Train LL: -1194.8415
2025-10-04 23:32:04,022 - INFO - Training window 104: 2014-12-17 to 2015-12-04
2025-10-04 23:32:04,030 - INFO - Fitting HMM with 3 states on 252 samples
2025-10-04 23:32:04,030 - INFO - Fitting HMM model with 3 states
2025-10-04 23:32:04,108 - INFO - Model fitted. Log-likelihood: -1198.2080
2025-10-04 23:32:04,116 - INFO - Saved model artifact: models\hmm_EUR_USD_3_win252_end20151204.joblib
2025-10-04 23:32:04,116 - INFO - Window 104 complete. Train LL: -1198.2080
2025-10-04 23:32:04,117 - INFO - Training window 105: 2015-01-16 to 2016-01-04
2025-10-04 23:32:04,131 - INFO - Fitting HMM with 3 states on 252 samples
2025-10-04 23:32:04,131 - INFO - Fitting HMM model with 3 states
2025-10-04 23:32:04,233 - INFO - Model fitted. Log-likelihood: -1227.9101
2025-10-04 23:32:04,243 - INFO - Saved model artifact: models\hmm_EUR_USD_3_win252_end20160104.joblib
2025-10-04 23:32:04,243 - INFO - Window 105 complete. Train LL: -1227.9101
2025-10-04 23:32:04,244 - INFO - Training window 106: 2015-02-16 to 2016-02-02
2025-10-04 23:32:04,260 - INFO - Fitting HMM with 3 states on 252 samples
2025-10-04 23:32:04,261 - INFO - Fitting HMM model with 3 states
2025-10-04 23:32:04,352 - INFO - Model fitted. Log-likelihood: -1213.9945
2025-10-04 23:32:04,361 - INFO - Saved model artifact: models\hmm_EUR_USD_3_win252_end20160202.joblib
2025-10-04 23:32:04,361 - INFO - Window 106 complete. Train LL: -1213.9945
2025-10-04 23:32:04,362 - INFO - Training window 107: 2015-03-17 to 2016-03-02
2025-10-04 23:32:04,378 - INFO - Fitting HMM with 3 states on 252 samples
2025-10-04 23:32:04,379 - INFO - Fitting HMM model with 3 states
2025-10-04 23:32:04,454 - INFO - Model fitted. Log-likelihood: -1188.8018
2025-10-04 23:32:04,461 - INFO - Saved model artifact: models\hmm_EUR_USD_3_win252_end20160302.joblib
2025-10-04 23:32:04,462 - INFO - Window 107 complete. Train LL: -1188.8018
2025-10-04 23:32:04,462 - INFO - Training window 108: 2015-04-15 to 2016-03-31
2025-10-04 23:32:04,477 - INFO - Fitting HMM with 3 states on 252 samples
2025-10-04 23:32:04,477 - INFO - Fitting HMM model with 3 states
2025-10-04 23:32:04,611 - INFO - Model fitted. Log-likelihood: -1218.3891
2025-10-04 23:32:04,619 - INFO - Saved model artifact: models\hmm_EUR_USD_3_win252_end20160331.joblib
2025-10-04 23:32:04,619 - INFO - Window 108 complete. Train LL: -1218.3891
2025-10-04 23:32:04,620 - INFO - Training window 109: 2015-05-14 to 2016-04-29
2025-10-04 23:32:04,631 - INFO - Fitting HMM with 3 states on 252 samples
2025-10-04 23:32:04,632 - INFO - Fitting HMM model with 3 states
2025-10-04 23:32:04,715 - INFO - Model fitted. Log-likelihood: -1194.3009
2025-10-04 23:32:04,726 - INFO - Saved model artifact: models\hmm_EUR_USD_3_win252_end20160429.joblib
2025-10-04 23:32:04,726 - INFO - Window 109 complete. Train LL: -1194.3009
2025-10-04 23:32:04,726 - INFO - Training window 110: 2015-06-12 to 2016-05-30
2025-10-04 23:32:04,744 - INFO - Fitting HMM with 3 states on 252 samples
2025-10-04 23:32:04,744 - INFO - Fitting HMM model with 3 states
2025-10-04 23:32:04,958 - INFO - Model fitted. Log-likelihood: -1220.9357
2025-10-04 23:32:04,966 - INFO - Saved model artifact: models\hmm_EUR_USD_3_win252_end20160530.joblib
2025-10-04 23:32:04,967 - INFO - Window 110 complete. Train LL: -1220.9357
2025-10-04 23:32:04,967 - INFO - Training window 111: 2015-07-13 to 2016-06-28
2025-10-04 23:32:04,979 - INFO - Fitting HMM with 3 states on 252 samples
2025-10-04 23:32:04,980 - INFO - Fitting HMM model with 3 states
2025-10-04 23:32:05,056 - INFO - Model fitted. Log-likelihood: -1212.5811
2025-10-04 23:32:05,065 - INFO - Saved model artifact: models\hmm_EUR_USD_3_win252_end20160628.joblib
2025-10-04 23:32:05,065 - INFO - Window 111 complete. Train LL: -1212.5811
2025-10-04 23:32:05,065 - INFO - Training window 112: 2015-08-11 to 2016-07-27
2025-10-04 23:32:05,083 - INFO - Fitting HMM with 3 states on 252 samples
2025-10-04 23:32:05,084 - INFO - Fitting HMM model with 3 states
2025-10-04 23:32:05,155 - INFO - Model fitted. Log-likelihood: -1236.3430
2025-10-04 23:32:05,163 - INFO - Saved model artifact: models\hmm_EUR_USD_3_win252_end20160727.joblib
2025-10-04 23:32:05,163 - INFO - Window 112 complete. Train LL: -1236.3430
2025-10-04 23:32:05,164 - INFO - Training window 113: 2015-09-09 to 2016-08-25
2025-10-04 23:32:05,179 - INFO - Fitting HMM with 3 states on 252 samples
2025-10-04 23:32:05,180 - INFO - Fitting HMM model with 3 states
2025-10-04 23:32:05,307 - INFO - Model fitted. Log-likelihood: -1277.1116
2025-10-04 23:32:05,314 - INFO - Saved model artifact: models\hmm_EUR_USD_3_win252_end20160825.joblib
2025-10-04 23:32:05,315 - INFO - Window 113 complete. Train LL: -1277.1116
2025-10-04 23:32:05,315 - INFO - Training window 114: 2015-10-08 to 2016-09-23
2025-10-04 23:32:05,327 - INFO - Fitting HMM with 3 states on 252 samples
2025-10-04 23:32:05,328 - INFO - Fitting HMM model with 3 states
2025-10-04 23:32:05,377 - INFO - Model fitted. Log-likelihood: -1267.6504
2025-10-04 23:32:05,386 - INFO - Saved model artifact: models\hmm_EUR_USD_3_win252_end20160923.joblib
2025-10-04 23:32:05,387 - INFO - Window 114 complete. Train LL: -1267.6504
2025-10-04 23:32:05,387 - INFO - Training window 115: 2015-11-06 to 2016-10-24
2025-10-04 23:32:05,401 - INFO - Fitting HMM with 3 states on 252 samples
2025-10-04 23:32:05,401 - INFO - Fitting HMM model with 3 states
2025-10-04 23:32:05,510 - INFO - Model fitted. Log-likelihood: -1250.6751
2025-10-04 23:32:05,520 - INFO - Saved model artifact: models\hmm_EUR_USD_3_win252_end20161024.joblib
2025-10-04 23:32:05,520 - INFO - Window 115 complete. Train LL: -1250.6751
2025-10-04 23:32:05,521 - INFO - Training window 116: 2015-12-07 to 2016-11-22
2025-10-04 23:32:05,532 - INFO - Fitting HMM with 3 states on 252 samples
2025-10-04 23:32:05,533 - INFO - Fitting HMM model with 3 states
2025-10-04 23:32:05,637 - INFO - Model fitted. Log-likelihood: -1251.3025
2025-10-04 23:32:05,647 - INFO - Saved model artifact: models\hmm_EUR_USD_3_win252_end20161122.joblib
2025-10-04 23:32:05,647 - INFO - Window 116 complete. Train LL: -1251.3025
2025-10-04 23:32:05,647 - INFO - Training window 117: 2016-01-05 to 2016-12-21
2025-10-04 23:32:05,664 - INFO - Fitting HMM with 3 states on 252 samples
2025-10-04 23:32:05,665 - INFO - Fitting HMM model with 3 states
2025-10-04 23:32:05,728 - INFO - Model fitted. Log-likelihood: -1280.7199
2025-10-04 23:32:05,738 - INFO - Saved model artifact: models\hmm_EUR_USD_3_win252_end20161221.joblib
2025-10-04 23:32:05,738 - INFO - Window 117 complete. Train LL: -1280.7199
2025-10-04 23:32:05,739 - INFO - Training window 118: 2016-02-03 to 2017-01-19
2025-10-04 23:32:05,755 - INFO - Fitting HMM with 3 states on 252 samples
2025-10-04 23:32:05,755 - INFO - Fitting HMM model with 3 states
2025-10-04 23:32:05,822 - INFO - Model fitted. Log-likelihood: -1211.1728
2025-10-04 23:32:05,830 - INFO - Saved model artifact: models\hmm_EUR_USD_3_win252_end20170119.joblib
2025-10-04 23:32:05,831 - INFO - Window 118 complete. Train LL: -1211.1728
2025-10-04 23:32:05,831 - INFO - Training window 119: 2016-03-03 to 2017-02-17
2025-10-04 23:32:05,845 - INFO - Fitting HMM with 3 states on 252 samples
2025-10-04 23:32:05,845 - INFO - Fitting HMM model with 3 states
2025-10-04 23:32:05,947 - INFO - Model fitted. Log-likelihood: -1218.7040
2025-10-04 23:32:05,955 - INFO - Saved model artifact: models\hmm_EUR_USD_3_win252_end20170217.joblib
2025-10-04 23:32:05,956 - INFO - Window 119 complete. Train LL: -1218.7040
2025-10-04 23:32:05,956 - INFO - Training window 120: 2016-04-01 to 2017-03-20
2025-10-04 23:32:05,976 - INFO - Fitting HMM with 3 states on 252 samples
2025-10-04 23:32:05,976 - INFO - Fitting HMM model with 3 states
2025-10-04 23:32:06,109 - INFO - Model fitted. Log-likelihood: -1189.9569
2025-10-04 23:32:06,121 - INFO - Saved model artifact: models\hmm_EUR_USD_3_win252_end20170320.joblib
2025-10-04 23:32:06,121 - INFO - Window 120 complete. Train LL: -1189.9569
2025-10-04 23:32:06,122 - INFO - Training window 121: 2016-05-02 to 2017-04-18
2025-10-04 23:32:06,139 - INFO - Fitting HMM with 3 states on 252 samples
2025-10-04 23:32:06,140 - INFO - Fitting HMM model with 3 states
2025-10-04 23:32:06,199 - INFO - Model fitted. Log-likelihood: -1171.8167
2025-10-04 23:32:06,209 - INFO - Saved model artifact: models\hmm_EUR_USD_3_win252_end20170418.joblib
2025-10-04 23:32:06,210 - INFO - Window 121 complete. Train LL: -1171.8167
2025-10-04 23:32:06,210 - INFO - Training window 122: 2016-05-31 to 2017-05-17
2025-10-04 23:32:06,225 - INFO - Fitting HMM with 3 states on 252 samples
2025-10-04 23:32:06,225 - INFO - Fitting HMM model with 3 states
2025-10-04 23:32:06,291 - INFO - Model fitted. Log-likelihood: -1218.0359
2025-10-04 23:32:06,304 - INFO - Saved model artifact: models\hmm_EUR_USD_3_win252_end20170517.joblib
2025-10-04 23:32:06,305 - INFO - Window 122 complete. Train LL: -1218.0359
2025-10-04 23:32:06,305 - INFO - Training window 123: 2016-06-29 to 2017-06-15
2025-10-04 23:32:06,321 - INFO - Fitting HMM with 3 states on 252 samples
2025-10-04 23:32:06,322 - INFO - Fitting HMM model with 3 states
2025-10-04 23:32:06,418 - INFO - Model fitted. Log-likelihood: -1191.8448
2025-10-04 23:32:06,426 - INFO - Saved model artifact: models\hmm_EUR_USD_3_win252_end20170615.joblib
2025-10-04 23:32:06,426 - INFO - Window 123 complete. Train LL: -1191.8448
2025-10-04 23:32:06,427 - INFO - Training window 124: 2016-07-28 to 2017-07-14
2025-10-04 23:32:06,442 - INFO - Fitting HMM with 3 states on 252 samples
2025-10-04 23:32:06,442 - INFO - Fitting HMM model with 3 states
2025-10-04 23:32:06,591 - INFO - Model fitted. Log-likelihood: -1198.7944
2025-10-04 23:32:06,599 - INFO - Saved model artifact: models\hmm_EUR_USD_3_win252_end20170714.joblib
2025-10-04 23:32:06,599 - INFO - Window 124 complete. Train LL: -1198.7944
2025-10-04 23:32:06,600 - INFO - Training window 125: 2016-08-26 to 2017-08-14
2025-10-04 23:32:06,611 - INFO - Fitting HMM with 3 states on 252 samples
2025-10-04 23:32:06,611 - INFO - Fitting HMM model with 3 states
2025-10-04 23:32:06,711 - INFO - Model fitted. Log-likelihood: -1180.0392
2025-10-04 23:32:06,721 - INFO - Saved model artifact: models\hmm_EUR_USD_3_win252_end20170814.joblib
2025-10-04 23:32:06,721 - INFO - Window 125 complete. Train LL: -1180.0392
2025-10-04 23:32:06,721 - INFO - Training window 126: 2016-09-26 to 2017-09-12
2025-10-04 23:32:06,736 - INFO - Fitting HMM with 3 states on 252 samples
2025-10-04 23:32:06,737 - INFO - Fitting HMM model with 3 states
2025-10-04 23:32:06,799 - INFO - Model fitted. Log-likelihood: -1230.1276
2025-10-04 23:32:06,811 - INFO - Saved model artifact: models\hmm_EUR_USD_3_win252_end20170912.joblib
2025-10-04 23:32:06,811 - INFO - Window 126 complete. Train LL: -1230.1276
2025-10-04 23:32:06,812 - INFO - Training window 127: 2016-10-25 to 2017-10-11
2025-10-04 23:32:06,825 - INFO - Fitting HMM with 3 states on 252 samples
2025-10-04 23:32:06,825 - INFO - Fitting HMM model with 3 states
2025-10-04 23:32:06,922 - INFO - Model fitted. Log-likelihood: -1245.6457
2025-10-04 23:32:06,936 - INFO - Saved model artifact: models\hmm_EUR_USD_3_win252_end20171011.joblib
2025-10-04 23:32:06,937 - INFO - Window 127 complete. Train LL: -1245.6457
2025-10-04 23:32:06,938 - INFO - Training window 128: 2016-11-23 to 2017-11-09
2025-10-04 23:32:06,949 - INFO - Fitting HMM with 3 states on 252 samples
2025-10-04 23:32:06,949 - INFO - Fitting HMM model with 3 states
2025-10-04 23:32:07,024 - INFO - Model fitted. Log-likelihood: -1275.7638
2025-10-04 23:32:07,035 - INFO - Saved model artifact: models\hmm_EUR_USD_3_win252_end20171109.joblib
2025-10-04 23:32:07,035 - INFO - Window 128 complete. Train LL: -1275.7638
2025-10-04 23:32:07,036 - INFO - Training window 129: 2016-12-22 to 2017-12-08
2025-10-04 23:32:07,046 - INFO - Fitting HMM with 3 states on 252 samples
2025-10-04 23:32:07,046 - INFO - Fitting HMM model with 3 states
2025-10-04 23:32:07,102 - INFO - Model fitted. Log-likelihood: -1271.4446
2025-10-04 23:32:07,114 - INFO - Saved model artifact: models\hmm_EUR_USD_3_win252_end20171208.joblib
2025-10-04 23:32:07,115 - INFO - Window 129 complete. Train LL: -1271.4446
2025-10-04 23:32:07,115 - INFO - Training window 130: 2017-01-20 to 2018-01-08
2025-10-04 23:32:07,132 - INFO - Fitting HMM with 3 states on 252 samples
2025-10-04 23:32:07,132 - INFO - Fitting HMM model with 3 states
2025-10-04 23:32:07,263 - INFO - Model fitted. Log-likelihood: -1242.2470
2025-10-04 23:32:07,271 - INFO - Saved model artifact: models\hmm_EUR_USD_3_win252_end20180108.joblib
2025-10-04 23:32:07,272 - INFO - Window 130 complete. Train LL: -1242.2470
2025-10-04 23:32:07,272 - INFO - Training window 131: 2017-02-20 to 2018-02-06
2025-10-04 23:32:07,284 - INFO - Fitting HMM with 3 states on 252 samples
2025-10-04 23:32:07,285 - INFO - Fitting HMM model with 3 states
2025-10-04 23:32:07,340 - INFO - Model fitted. Log-likelihood: -1238.4744
2025-10-04 23:32:07,349 - INFO - Saved model artifact: models\hmm_EUR_USD_3_win252_end20180206.joblib
2025-10-04 23:32:07,350 - INFO - Window 131 complete. Train LL: -1238.4744
2025-10-04 23:32:07,350 - INFO - Training window 132: 2017-03-21 to 2018-03-07
2025-10-04 23:32:07,368 - INFO - Fitting HMM with 3 states on 252 samples
2025-10-04 23:32:07,368 - INFO - Fitting HMM model with 3 states
2025-10-04 23:32:07,443 - INFO - Model fitted. Log-likelihood: -1299.1370
2025-10-04 23:32:07,451 - INFO - Saved model artifact: models\hmm_EUR_USD_3_win252_end20180307.joblib
2025-10-04 23:32:07,452 - INFO - Window 132 complete. Train LL: -1299.1370
2025-10-04 23:32:07,452 - INFO - Training window 133: 2017-04-19 to 2018-04-05
2025-10-04 23:32:07,464 - INFO - Fitting HMM with 3 states on 252 samples
2025-10-04 23:32:07,464 - INFO - Fitting HMM model with 3 states
2025-10-04 23:32:07,547 - INFO - Model fitted. Log-likelihood: -1245.3804
2025-10-04 23:32:07,557 - INFO - Saved model artifact: models\hmm_EUR_USD_3_win252_end20180405.joblib
2025-10-04 23:32:07,559 - INFO - Window 133 complete. Train LL: -1245.3804
2025-10-04 23:32:07,559 - INFO - Training window 134: 2017-05-18 to 2018-05-04
2025-10-04 23:32:07,571 - INFO - Fitting HMM with 3 states on 252 samples
2025-10-04 23:32:07,571 - INFO - Fitting HMM model with 3 states
2025-10-04 23:32:07,643 - INFO - Model fitted. Log-likelihood: -1268.6261
2025-10-04 23:32:07,652 - INFO - Saved model artifact: models\hmm_EUR_USD_3_win252_end20180504.joblib
2025-10-04 23:32:07,653 - INFO - Window 134 complete. Train LL: -1268.6261
2025-10-04 23:32:07,653 - INFO - Training window 135: 2017-06-16 to 2018-06-04
2025-10-04 23:32:07,663 - INFO - Fitting HMM with 3 states on 252 samples
2025-10-04 23:32:07,663 - INFO - Fitting HMM model with 3 states
2025-10-04 23:32:07,731 - INFO - Model fitted. Log-likelihood: -1233.9636
2025-10-04 23:32:07,740 - INFO - Saved model artifact: models\hmm_EUR_USD_3_win252_end20180604.joblib
2025-10-04 23:32:07,740 - INFO - Window 135 complete. Train LL: -1233.9636
2025-10-04 23:32:07,741 - INFO - Training window 136: 2017-07-17 to 2018-07-03
2025-10-04 23:32:07,758 - INFO - Fitting HMM with 3 states on 252 samples
2025-10-04 23:32:07,759 - INFO - Fitting HMM model with 3 states
2025-10-04 23:32:07,822 - INFO - Model fitted. Log-likelihood: -1275.8055
2025-10-04 23:32:07,832 - INFO - Saved model artifact: models\hmm_EUR_USD_3_win252_end20180703.joblib
2025-10-04 23:32:07,832 - INFO - Window 136 complete. Train LL: -1275.8055
2025-10-04 23:32:07,833 - INFO - Training window 137: 2017-08-15 to 2018-08-01
2025-10-04 23:32:07,846 - INFO - Fitting HMM with 3 states on 252 samples
2025-10-04 23:32:07,846 - INFO - Fitting HMM model with 3 states
2025-10-04 23:32:07,895 - INFO - Model fitted. Log-likelihood: -1278.6511
2025-10-04 23:32:07,906 - INFO - Saved model artifact: models\hmm_EUR_USD_3_win252_end20180801.joblib
2025-10-04 23:32:07,907 - INFO - Window 137 complete. Train LL: -1278.6511
2025-10-04 23:32:07,907 - INFO - Training window 138: 2017-09-13 to 2018-08-30
2025-10-04 23:32:07,916 - INFO - Fitting HMM with 3 states on 252 samples
2025-10-04 23:32:07,917 - INFO - Fitting HMM model with 3 states
2025-10-04 23:32:07,991 - INFO - Model fitted. Log-likelihood: -1248.1593
2025-10-04 23:32:07,999 - INFO - Saved model artifact: models\hmm_EUR_USD_3_win252_end20180830.joblib
2025-10-04 23:32:08,000 - INFO - Window 138 complete. Train LL: -1248.1593
2025-10-04 23:32:08,000 - INFO - Training window 139: 2017-10-12 to 2018-09-28
2025-10-04 23:32:08,014 - INFO - Fitting HMM with 3 states on 252 samples
2025-10-04 23:32:08,015 - INFO - Fitting HMM model with 3 states
2025-10-04 23:32:08,080 - INFO - Model fitted. Log-likelihood: -1291.4888
2025-10-04 23:32:08,093 - INFO - Saved model artifact: models\hmm_EUR_USD_3_win252_end20180928.joblib
2025-10-04 23:32:08,093 - INFO - Window 139 complete. Train LL: -1291.4888
2025-10-04 23:32:08,094 - INFO - Training window 140: 2017-11-10 to 2018-10-29
2025-10-04 23:32:08,108 - INFO - Fitting HMM with 3 states on 252 samples
2025-10-04 23:32:08,108 - INFO - Fitting HMM model with 3 states
2025-10-04 23:32:08,221 - INFO - Model fitted. Log-likelihood: -1249.4222
2025-10-04 23:32:08,233 - INFO - Saved model artifact: models\hmm_EUR_USD_3_win252_end20181029.joblib
2025-10-04 23:32:08,275 - INFO - Window 140 complete. Train LL: -1249.4222
2025-10-04 23:32:08,322 - INFO - Training window 141: 2017-12-11 to 2018-11-27
2025-10-04 23:32:08,395 - INFO - Fitting HMM with 3 states on 252 samples
2025-10-04 23:32:08,399 - INFO - Fitting HMM model with 3 states
2025-10-04 23:32:08,716 - INFO - Model fitted. Log-likelihood: -1423.6538
2025-10-04 23:32:08,725 - INFO - Saved model artifact: models\hmm_EUR_USD_3_win252_end20181127.joblib
2025-10-04 23:32:08,725 - INFO - Window 141 complete. Train LL: -1423.6538
2025-10-04 23:32:08,726 - INFO - Training window 142: 2018-01-09 to 2018-12-26
2025-10-04 23:32:08,745 - INFO - Fitting HMM with 3 states on 252 samples
2025-10-04 23:32:08,746 - INFO - Fitting HMM model with 3 states
2025-10-04 23:32:08,831 - INFO - Model fitted. Log-likelihood: -1219.7484
2025-10-04 23:32:08,841 - INFO - Saved model artifact: models\hmm_EUR_USD_3_win252_end20181226.joblib
2025-10-04 23:32:08,841 - INFO - Window 142 complete. Train LL: -1219.7484
2025-10-04 23:32:08,842 - INFO - Training window 143: 2018-02-07 to 2019-01-24
2025-10-04 23:32:08,855 - INFO - Fitting HMM with 3 states on 252 samples
2025-10-04 23:32:08,856 - INFO - Fitting HMM model with 3 states
2025-10-04 23:32:08,932 - INFO - Model fitted. Log-likelihood: -1232.2658
2025-10-04 23:32:08,941 - INFO - Saved model artifact: models\hmm_EUR_USD_3_win252_end20190124.joblib
2025-10-04 23:32:08,941 - INFO - Window 143 complete. Train LL: -1232.2658
2025-10-04 23:32:08,942 - INFO - Training window 144: 2018-03-08 to 2019-02-22
2025-10-04 23:32:08,953 - INFO - Fitting HMM with 3 states on 252 samples
2025-10-04 23:32:08,955 - INFO - Fitting HMM model with 3 states
2025-10-04 23:32:09,016 - INFO - Model fitted. Log-likelihood: -1218.2382
2025-10-04 23:32:09,027 - INFO - Saved model artifact: models\hmm_EUR_USD_3_win252_end20190222.joblib
2025-10-04 23:32:09,027 - INFO - Window 144 complete. Train LL: -1218.2382
2025-10-04 23:32:09,028 - INFO - Training window 145: 2018-04-06 to 2019-03-25
2025-10-04 23:32:09,041 - INFO - Fitting HMM with 3 states on 252 samples
2025-10-04 23:32:09,042 - INFO - Fitting HMM model with 3 states
2025-10-04 23:32:09,125 - INFO - Model fitted. Log-likelihood: -1217.2527
2025-10-04 23:32:09,135 - INFO - Saved model artifact: models\hmm_EUR_USD_3_win252_end20190325.joblib
2025-10-04 23:32:09,135 - INFO - Window 145 complete. Train LL: -1217.2527
2025-10-04 23:32:09,136 - INFO - Training window 146: 2018-05-07 to 2019-04-23
2025-10-04 23:32:09,148 - INFO - Fitting HMM with 3 states on 252 samples
2025-10-04 23:32:09,148 - INFO - Fitting HMM model with 3 states
2025-10-04 23:32:09,220 - INFO - Model fitted. Log-likelihood: -1288.4706
2025-10-04 23:32:09,228 - INFO - Saved model artifact: models\hmm_EUR_USD_3_win252_end20190423.joblib
2025-10-04 23:32:09,228 - INFO - Window 146 complete. Train LL: -1288.4706
2025-10-04 23:32:09,229 - INFO - Training window 147: 2018-06-05 to 2019-05-22
2025-10-04 23:32:09,246 - INFO - Fitting HMM with 3 states on 252 samples
2025-10-04 23:32:09,246 - INFO - Fitting HMM model with 3 states
2025-10-04 23:32:09,315 - INFO - Model fitted. Log-likelihood: -1311.3865
2025-10-04 23:32:09,325 - INFO - Saved model artifact: models\hmm_EUR_USD_3_win252_end20190522.joblib
2025-10-04 23:32:09,325 - INFO - Window 147 complete. Train LL: -1311.3865
2025-10-04 23:32:09,326 - INFO - Training window 148: 2018-07-04 to 2019-06-20
2025-10-04 23:32:09,341 - INFO - Fitting HMM with 3 states on 252 samples
2025-10-04 23:32:09,342 - INFO - Fitting HMM model with 3 states
2025-10-04 23:32:09,413 - INFO - Model fitted. Log-likelihood: -1257.6271
2025-10-04 23:32:09,422 - INFO - Saved model artifact: models\hmm_EUR_USD_3_win252_end20190620.joblib
2025-10-04 23:32:09,423 - INFO - Window 148 complete. Train LL: -1257.6271
2025-10-04 23:32:09,423 - INFO - Training window 149: 2018-08-02 to 2019-07-19
2025-10-04 23:32:09,437 - INFO - Fitting HMM with 3 states on 252 samples
2025-10-04 23:32:09,438 - INFO - Fitting HMM model with 3 states
2025-10-04 23:32:09,508 - INFO - Model fitted. Log-likelihood: -1310.5407
2025-10-04 23:32:09,517 - INFO - Saved model artifact: models\hmm_EUR_USD_3_win252_end20190719.joblib
2025-10-04 23:32:09,517 - INFO - Window 149 complete. Train LL: -1310.5407
2025-10-04 23:32:09,518 - INFO - Training window 150: 2018-08-31 to 2019-08-19
2025-10-04 23:32:09,536 - INFO - Fitting HMM with 3 states on 252 samples
2025-10-04 23:32:09,537 - INFO - Fitting HMM model with 3 states
2025-10-04 23:32:09,644 - INFO - Model fitted. Log-likelihood: -1331.5483
2025-10-04 23:32:09,652 - INFO - Saved model artifact: models\hmm_EUR_USD_3_win252_end20190819.joblib
2025-10-04 23:32:09,653 - INFO - Window 150 complete. Train LL: -1331.5483
2025-10-04 23:32:09,653 - INFO - Training window 151: 2018-10-01 to 2019-09-17
2025-10-04 23:32:09,665 - INFO - Fitting HMM with 3 states on 252 samples
2025-10-04 23:32:09,666 - INFO - Fitting HMM model with 3 states
2025-10-04 23:32:09,729 - INFO - Model fitted. Log-likelihood: -1358.3679
2025-10-04 23:32:09,738 - INFO - Saved model artifact: models\hmm_EUR_USD_3_win252_end20190917.joblib
2025-10-04 23:32:09,738 - INFO - Window 151 complete. Train LL: -1358.3679
2025-10-04 23:32:09,739 - INFO - Training window 152: 2018-10-30 to 2019-10-16
2025-10-04 23:32:09,748 - INFO - Fitting HMM with 3 states on 252 samples
2025-10-04 23:32:09,749 - INFO - Fitting HMM model with 3 states
2025-10-04 23:32:09,836 - INFO - Model fitted. Log-likelihood: -1413.0715
2025-10-04 23:32:09,848 - INFO - Saved model artifact: models\hmm_EUR_USD_3_win252_end20191016.joblib
2025-10-04 23:32:09,848 - INFO - Window 152 complete. Train LL: -1413.0715
2025-10-04 23:32:09,849 - INFO - Training window 153: 2018-11-28 to 2019-11-14
2025-10-04 23:32:09,865 - INFO - Fitting HMM with 3 states on 252 samples
2025-10-04 23:32:09,865 - INFO - Fitting HMM model with 3 states
2025-10-04 23:32:09,927 - INFO - Model fitted. Log-likelihood: -1358.3911
2025-10-04 23:32:09,936 - INFO - Saved model artifact: models\hmm_EUR_USD_3_win252_end20191114.joblib
2025-10-04 23:32:09,936 - INFO - Window 153 complete. Train LL: -1358.3911
2025-10-04 23:32:09,937 - INFO - Training window 154: 2018-12-27 to 2019-12-13
2025-10-04 23:32:09,949 - INFO - Fitting HMM with 3 states on 252 samples
2025-10-04 23:32:09,949 - INFO - Fitting HMM model with 3 states
2025-10-04 23:32:10,031 - INFO - Model fitted. Log-likelihood: -1347.2547
2025-10-04 23:32:10,040 - INFO - Saved model artifact: models\hmm_EUR_USD_3_win252_end20191213.joblib
2025-10-04 23:32:10,040 - INFO - Window 154 complete. Train LL: -1347.2547
2025-10-04 23:32:10,041 - INFO - Training window 155: 2019-01-25 to 2020-01-13
2025-10-04 23:32:10,057 - INFO - Fitting HMM with 3 states on 252 samples
2025-10-04 23:32:10,057 - INFO - Fitting HMM model with 3 states
2025-10-04 23:32:10,201 - INFO - Model fitted. Log-likelihood: -1369.9333
2025-10-04 23:32:10,214 - INFO - Saved model artifact: models\hmm_EUR_USD_3_win252_end20200113.joblib
2025-10-04 23:32:10,214 - INFO - Window 155 complete. Train LL: -1369.9333
2025-10-04 23:32:10,215 - INFO - Training window 156: 2019-02-25 to 2020-02-11
2025-10-04 23:32:10,229 - INFO - Fitting HMM with 3 states on 252 samples
2025-10-04 23:32:10,229 - INFO - Fitting HMM model with 3 states
2025-10-04 23:32:10,338 - INFO - Model fitted. Log-likelihood: -1342.8031
2025-10-04 23:32:10,346 - INFO - Saved model artifact: models\hmm_EUR_USD_3_win252_end20200211.joblib
2025-10-04 23:32:10,346 - INFO - Window 156 complete. Train LL: -1342.8031
2025-10-04 23:32:10,346 - INFO - Training window 157: 2019-03-26 to 2020-03-11
2025-10-04 23:32:10,361 - INFO - Fitting HMM with 3 states on 252 samples
2025-10-04 23:32:10,361 - INFO - Fitting HMM model with 3 states
2025-10-04 23:32:10,405 - INFO - Model fitted. Log-likelihood: -1184.3110
2025-10-04 23:32:10,413 - INFO - Saved model artifact: models\hmm_EUR_USD_3_win252_end20200311.joblib
2025-10-04 23:32:10,413 - INFO - Window 157 complete. Train LL: -1184.3110
2025-10-04 23:32:10,414 - INFO - Training window 158: 2019-04-24 to 2020-04-09
2025-10-04 23:32:10,429 - INFO - Fitting HMM with 3 states on 252 samples
2025-10-04 23:32:10,430 - INFO - Fitting HMM model with 3 states
2025-10-04 23:32:10,488 - INFO - Model fitted. Log-likelihood: -804.5787
2025-10-04 23:32:10,500 - INFO - Saved model artifact: models\hmm_EUR_USD_3_win252_end20200409.joblib
2025-10-04 23:32:10,500 - INFO - Window 158 complete. Train LL: -804.5787
2025-10-04 23:32:10,502 - INFO - Training window 159: 2019-05-23 to 2020-05-08
2025-10-04 23:32:10,515 - INFO - Fitting HMM with 3 states on 252 samples
2025-10-04 23:32:10,515 - INFO - Fitting HMM model with 3 states
2025-10-04 23:32:10,591 - WARNING - Model is not converging.  Current: -863.2179263852663 is not greater than -863.2179239365994. Delta is -2.4486669190082466e-06
2025-10-04 23:32:10,593 - INFO - Model fitted. Log-likelihood: -863.2179
2025-10-04 23:32:10,605 - INFO - Saved model artifact: models\hmm_EUR_USD_3_win252_end20200508.joblib
2025-10-04 23:32:10,606 - INFO - Window 159 complete. Train LL: -863.2179
2025-10-04 23:32:10,607 - INFO - Training window 160: 2019-06-21 to 2020-06-08
2025-10-04 23:32:10,629 - INFO - Fitting HMM with 3 states on 252 samples
2025-10-04 23:32:10,630 - INFO - Fitting HMM model with 3 states
2025-10-04 23:32:10,707 - INFO - Model fitted. Log-likelihood: -888.6171
2025-10-04 23:32:10,716 - INFO - Saved model artifact: models\hmm_EUR_USD_3_win252_end20200608.joblib
2025-10-04 23:32:10,716 - INFO - Window 160 complete. Train LL: -888.6171
2025-10-04 23:32:10,716 - INFO - Training window 161: 2019-07-22 to 2020-07-07
2025-10-04 23:32:10,729 - INFO - Fitting HMM with 3 states on 252 samples
2025-10-04 23:32:10,730 - INFO - Fitting HMM model with 3 states
2025-10-04 23:32:10,800 - INFO - Model fitted. Log-likelihood: -918.3493
2025-10-04 23:32:10,809 - INFO - Saved model artifact: models\hmm_EUR_USD_3_win252_end20200707.joblib
2025-10-04 23:32:10,809 - INFO - Window 161 complete. Train LL: -918.3493
2025-10-04 23:32:10,810 - INFO - Training window 162: 2019-08-20 to 2020-08-05
2025-10-04 23:32:10,824 - INFO - Fitting HMM with 3 states on 252 samples
2025-10-04 23:32:10,824 - INFO - Fitting HMM model with 3 states
2025-10-04 23:32:10,868 - INFO - Model fitted. Log-likelihood: -962.1927
2025-10-04 23:32:10,879 - INFO - Saved model artifact: models\hmm_EUR_USD_3_win252_end20200805.joblib
2025-10-04 23:32:10,879 - INFO - Window 162 complete. Train LL: -962.1927
2025-10-04 23:32:10,880 - INFO - Training window 163: 2019-09-18 to 2020-09-03
2025-10-04 23:32:10,895 - INFO - Fitting HMM with 3 states on 252 samples
2025-10-04 23:32:10,896 - INFO - Fitting HMM model with 3 states
2025-10-04 23:32:10,950 - INFO - Model fitted. Log-likelihood: -1015.3050
2025-10-04 23:32:10,962 - INFO - Saved model artifact: models\hmm_EUR_USD_3_win252_end20200903.joblib
2025-10-04 23:32:10,963 - INFO - Window 163 complete. Train LL: -1015.3050
2025-10-04 23:32:10,963 - INFO - Training window 164: 2019-10-17 to 2020-10-02
2025-10-04 23:32:10,976 - INFO - Fitting HMM with 3 states on 252 samples
2025-10-04 23:32:10,977 - INFO - Fitting HMM model with 3 states
2025-10-04 23:32:11,075 - WARNING - Model is not converging.  Current: -1001.5173149735613 is not greater than -1001.5168251312523. Delta is -0.0004898423089798598
2025-10-04 23:32:11,077 - INFO - Model fitted. Log-likelihood: -1001.5186
2025-10-04 23:32:11,088 - INFO - Saved model artifact: models\hmm_EUR_USD_3_win252_end20201002.joblib
2025-10-04 23:32:11,088 - INFO - Window 164 complete. Train LL: -1001.5186
2025-10-04 23:32:11,089 - INFO - Training window 165: 2019-11-15 to 2020-11-02
2025-10-04 23:32:11,099 - INFO - Fitting HMM with 3 states on 252 samples
2025-10-04 23:32:11,099 - INFO - Fitting HMM model with 3 states
2025-10-04 23:32:11,233 - INFO - Model fitted. Log-likelihood: -992.1405
2025-10-04 23:32:11,242 - INFO - Saved model artifact: models\hmm_EUR_USD_3_win252_end20201102.joblib
2025-10-04 23:32:11,243 - INFO - Window 165 complete. Train LL: -992.1405
2025-10-04 23:32:11,243 - INFO - Training window 166: 2019-12-16 to 2020-12-01
2025-10-04 23:32:11,262 - INFO - Fitting HMM with 3 states on 252 samples
2025-10-04 23:32:11,263 - INFO - Fitting HMM model with 3 states
2025-10-04 23:32:11,316 - INFO - Model fitted. Log-likelihood: -1025.0686
2025-10-04 23:32:11,331 - INFO - Saved model artifact: models\hmm_EUR_USD_3_win252_end20201201.joblib
2025-10-04 23:32:11,331 - INFO - Window 166 complete. Train LL: -1025.0686
2025-10-04 23:32:11,332 - INFO - Training window 167: 2020-01-14 to 2020-12-30
2025-10-04 23:32:11,352 - INFO - Fitting HMM with 3 states on 252 samples
2025-10-04 23:32:11,352 - INFO - Fitting HMM model with 3 states
2025-10-04 23:32:11,540 - INFO - Model fitted. Log-likelihood: -1302.1624
2025-10-04 23:32:11,549 - INFO - Saved model artifact: models\hmm_EUR_USD_3_win252_end20201230.joblib
2025-10-04 23:32:11,550 - INFO - Window 167 complete. Train LL: -1302.1624
2025-10-04 23:32:11,550 - INFO - Training window 168: 2020-02-12 to 2021-01-28
2025-10-04 23:32:11,565 - INFO - Fitting HMM with 3 states on 252 samples
2025-10-04 23:32:11,566 - INFO - Fitting HMM model with 3 states
2025-10-04 23:32:11,696 - INFO - Model fitted. Log-likelihood: -1006.9528
2025-10-04 23:32:11,705 - INFO - Saved model artifact: models\hmm_EUR_USD_3_win252_end20210128.joblib
2025-10-04 23:32:11,707 - INFO - Window 168 complete. Train LL: -1006.9528
2025-10-04 23:32:11,707 - INFO - Training window 169: 2020-03-12 to 2021-02-26
2025-10-04 23:32:11,727 - INFO - Fitting HMM with 3 states on 252 samples
2025-10-04 23:32:11,728 - INFO - Fitting HMM model with 3 states
2025-10-04 23:32:11,797 - INFO - Model fitted. Log-likelihood: -949.2437
2025-10-04 23:32:11,811 - INFO - Saved model artifact: models\hmm_EUR_USD_3_win252_end20210226.joblib
2025-10-04 23:32:11,812 - INFO - Window 169 complete. Train LL: -949.2437
2025-10-04 23:32:11,812 - INFO - Training window 170: 2020-04-10 to 2021-03-29
2025-10-04 23:32:11,831 - INFO - Fitting HMM with 3 states on 252 samples
2025-10-04 23:32:11,832 - INFO - Fitting HMM model with 3 states
2025-10-04 23:32:11,907 - INFO - Model fitted. Log-likelihood: -1139.2971
2025-10-04 23:32:11,921 - INFO - Saved model artifact: models\hmm_EUR_USD_3_win252_end20210329.joblib
2025-10-04 23:32:11,921 - INFO - Window 170 complete. Train LL: -1139.2971
2025-10-04 23:32:11,922 - INFO - Training window 171: 2020-05-11 to 2021-04-27
2025-10-04 23:32:11,933 - INFO - Fitting HMM with 3 states on 252 samples
2025-10-04 23:32:11,933 - INFO - Fitting HMM model with 3 states
2025-10-04 23:32:12,020 - INFO - Model fitted. Log-likelihood: -1160.8229
2025-10-04 23:32:12,031 - INFO - Saved model artifact: models\hmm_EUR_USD_3_win252_end20210427.joblib
2025-10-04 23:32:12,032 - INFO - Window 171 complete. Train LL: -1160.8229
2025-10-04 23:32:12,032 - INFO - Training window 172: 2020-06-09 to 2021-05-26
2025-10-04 23:32:12,050 - INFO - Fitting HMM with 3 states on 252 samples
2025-10-04 23:32:12,052 - INFO - Fitting HMM model with 3 states
2025-10-04 23:32:12,221 - INFO - Model fitted. Log-likelihood: -1200.4702
2025-10-04 23:32:12,231 - INFO - Saved model artifact: models\hmm_EUR_USD_3_win252_end20210526.joblib
2025-10-04 23:32:12,231 - INFO - Window 172 complete. Train LL: -1200.4702
2025-10-04 23:32:12,232 - INFO - Training window 173: 2020-07-08 to 2021-06-24
2025-10-04 23:32:12,246 - INFO - Fitting HMM with 3 states on 252 samples
2025-10-04 23:32:12,246 - INFO - Fitting HMM model with 3 states
2025-10-04 23:32:12,319 - INFO - Model fitted. Log-likelihood: -1199.7715
2025-10-04 23:32:12,333 - INFO - Saved model artifact: models\hmm_EUR_USD_3_win252_end20210624.joblib
2025-10-04 23:32:12,334 - INFO - Window 173 complete. Train LL: -1199.7715
2025-10-04 23:32:12,335 - INFO - Training window 174: 2020-08-06 to 2021-07-23
2025-10-04 23:32:12,350 - INFO - Fitting HMM with 3 states on 252 samples
2025-10-04 23:32:12,351 - INFO - Fitting HMM model with 3 states
2025-10-04 23:32:12,495 - INFO - Model fitted. Log-likelihood: -1270.9480
2025-10-04 23:32:12,507 - INFO - Saved model artifact: models\hmm_EUR_USD_3_win252_end20210723.joblib
2025-10-04 23:32:12,507 - INFO - Window 174 complete. Train LL: -1270.9480
2025-10-04 23:32:12,508 - INFO - Training window 175: 2020-09-04 to 2021-08-23
2025-10-04 23:32:12,527 - INFO - Fitting HMM with 3 states on 252 samples
2025-10-04 23:32:12,527 - INFO - Fitting HMM model with 3 states
2025-10-04 23:32:12,635 - INFO - Model fitted. Log-likelihood: -1322.1961
2025-10-04 23:32:12,647 - INFO - Saved model artifact: models\hmm_EUR_USD_3_win252_end20210823.joblib
2025-10-04 23:32:12,647 - INFO - Window 175 complete. Train LL: -1322.1961
2025-10-04 23:32:12,647 - INFO - Training window 176: 2020-10-05 to 2021-09-21
2025-10-04 23:32:12,663 - INFO - Fitting HMM with 3 states on 252 samples
2025-10-04 23:32:12,663 - INFO - Fitting HMM model with 3 states
2025-10-04 23:32:12,759 - INFO - Model fitted. Log-likelihood: -1244.0947
2025-10-04 23:32:12,770 - INFO - Saved model artifact: models\hmm_EUR_USD_3_win252_end20210921.joblib
2025-10-04 23:32:12,771 - INFO - Window 176 complete. Train LL: -1244.0947
2025-10-04 23:32:12,771 - INFO - Training window 177: 2020-11-03 to 2021-10-20
2025-10-04 23:32:12,794 - INFO - Fitting HMM with 3 states on 252 samples
2025-10-04 23:32:12,794 - INFO - Fitting HMM model with 3 states
2025-10-04 23:32:12,944 - INFO - Model fitted. Log-likelihood: -1298.7769
2025-10-04 23:32:12,954 - INFO - Saved model artifact: models\hmm_EUR_USD_3_win252_end20211020.joblib
2025-10-04 23:32:12,955 - INFO - Window 177 complete. Train LL: -1298.7769
2025-10-04 23:32:12,955 - INFO - Training window 178: 2020-12-02 to 2021-11-18
2025-10-04 23:32:12,972 - INFO - Fitting HMM with 3 states on 252 samples
2025-10-04 23:32:12,973 - INFO - Fitting HMM model with 3 states
2025-10-04 23:32:13,078 - INFO - Model fitted. Log-likelihood: -1249.3072
2025-10-04 23:32:13,093 - INFO - Saved model artifact: models\hmm_EUR_USD_3_win252_end20211118.joblib
2025-10-04 23:32:13,093 - INFO - Window 178 complete. Train LL: -1249.3072
2025-10-04 23:32:13,094 - INFO - Training window 179: 2020-12-31 to 2021-12-17
2025-10-04 23:32:13,112 - INFO - Fitting HMM with 3 states on 252 samples
2025-10-04 23:32:13,113 - INFO - Fitting HMM model with 3 states
2025-10-04 23:32:13,191 - WARNING - Model is not converging.  Current: -1265.8576532014672 is not greater than -1265.8576152427906. Delta is -3.795867655753682e-05
2025-10-04 23:32:13,193 - INFO - Model fitted. Log-likelihood: -1265.8577
2025-10-04 23:32:13,204 - INFO - Saved model artifact: models\hmm_EUR_USD_3_win252_end20211217.joblib
2025-10-04 23:32:13,205 - INFO - Window 179 complete. Train LL: -1265.8577
2025-10-04 23:32:13,205 - INFO - Training window 180: 2021-01-29 to 2022-01-17
2025-10-04 23:32:13,219 - INFO - Fitting HMM with 3 states on 252 samples
2025-10-04 23:32:13,219 - INFO - Fitting HMM model with 3 states
2025-10-04 23:32:13,286 - INFO - Model fitted. Log-likelihood: -1140.6561
2025-10-04 23:32:13,298 - INFO - Saved model artifact: models\hmm_EUR_USD_3_win252_end20220117.joblib
2025-10-04 23:32:13,299 - INFO - Window 180 complete. Train LL: -1140.6561
2025-10-04 23:32:13,299 - INFO - Training window 181: 2021-03-01 to 2022-02-15
2025-10-04 23:32:13,318 - INFO - Fitting HMM with 3 states on 252 samples
2025-10-04 23:32:13,319 - INFO - Fitting HMM model with 3 states
2025-10-04 23:32:13,398 - INFO - Model fitted. Log-likelihood: -1150.6112
2025-10-04 23:32:13,412 - INFO - Saved model artifact: models\hmm_EUR_USD_3_win252_end20220215.joblib
2025-10-04 23:32:13,413 - INFO - Window 181 complete. Train LL: -1150.6112
2025-10-04 23:32:13,413 - INFO - Training window 182: 2021-03-30 to 2022-03-16
2025-10-04 23:32:13,432 - INFO - Fitting HMM with 3 states on 252 samples
2025-10-04 23:32:13,433 - INFO - Fitting HMM model with 3 states
2025-10-04 23:32:13,501 - INFO - Model fitted. Log-likelihood: -1118.0350
2025-10-04 23:32:13,513 - INFO - Saved model artifact: models\hmm_EUR_USD_3_win252_end20220316.joblib
2025-10-04 23:32:13,513 - INFO - Window 182 complete. Train LL: -1118.0350
2025-10-04 23:32:13,513 - INFO - Training window 183: 2021-04-28 to 2022-04-14
2025-10-04 23:32:13,533 - INFO - Fitting HMM with 3 states on 252 samples
2025-10-04 23:32:13,534 - INFO - Fitting HMM model with 3 states
2025-10-04 23:32:13,644 - INFO - Model fitted. Log-likelihood: -1204.2022
2025-10-04 23:32:13,656 - INFO - Saved model artifact: models\hmm_EUR_USD_3_win252_end20220414.joblib
2025-10-04 23:32:13,657 - INFO - Window 183 complete. Train LL: -1204.2022
2025-10-04 23:32:13,657 - INFO - Training window 184: 2021-05-27 to 2022-05-13
2025-10-04 23:32:13,676 - INFO - Fitting HMM with 3 states on 252 samples
2025-10-04 23:32:13,677 - INFO - Fitting HMM model with 3 states
2025-10-04 23:32:13,757 - INFO - Model fitted. Log-likelihood: -1201.2296
2025-10-04 23:32:13,770 - INFO - Saved model artifact: models\hmm_EUR_USD_3_win252_end20220513.joblib
2025-10-04 23:32:13,770 - INFO - Window 184 complete. Train LL: -1201.2296
2025-10-04 23:32:13,770 - INFO - Training window 185: 2021-06-25 to 2022-06-13
2025-10-04 23:32:13,785 - INFO - Fitting HMM with 3 states on 252 samples
2025-10-04 23:32:13,786 - INFO - Fitting HMM model with 3 states
2025-10-04 23:32:13,916 - INFO - Model fitted. Log-likelihood: -1130.3113
2025-10-04 23:32:13,928 - INFO - Saved model artifact: models\hmm_EUR_USD_3_win252_end20220613.joblib
2025-10-04 23:32:13,928 - INFO - Window 185 complete. Train LL: -1130.3113
2025-10-04 23:32:13,929 - INFO - Training window 186: 2021-07-26 to 2022-07-12
2025-10-04 23:32:13,944 - INFO - Fitting HMM with 3 states on 252 samples
2025-10-04 23:32:13,945 - INFO - Fitting HMM model with 3 states
2025-10-04 23:32:14,100 - INFO - Model fitted. Log-likelihood: -1182.8153
2025-10-04 23:32:14,110 - INFO - Saved model artifact: models\hmm_EUR_USD_3_win252_end20220712.joblib
2025-10-04 23:32:14,110 - INFO - Window 186 complete. Train LL: -1182.8153
2025-10-04 23:32:14,110 - INFO - Training window 187: 2021-08-24 to 2022-08-10
2025-10-04 23:32:14,127 - INFO - Fitting HMM with 3 states on 252 samples
2025-10-04 23:32:14,127 - INFO - Fitting HMM model with 3 states
2025-10-04 23:32:14,237 - INFO - Model fitted. Log-likelihood: -1097.6367
2025-10-04 23:32:14,248 - INFO - Saved model artifact: models\hmm_EUR_USD_3_win252_end20220810.joblib
2025-10-04 23:32:14,248 - INFO - Window 187 complete. Train LL: -1097.6367
2025-10-04 23:32:14,248 - INFO - Training window 188: 2021-09-22 to 2022-09-08
2025-10-04 23:32:14,264 - INFO - Fitting HMM with 3 states on 252 samples
2025-10-04 23:32:14,264 - INFO - Fitting HMM model with 3 states
2025-10-04 23:32:14,381 - INFO - Model fitted. Log-likelihood: -1272.8036
2025-10-04 23:32:14,392 - INFO - Saved model artifact: models\hmm_EUR_USD_3_win252_end20220908.joblib
2025-10-04 23:32:14,393 - INFO - Window 188 complete. Train LL: -1272.8036
2025-10-04 23:32:14,394 - INFO - Training window 189: 2021-10-21 to 2022-10-07
2025-10-04 23:32:14,410 - INFO - Fitting HMM with 3 states on 252 samples
2025-10-04 23:32:14,411 - INFO - Fitting HMM model with 3 states
2025-10-04 23:32:14,631 - INFO - Model fitted. Log-likelihood: -1287.0970
2025-10-04 23:32:14,642 - INFO - Saved model artifact: models\hmm_EUR_USD_3_win252_end20221007.joblib
2025-10-04 23:32:14,642 - INFO - Window 189 complete. Train LL: -1287.0970
2025-10-04 23:32:14,643 - INFO - Training window 190: 2021-11-19 to 2022-11-07
2025-10-04 23:32:14,660 - INFO - Fitting HMM with 3 states on 252 samples
2025-10-04 23:32:14,660 - INFO - Fitting HMM model with 3 states
2025-10-04 23:32:14,752 - INFO - Model fitted. Log-likelihood: -1255.2002
2025-10-04 23:32:14,763 - INFO - Saved model artifact: models\hmm_EUR_USD_3_win252_end20221107.joblib
2025-10-04 23:32:14,763 - INFO - Window 190 complete. Train LL: -1255.2002
2025-10-04 23:32:14,764 - INFO - Training window 191: 2021-12-20 to 2022-12-06
2025-10-04 23:32:14,781 - INFO - Fitting HMM with 3 states on 252 samples
2025-10-04 23:32:14,781 - INFO - Fitting HMM model with 3 states
2025-10-04 23:32:14,925 - INFO - Model fitted. Log-likelihood: -1292.6951
2025-10-04 23:32:14,934 - INFO - Saved model artifact: models\hmm_EUR_USD_3_win252_end20221206.joblib
2025-10-04 23:32:14,934 - INFO - Window 191 complete. Train LL: -1292.6951
2025-10-04 23:32:14,935 - INFO - Training window 192: 2022-01-18 to 2023-01-04
2025-10-04 23:32:14,979 - INFO - Fitting HMM with 3 states on 252 samples
2025-10-04 23:32:15,013 - INFO - Fitting HMM model with 3 states
2025-10-04 23:32:15,186 - INFO - Model fitted. Log-likelihood: -1238.8189
2025-10-04 23:32:15,197 - INFO - Saved model artifact: models\hmm_EUR_USD_3_win252_end20230104.joblib
2025-10-04 23:32:15,197 - INFO - Window 192 complete. Train LL: -1238.8189
2025-10-04 23:32:15,197 - INFO - Training window 193: 2022-02-16 to 2023-02-02
2025-10-04 23:32:15,211 - INFO - Fitting HMM with 3 states on 252 samples
2025-10-04 23:32:15,212 - INFO - Fitting HMM model with 3 states
2025-10-04 23:32:15,263 - INFO - Model fitted. Log-likelihood: -1219.3085
2025-10-04 23:32:15,278 - INFO - Saved model artifact: models\hmm_EUR_USD_3_win252_end20230202.joblib
2025-10-04 23:32:15,279 - INFO - Window 193 complete. Train LL: -1219.3085
2025-10-04 23:32:15,279 - INFO - Training window 194: 2022-03-17 to 2023-03-03
2025-10-04 23:32:15,297 - INFO - Fitting HMM with 3 states on 252 samples
2025-10-04 23:32:15,298 - INFO - Fitting HMM model with 3 states
2025-10-04 23:32:15,386 - INFO - Model fitted. Log-likelihood: -1236.6406
2025-10-04 23:32:15,398 - INFO - Saved model artifact: models\hmm_EUR_USD_3_win252_end20230303.joblib
2025-10-04 23:32:15,398 - INFO - Window 194 complete. Train LL: -1236.6406
2025-10-04 23:32:15,399 - INFO - Training window 195: 2022-04-15 to 2023-04-03
2025-10-04 23:32:15,420 - INFO - Fitting HMM with 3 states on 252 samples
2025-10-04 23:32:15,421 - INFO - Fitting HMM model with 3 states
2025-10-04 23:32:15,493 - INFO - Model fitted. Log-likelihood: -1213.9129
2025-10-04 23:32:15,508 - INFO - Saved model artifact: models\hmm_EUR_USD_3_win252_end20230403.joblib
2025-10-04 23:32:15,508 - INFO - Window 195 complete. Train LL: -1213.9129
2025-10-04 23:32:15,509 - INFO - Training window 196: 2022-05-16 to 2023-05-02
2025-10-04 23:32:15,526 - INFO - Fitting HMM with 3 states on 252 samples
2025-10-04 23:32:15,527 - INFO - Fitting HMM model with 3 states
2025-10-04 23:32:15,605 - INFO - Model fitted. Log-likelihood: -1187.0585
2025-10-04 23:32:15,615 - INFO - Saved model artifact: models\hmm_EUR_USD_3_win252_end20230502.joblib
2025-10-04 23:32:15,615 - INFO - Window 196 complete. Train LL: -1187.0585
2025-10-04 23:32:15,616 - INFO - Training window 197: 2022-06-14 to 2023-05-31
2025-10-04 23:32:15,630 - INFO - Fitting HMM with 3 states on 252 samples
2025-10-04 23:32:15,630 - INFO - Fitting HMM model with 3 states
2025-10-04 23:32:15,738 - INFO - Model fitted. Log-likelihood: -1196.0007
2025-10-04 23:32:15,746 - INFO - Saved model artifact: models\hmm_EUR_USD_3_win252_end20230531.joblib
2025-10-04 23:32:15,747 - INFO - Window 197 complete. Train LL: -1196.0007
2025-10-04 23:32:15,747 - INFO - Training window 198: 2022-07-13 to 2023-06-29
2025-10-04 23:32:15,760 - INFO - Fitting HMM with 3 states on 252 samples
2025-10-04 23:32:15,761 - INFO - Fitting HMM model with 3 states
2025-10-04 23:32:15,812 - INFO - Model fitted. Log-likelihood: -1178.6697
2025-10-04 23:32:15,820 - INFO - Saved model artifact: models\hmm_EUR_USD_3_win252_end20230629.joblib
2025-10-04 23:32:15,820 - INFO - Window 198 complete. Train LL: -1178.6697
2025-10-04 23:32:15,821 - INFO - Training window 199: 2022-08-11 to 2023-07-28
2025-10-04 23:32:15,837 - INFO - Fitting HMM with 3 states on 252 samples
2025-10-04 23:32:15,837 - INFO - Fitting HMM model with 3 states
2025-10-04 23:32:15,888 - INFO - Model fitted. Log-likelihood: -1169.0205
2025-10-04 23:32:15,898 - INFO - Saved model artifact: models\hmm_EUR_USD_3_win252_end20230728.joblib
2025-10-04 23:32:15,898 - INFO - Window 199 complete. Train LL: -1169.0205
2025-10-04 23:32:15,899 - INFO - Training window 200: 2022-09-09 to 2023-08-28
2025-10-04 23:32:15,912 - INFO - Fitting HMM with 3 states on 252 samples
2025-10-04 23:32:15,913 - INFO - Fitting HMM model with 3 states
2025-10-04 23:32:15,964 - INFO - Model fitted. Log-likelihood: -1253.9914
2025-10-04 23:32:15,976 - INFO - Saved model artifact: models\hmm_EUR_USD_3_win252_end20230828.joblib
2025-10-04 23:32:15,976 - INFO - Window 200 complete. Train LL: -1253.9914
2025-10-04 23:32:15,977 - INFO - Training window 201: 2022-10-10 to 2023-09-26
2025-10-04 23:32:15,991 - INFO - Fitting HMM with 3 states on 252 samples
2025-10-04 23:32:15,992 - INFO - Fitting HMM model with 3 states
2025-10-04 23:32:16,042 - INFO - Model fitted. Log-likelihood: -1064.8824
2025-10-04 23:32:16,055 - INFO - Saved model artifact: models\hmm_EUR_USD_3_win252_end20230926.joblib
2025-10-04 23:32:16,055 - INFO - Window 201 complete. Train LL: -1064.8824
2025-10-04 23:32:16,056 - INFO - Training window 202: 2022-11-08 to 2023-10-25
2025-10-04 23:32:16,069 - INFO - Fitting HMM with 3 states on 252 samples
2025-10-04 23:32:16,069 - INFO - Fitting HMM model with 3 states
2025-10-04 23:32:16,122 - INFO - Model fitted. Log-likelihood: -1074.9710
2025-10-04 23:32:16,130 - INFO - Saved model artifact: models\hmm_EUR_USD_3_win252_end20231025.joblib
2025-10-04 23:32:16,130 - INFO - Window 202 complete. Train LL: -1074.9710
2025-10-04 23:32:16,131 - INFO - Training window 203: 2022-12-07 to 2023-11-23
2025-10-04 23:32:16,143 - INFO - Fitting HMM with 3 states on 252 samples
2025-10-04 23:32:16,143 - INFO - Fitting HMM model with 3 states
2025-10-04 23:32:16,237 - INFO - Model fitted. Log-likelihood: -1258.5556
2025-10-04 23:32:16,246 - INFO - Saved model artifact: models\hmm_EUR_USD_3_win252_end20231123.joblib
2025-10-04 23:32:16,247 - INFO - Window 203 complete. Train LL: -1258.5556
2025-10-04 23:32:16,247 - INFO - Training window 204: 2023-01-05 to 2023-12-22
2025-10-04 23:32:16,259 - INFO - Fitting HMM with 3 states on 252 samples
2025-10-04 23:32:16,259 - INFO - Fitting HMM model with 3 states
2025-10-04 23:32:16,315 - INFO - Model fitted. Log-likelihood: -1240.4384
2025-10-04 23:32:16,325 - INFO - Saved model artifact: models\hmm_EUR_USD_3_win252_end20231222.joblib
2025-10-04 23:32:16,326 - INFO - Window 204 complete. Train LL: -1240.4384
2025-10-04 23:32:16,326 - INFO - Training window 205: 2023-02-03 to 2024-01-22
2025-10-04 23:32:16,341 - INFO - Fitting HMM with 3 states on 252 samples
2025-10-04 23:32:16,341 - INFO - Fitting HMM model with 3 states
2025-10-04 23:32:16,409 - INFO - Model fitted. Log-likelihood: -1221.2787
2025-10-04 23:32:16,424 - INFO - Saved model artifact: models\hmm_EUR_USD_3_win252_end20240122.joblib
2025-10-04 23:32:16,424 - INFO - Window 205 complete. Train LL: -1221.2787
2025-10-04 23:32:16,425 - INFO - Training window 206: 2023-03-06 to 2024-02-20
2025-10-04 23:32:16,433 - INFO - Fitting HMM with 3 states on 252 samples
2025-10-04 23:32:16,434 - INFO - Fitting HMM model with 3 states
2025-10-04 23:32:16,497 - INFO - Model fitted. Log-likelihood: -1201.6561
2025-10-04 23:32:16,506 - INFO - Saved model artifact: models\hmm_EUR_USD_3_win252_end20240220.joblib
2025-10-04 23:32:16,507 - INFO - Window 206 complete. Train LL: -1201.6561
2025-10-04 23:32:16,507 - INFO - Training window 207: 2023-04-04 to 2024-03-20
2025-10-04 23:32:16,522 - INFO - Fitting HMM with 3 states on 252 samples
2025-10-04 23:32:16,522 - INFO - Fitting HMM model with 3 states
2025-10-04 23:32:16,588 - INFO - Model fitted. Log-likelihood: -1374.0537
2025-10-04 23:32:16,598 - INFO - Saved model artifact: models\hmm_EUR_USD_3_win252_end20240320.joblib
2025-10-04 23:32:16,599 - INFO - Window 207 complete. Train LL: -1374.0537
2025-10-04 23:32:16,599 - INFO - Training window 208: 2023-05-03 to 2024-04-18
2025-10-04 23:32:16,615 - INFO - Fitting HMM with 3 states on 252 samples
2025-10-04 23:32:16,615 - INFO - Fitting HMM model with 3 states
2025-10-04 23:32:16,687 - INFO - Model fitted. Log-likelihood: -1174.9762
2025-10-04 23:32:16,697 - INFO - Saved model artifact: models\hmm_EUR_USD_3_win252_end20240418.joblib
2025-10-04 23:32:16,698 - INFO - Window 208 complete. Train LL: -1174.9762
2025-10-04 23:32:16,698 - INFO - Training window 209: 2023-06-01 to 2024-05-17
2025-10-04 23:32:16,710 - INFO - Fitting HMM with 3 states on 252 samples
2025-10-04 23:32:16,711 - INFO - Fitting HMM model with 3 states
2025-10-04 23:32:16,788 - INFO - Model fitted. Log-likelihood: -1145.6451
2025-10-04 23:32:16,799 - INFO - Saved model artifact: models\hmm_EUR_USD_3_win252_end20240517.joblib
2025-10-04 23:32:16,799 - INFO - Window 209 complete. Train LL: -1145.6451
2025-10-04 23:32:16,800 - INFO - Training window 210: 2023-06-30 to 2024-06-17
2025-10-04 23:32:16,815 - INFO - Fitting HMM with 3 states on 252 samples
2025-10-04 23:32:16,815 - INFO - Fitting HMM model with 3 states
2025-10-04 23:32:16,866 - INFO - Model fitted. Log-likelihood: -1098.4489
2025-10-04 23:32:16,879 - INFO - Saved model artifact: models\hmm_EUR_USD_3_win252_end20240617.joblib
2025-10-04 23:32:16,879 - INFO - Window 210 complete. Train LL: -1098.4489
2025-10-04 23:32:16,879 - INFO - Training window 211: 2023-07-31 to 2024-07-16
2025-10-04 23:32:16,893 - INFO - Fitting HMM with 3 states on 252 samples
2025-10-04 23:32:16,894 - INFO - Fitting HMM model with 3 states
2025-10-04 23:32:16,974 - INFO - Model fitted. Log-likelihood: -1325.0953
2025-10-04 23:32:16,987 - INFO - Saved model artifact: models\hmm_EUR_USD_3_win252_end20240716.joblib
2025-10-04 23:32:16,988 - INFO - Window 211 complete. Train LL: -1325.0953
2025-10-04 23:32:16,988 - INFO - Training window 212: 2023-08-29 to 2024-08-14
2025-10-04 23:32:17,003 - INFO - Fitting HMM with 3 states on 252 samples
2025-10-04 23:32:17,004 - INFO - Fitting HMM model with 3 states
2025-10-04 23:32:17,094 - INFO - Model fitted. Log-likelihood: -1241.2716
2025-10-04 23:32:17,104 - INFO - Saved model artifact: models\hmm_EUR_USD_3_win252_end20240814.joblib
2025-10-04 23:32:17,105 - INFO - Window 212 complete. Train LL: -1241.2716
2025-10-04 23:32:17,105 - INFO - Training window 213: 2023-09-27 to 2024-09-12
2025-10-04 23:32:17,123 - INFO - Fitting HMM with 3 states on 252 samples
2025-10-04 23:32:17,124 - INFO - Fitting HMM model with 3 states
2025-10-04 23:32:17,184 - INFO - Model fitted. Log-likelihood: -1138.6575
2025-10-04 23:32:17,195 - INFO - Saved model artifact: models\hmm_EUR_USD_3_win252_end20240912.joblib
2025-10-04 23:32:17,196 - INFO - Window 213 complete. Train LL: -1138.6575
2025-10-04 23:32:17,196 - INFO - Training window 214: 2023-10-26 to 2024-10-11
2025-10-04 23:32:17,208 - INFO - Fitting HMM with 3 states on 252 samples
2025-10-04 23:32:17,209 - INFO - Fitting HMM model with 3 states
2025-10-04 23:32:17,281 - INFO - Model fitted. Log-likelihood: -1142.9646
2025-10-04 23:32:17,294 - INFO - Saved model artifact: models\hmm_EUR_USD_3_win252_end20241011.joblib
2025-10-04 23:32:17,294 - INFO - Window 214 complete. Train LL: -1142.9646
2025-10-04 23:32:17,295 - INFO - Training window 215: 2023-11-24 to 2024-11-11
2025-10-04 23:32:17,309 - INFO - Fitting HMM with 3 states on 252 samples
2025-10-04 23:32:17,310 - INFO - Fitting HMM model with 3 states
2025-10-04 23:32:17,411 - INFO - Model fitted. Log-likelihood: -1203.8490
2025-10-04 23:32:17,420 - INFO - Saved model artifact: models\hmm_EUR_USD_3_win252_end20241111.joblib
2025-10-04 23:32:17,421 - INFO - Window 215 complete. Train LL: -1203.8490
2025-10-04 23:32:17,422 - INFO - Training window 216: 2023-12-25 to 2024-12-10
2025-10-04 23:32:17,431 - INFO - Fitting HMM with 3 states on 252 samples
2025-10-04 23:32:17,432 - INFO - Fitting HMM model with 3 states
2025-10-04 23:32:17,489 - INFO - Model fitted. Log-likelihood: -1199.9275
2025-10-04 23:32:17,501 - INFO - Saved model artifact: models\hmm_EUR_USD_3_win252_end20241210.joblib
2025-10-04 23:32:17,502 - INFO - Window 216 complete. Train LL: -1199.9275
2025-10-04 23:32:17,504 - INFO - Training window 217: 2024-01-23 to 2025-01-08
2025-10-04 23:32:17,522 - INFO - Fitting HMM with 3 states on 252 samples
2025-10-04 23:32:17,523 - INFO - Fitting HMM model with 3 states
2025-10-04 23:32:17,583 - INFO - Model fitted. Log-likelihood: -1204.2041
2025-10-04 23:32:17,597 - INFO - Saved model artifact: models\hmm_EUR_USD_3_win252_end20250108.joblib
2025-10-04 23:32:17,598 - INFO - Window 217 complete. Train LL: -1204.2041
2025-10-04 23:32:17,598 - INFO - Training window 218: 2024-02-21 to 2025-02-06
2025-10-04 23:32:17,614 - INFO - Fitting HMM with 3 states on 252 samples
2025-10-04 23:32:17,614 - INFO - Fitting HMM model with 3 states
2025-10-04 23:32:17,720 - INFO - Model fitted. Log-likelihood: -1249.8556
2025-10-04 23:32:17,731 - INFO - Saved model artifact: models\hmm_EUR_USD_3_win252_end20250206.joblib
2025-10-04 23:32:17,732 - INFO - Window 218 complete. Train LL: -1249.8556
2025-10-04 23:32:17,733 - INFO - Training window 219: 2024-03-21 to 2025-03-07
2025-10-04 23:32:17,749 - INFO - Fitting HMM with 3 states on 252 samples
2025-10-04 23:32:17,749 - INFO - Fitting HMM model with 3 states
2025-10-04 23:32:17,837 - INFO - Model fitted. Log-likelihood: -1234.7729
2025-10-04 23:32:17,847 - INFO - Saved model artifact: models\hmm_EUR_USD_3_win252_end20250307.joblib
2025-10-04 23:32:17,848 - INFO - Window 219 complete. Train LL: -1234.7729
2025-10-04 23:32:17,848 - INFO - Training window 220: 2024-04-19 to 2025-04-07
2025-10-04 23:32:17,866 - INFO - Fitting HMM with 3 states on 252 samples
2025-10-04 23:32:17,866 - INFO - Fitting HMM model with 3 states
2025-10-04 23:32:17,956 - INFO - Model fitted. Log-likelihood: -1191.1176
2025-10-04 23:32:17,970 - INFO - Saved model artifact: models\hmm_EUR_USD_3_win252_end20250407.joblib
2025-10-04 23:32:17,970 - INFO - Window 220 complete. Train LL: -1191.1176
2025-10-04 23:32:17,971 - INFO - Training window 221: 2024-05-20 to 2025-05-06
2025-10-04 23:32:17,988 - INFO - Fitting HMM with 3 states on 252 samples
2025-10-04 23:32:17,988 - INFO - Fitting HMM model with 3 states
2025-10-04 23:32:18,171 - INFO - Model fitted. Log-likelihood: -1099.4837
2025-10-04 23:32:18,181 - INFO - Saved model artifact: models\hmm_EUR_USD_3_win252_end20250506.joblib
2025-10-04 23:32:18,182 - INFO - Window 221 complete. Train LL: -1099.4837
2025-10-04 23:32:18,183 - INFO - Training window 222: 2024-06-18 to 2025-06-04
2025-10-04 23:32:18,197 - INFO - Fitting HMM with 3 states on 252 samples
2025-10-04 23:32:18,198 - INFO - Fitting HMM model with 3 states
2025-10-04 23:32:18,290 - INFO - Model fitted. Log-likelihood: -1184.3670
2025-10-04 23:32:18,302 - INFO - Saved model artifact: models\hmm_EUR_USD_3_win252_end20250604.joblib
2025-10-04 23:32:18,302 - INFO - Window 222 complete. Train LL: -1184.3670
2025-10-04 23:32:18,302 - INFO - Training window 223: 2024-07-17 to 2025-07-03
2025-10-04 23:32:18,318 - INFO - Fitting HMM with 3 states on 252 samples
2025-10-04 23:32:18,318 - INFO - Fitting HMM model with 3 states
2025-10-04 23:32:18,400 - INFO - Model fitted. Log-likelihood: -1195.8122
2025-10-04 23:32:18,409 - INFO - Saved model artifact: models\hmm_EUR_USD_3_win252_end20250703.joblib
2025-10-04 23:32:18,410 - INFO - Window 223 complete. Train LL: -1195.8122
2025-10-04 23:32:18,410 - INFO - Training window 224: 2024-08-15 to 2025-08-01
2025-10-04 23:32:18,428 - INFO - Fitting HMM with 3 states on 252 samples
2025-10-04 23:32:18,428 - INFO - Fitting HMM model with 3 states
2025-10-04 23:32:18,540 - INFO - Model fitted. Log-likelihood: -1164.6932
2025-10-04 23:32:18,553 - INFO - Saved model artifact: models\hmm_EUR_USD_3_win252_end20250801.joblib
2025-10-04 23:32:18,553 - INFO - Window 224 complete. Train LL: -1164.6932
2025-10-04 23:32:18,554 - INFO - Training window 225: 2024-09-13 to 2025-09-01
2025-10-04 23:32:18,564 - INFO - Fitting HMM with 3 states on 252 samples
2025-10-04 23:32:18,564 - INFO - Fitting HMM model with 3 states
2025-10-04 23:32:18,629 - INFO - Model fitted. Log-likelihood: -1244.0944
2025-10-04 23:32:18,639 - INFO - Saved model artifact: models\hmm_EUR_USD_3_win252_end20250901.joblib
2025-10-04 23:32:18,640 - INFO - Window 225 complete. Train LL: -1244.0944
2025-10-04 23:32:18,640 - INFO - Insufficient data for window + validation at index 4725, stopping
2025-10-04 23:32:18,644 - INFO - Rolling training complete: 225/225 windows successful
2025-10-04 23:32:20,894 - INFO - Using hmmlearn backend for HMM
2025-10-04 23:32:20,908 - INFO - Loaded model from models\hmm_EUR_USD_3_win252_end20250901.joblib
2025-10-04 23:32:20,908 - INFO - Model: 3 states, trained on 2024-09-13 00:00:00 to 2025-09-01 00:00:00
2025-10-04 23:32:20,964 - INFO - Computing technical features
2025-10-04 23:32:20,979 - INFO - Features computed. Dropped 20 rows with NaN
2025-10-04 23:32:20,979 - INFO - Final feature matrix shape: (4980, 5)
2025-10-04 23:32:23,214 - INFO - Using hmmlearn backend for HMM
2025-10-04 23:32:27,807 - INFO - vectorbt available for advanced backtesting
2025-10-04 23:32:27,810 - INFO - Loaded model from models\hmm_EUR_USD_3_win252_end20250901.joblib
2025-10-04 23:32:27,810 - INFO - Model: 3 states, trained on 2024-09-13 00:00:00 to 2025-09-01 00:00:00
2025-10-04 23:32:27,867 - INFO - Running backtest with Simple Regime Strategy
2025-10-04 23:32:27,868 - INFO - Backtest period: 2006-08-04 00:00:00 to 2025-10-03 00:00:00
2025-10-04 23:32:27,869 - INFO - Computing technical features
2025-10-04 23:32:27,881 - INFO - Features computed. Dropped 20 rows with NaN
2025-10-04 23:32:27,882 - INFO - Final feature matrix shape: (4980, 5)
2025-10-04 23:32:27,919 - INFO - Computing technical features
2025-10-04 23:32:27,929 - INFO - Features computed. Dropped 20 rows with NaN
2025-10-04 23:32:27,930 - INFO - Final feature matrix shape: (4980, 5)
2025-10-04 23:32:28,427 - INFO - Backtest complete. Total return: -9.88%, Sharpe: -11.123
2025-10-04 23:32:28,496 - ERROR - Backtest failed: keys must be str, int, float, bool or None, not Timestamp
2025-10-04 23:32:31,186 - INFO - Using hmmlearn backend for HMM
2025-10-04 23:32:35,510 - INFO - vectorbt available for advanced backtesting
2025-10-04 23:32:35,513 - INFO - Loaded model from models\hmm_EUR_USD_3_win252_end20250901.joblib
2025-10-04 23:32:35,514 - INFO - Model: 3 states, trained on 2024-09-13 00:00:00 to 2025-09-01 00:00:00
2025-10-04 23:32:35,580 - INFO - Running backtest with Momentum Regime Strategy
2025-10-04 23:32:35,581 - INFO - Backtest period: 2006-08-04 00:00:00 to 2025-10-03 00:00:00
2025-10-04 23:32:35,581 - INFO - Computing technical features
2025-10-04 23:32:35,600 - INFO - Features computed. Dropped 20 rows with NaN
2025-10-04 23:32:35,600 - INFO - Final feature matrix shape: (4980, 5)
2025-10-04 23:32:35,643 - INFO - Computing technical features
2025-10-04 23:32:35,658 - INFO - Features computed. Dropped 20 rows with NaN
2025-10-04 23:32:35,659 - INFO - Final feature matrix shape: (4980, 5)
2025-10-04 23:32:36,369 - INFO - Backtest complete. Total return: -62.82%, Sharpe: -11.643
2025-10-04 23:32:36,449 - ERROR - Backtest failed: keys must be str, int, float, bool or None, not Timestamp
2025-10-04 23:32:39,306 - INFO - Using hmmlearn backend for HMM
2025-10-04 23:32:43,319 - INFO - vectorbt available for advanced backtesting
2025-10-04 23:32:43,324 - INFO - Loaded model from models\hmm_EUR_USD_3_win252_end20250901.joblib
2025-10-04 23:32:43,324 - INFO - Model: 3 states, trained on 2024-09-13 00:00:00 to 2025-09-01 00:00:00
2025-10-04 23:32:43,377 - INFO - Running backtest with Adaptive Regime Strategy
2025-10-04 23:32:43,377 - INFO - Backtest period: 2006-08-04 00:00:00 to 2025-10-03 00:00:00
2025-10-04 23:32:43,378 - INFO - Computing technical features
2025-10-04 23:32:43,393 - INFO - Features computed. Dropped 20 rows with NaN
2025-10-04 23:32:43,393 - INFO - Final feature matrix shape: (4980, 5)
2025-10-04 23:32:43,427 - INFO - Computing technical features
2025-10-04 23:32:43,437 - INFO - Features computed. Dropped 20 rows with NaN
2025-10-04 23:32:43,438 - INFO - Final feature matrix shape: (4980, 5)
2025-10-04 23:32:43,991 - INFO - Backtest complete. Total return: -10.38%, Sharpe: -12.264
2025-10-04 23:32:44,060 - ERROR - Backtest failed: keys must be str, int, float, bool or None, not Timestamp
2025-10-05 01:52:41,288 - INFO - Using hmmlearn backend for HMM
2025-10-05 02:02:00,049 - INFO - Computing technical features
2025-10-05 02:02:00,115 - INFO - Features computed. Dropped 20 rows with NaN
2025-10-05 02:02:00,116 - INFO - Final feature matrix shape: (4980, 5)
2025-10-05 02:02:25,583 - INFO - Computing technical features
2025-10-05 02:02:25,610 - INFO - Features computed. Dropped 20 rows with NaN
2025-10-05 02:02:25,612 - INFO - Final feature matrix shape: (4980, 5)
2025-10-05 02:05:39,466 - INFO - Computing technical features
2025-10-05 02:05:39,484 - INFO - Features computed. Dropped 20 rows with NaN
2025-10-05 02:05:39,485 - INFO - Final feature matrix shape: (4980, 5)
